property_key,semantic_key,component_count,coverage_percent,occurrence_count,distinct_value_count,representative_values,value_pattern,firmware_path_related,analysis_source_binary_path_related,package_source_traceability_use,sdk_makefile_traceability
EMBA:sbom:10:confidence,confidence,1,0.17,1,1,'medium',QUOTED_STRING,False,False,"Detector confidence, not source provenance.",Not testable: no exact-version SDK/GPL artifact was available.
EMBA:sbom:10:dependency,dependency,83,14.26,83,43,'libubus20210630' | 'liblog' | 'netifd' | 'libuci20130104' | 'libubox20240329',QUOTED_STRING,False,False,Provides installed-package dependency evidence; source linkage is indirect.,Not testable: no exact-version SDK/GPL artifact was available.
EMBA:sbom:11:dependency,dependency,62,10.65,62,33,'libuci-lua' | 'libpthread' | 'openwrt-keyring' | 'ubox' | 'libubus20210630',QUOTED_STRING,False,False,Provides installed-package dependency evidence; source linkage is indirect.,Not testable: no exact-version SDK/GPL artifact was available.
EMBA:sbom:12:dependency,dependency,48,8.25,48,28,'lrexlib' | 'libtlt_uci' | 'usign' | 'libuci20130104' | 'libmdcollect',QUOTED_STRING,False,False,Provides installed-package dependency evidence; source linkage is indirect.,Not testable: no exact-version SDK/GPL artifact was available.
EMBA:sbom:13:dependency,dependency,37,6.36,37,25,'lsqlite3' | 'libubus20210630' | 'libmnfinfo' | 'libmctl' | 'libmnl0',QUOTED_STRING,False,False,Provides installed-package dependency evidence; source linkage is indirect.,Not testable: no exact-version SDK/GPL artifact was available.
EMBA:sbom:14:dependency,dependency,31,5.33,31,18,'lua' | 'libuci20130104' | 'libmosquitto' | 'libnetfilter-conntrack3' | 'libsqlite3-0',QUOTED_STRING,False,False,Provides installed-package dependency evidence; source linkage is indirect.,Not testable: no exact-version SDK/GPL artifact was available.
EMBA:sbom:15:dependency,dependency,25,4.3,25,16,'lua_crypto' | 'zlib' | 'libsqlite3-0' | 'libparam' | 'libubox20240329',QUOTED_STRING,False,False,Provides installed-package dependency evidence; source linkage is indirect.,Not testable: no exact-version SDK/GPL artifact was available.
EMBA:sbom:16:dependency,dependency,19,3.26,19,10,'lua_extra_validators' | 'libtlt-logger' | 'libubus20210630' | 'libtlt_uci' | 'libuci20130104',QUOTED_STRING,False,False,Provides installed-package dependency evidence; source linkage is indirect.,Not testable: no exact-version SDK/GPL artifact was available.
EMBA:sbom:17:dependency,dependency,17,2.92,17,10,'luasec' | 'libubox20240329' | 'libtlt_smtp' | 'libuci20130104' | 'libubus20210630',QUOTED_STRING,False,False,Provides installed-package dependency evidence; source linkage is indirect.,Not testable: no exact-version SDK/GPL artifact was available.
EMBA:sbom:18:dependency,dependency,13,2.23,13,11,'luasocket' | 'libubus20210630' | 'libtlt_uci' | 'libxtables12' | 'libuci20130104',QUOTED_STRING,False,False,Provides installed-package dependency evidence; source linkage is indirect.,Not testable: no exact-version SDK/GPL artifact was available.
EMBA:sbom:19:dependency,dependency,10,1.72,10,9,'luci-lib-ip' | 'libuci20130104' | 'libubox20240329' | 'liburc' | 'libtlt-logger',QUOTED_STRING,False,False,Provides installed-package dependency evidence; source linkage is indirect.,Not testable: no exact-version SDK/GPL artifact was available.
EMBA:sbom:20:dependency,dependency,7,1.2,7,7,'luci-lib-jsonc' | 'libubus20210630' | 'zlib' | 'libtlt_uci' | 'lsqlite3',QUOTED_STRING,False,False,Provides installed-package dependency evidence; source linkage is indirect.,Not testable: no exact-version SDK/GPL artifact was available.
EMBA:sbom:21:dependency,dependency,6,1.03,6,6,'luci-lib-nixio' | 'libuci20130104' | 'libubox20240329' | 'vuci-app-pcom-ui' | 'strongswan-mod-pubkey',QUOTED_STRING,False,False,Provides installed-package dependency evidence; source linkage is indirect.,Not testable: no exact-version SDK/GPL artifact was available.
EMBA:sbom:22:dependency,dependency,4,0.69,4,4,'rpcd' | 'liburc' | 'libubus20210630' | 'strongswan-mod-random',QUOTED_STRING,False,False,Provides installed-package dependency evidence; source linkage is indirect.,Not testable: no exact-version SDK/GPL artifact was available.
EMBA:sbom:23:dependency,dependency,3,0.52,3,3,'rpcd-mod-file' | 'libuci20130104' | 'strongswan-mod-revocation',QUOTED_STRING,False,False,Provides installed-package dependency evidence; source linkage is indirect.,Not testable: no exact-version SDK/GPL artifact was available.
EMBA:sbom:24:dependency,dependency,3,0.52,3,3,'rpcd-mod-iwinfo' | 'mobutils' | 'strongswan-mod-sha1',QUOTED_STRING,False,False,Provides installed-package dependency evidence; source linkage is indirect.,Not testable: no exact-version SDK/GPL artifact was available.
EMBA:sbom:25:dependency,dependency,2,0.34,2,2,'rpcd-mod-mnfinfo' | 'strongswan-mod-socket-default',QUOTED_STRING,False,False,Provides installed-package dependency evidence; source linkage is indirect.,Not testable: no exact-version SDK/GPL artifact was available.
EMBA:sbom:26:dependency,dependency,2,0.34,2,2,'rpcd-mod-rpcsys' | 'strongswan-mod-updown',QUOTED_STRING,False,False,Provides installed-package dependency evidence; source linkage is indirect.,Not testable: no exact-version SDK/GPL artifact was available.
EMBA:sbom:27:dependency,dependency,2,0.34,2,2,'rpcd-mod-rrdns' | 'strongswan-mod-vici',QUOTED_STRING,False,False,Provides installed-package dependency evidence; source linkage is indirect.,Not testable: no exact-version SDK/GPL artifact was available.
EMBA:sbom:28:dependency,dependency,2,0.34,2,2,'uhttpd' | 'strongswan-mod-x509',QUOTED_STRING,False,False,Provides installed-package dependency evidence; source linkage is indirect.,Not testable: no exact-version SDK/GPL artifact was available.
EMBA:sbom:29:dependency,dependency,2,0.34,2,2,'uhttpd-mod-lua' | 'strongswan-mod-xauth-generic',QUOTED_STRING,False,False,Provides installed-package dependency evidence; source linkage is indirect.,Not testable: no exact-version SDK/GPL artifact was available.
EMBA:sbom:2:minimal_identifier,minimal_identifier,575,98.8,575,575,'\::api-core:1' | '\::apn_db:7.13.0.2' | '\::avl:2025-04-29-2' | '\::base-files:2606-r16279-5cc0535800' | '\::block-mount:2022-05-03-9e11b372-28',QUOTED_STRING,False,False,Repeats detector identity and version.,Not testable: no exact-version SDK/GPL artifact was available.
EMBA:sbom:2:source_arch,source_arch,7,1.2,7,3,'data' | 'MIPS' | 'setgid ELF 32-bit LSB executable',QUOTED_STRING,False,True,Binary architecture evidence.,Not testable: no exact-version SDK/GPL artifact was available.
EMBA:sbom:30:dependency,dependency,2,0.34,2,2,'uhttpd-mod-ubus' | 'strongswan-mod-xcbc',QUOTED_STRING,False,False,Provides installed-package dependency evidence; source linkage is indirect.,Not testable: no exact-version SDK/GPL artifact was available.
EMBA:sbom:31:dependency,dependency,1,0.17,1,1,'strongswan-swanctl',QUOTED_STRING,False,False,Provides installed-package dependency evidence; source linkage is indirect.,Not testable: no exact-version SDK/GPL artifact was available.
EMBA:sbom:3:identifer_detected,identifer_detected,1,0.17,1,1,'OpenWrt 21.02.0 r16279-5cc0535800',QUOTED_STRING,False,True,Binary/distribution version-string evidence.,Not testable: no exact-version SDK/GPL artifact was available.
EMBA:sbom:3:source_details,source_details,6,1.03,6,4,"'data' | 'ELF 32-bit LSB executable, MIPS, MIPS32 rel2 version 1 (SYSV), dynamically linked, interpreter /lib/ld-musl-mipsel-sf.so.1, no section header' | 'setuid, setgid ELF 32-bit LSB executable, MIPS, MIPS32 rel2 version 1 (SYSV), dynamically linked, interpreter /lib/ld-musl-mipsel-sf.so.1, no section header' | 'ELF 32-bit LSB shared object, MIPS, MIPS32 rel2 version 1 (SYSV), dynamically linked, no section header'",MIXED_STRING,False,True,Binary format evidence.,Not testable: no exact-version SDK/GPL artifact was available.
EMBA:sbom:3:vendor_name,vendor_name,575,98.8,575,575,'api-core' | 'apn_db' | 'avl' | 'base-files' | 'block-mount',QUOTED_STRING,False,False,Detector identity hint only.,Not testable: no exact-version SDK/GPL artifact was available.
EMBA:sbom:4:identifer_detected,identifer_detected,6,1.03,6,6,'Linux version 5.15.176 ' | '2.4.9' | 'GNU sed version 4.0' | '3.41.2' | 'udhcp 1.34.1',QUOTED_STRING,False,True,Binary/distribution version-string evidence.,Not testable: no exact-version SDK/GPL artifact was available.
EMBA:sbom:4:minimal_identifier,minimal_identifier,1,0.17,1,1,'\:openwrt:openwrt:21.02.0:r16279-5cc0535800',QUOTED_STRING,False,False,Repeats detector identity and version.,Not testable: no exact-version SDK/GPL artifact was available.
EMBA:sbom:4:product_name,product_name,575,98.8,575,575,'api-core' | 'apn_db' | 'avl' | 'base-files' | 'block-mount',QUOTED_STRING,False,False,Detector identity hint only.,Not testable: no exact-version SDK/GPL artifact was available.
EMBA:sbom:5:confidence,confidence,575,98.8,575,1,'high',QUOTED_STRING,False,False,"Detector confidence, not source provenance.",Not testable: no exact-version SDK/GPL artifact was available.
EMBA:sbom:5:minimal_identifier,minimal_identifier,6,1.03,6,6,'\:linux:linux_kernel:5.15.176' | '\:point-to-point_protocol_project:point-to-point_protocol:2.4.9' | '\:gnu:sed:4.0' | '\:sqlite:sqlite:3.41.2' | '\::udhcp:1.34.1',QUOTED_STRING,False,False,Repeats detector identity and version.,Not testable: no exact-version SDK/GPL artifact was available.
EMBA:sbom:5:vendor_name,vendor_name,1,0.17,1,1,'openwrt',QUOTED_STRING,False,False,Detector identity hint only.,Not testable: no exact-version SDK/GPL artifact was available.
EMBA:sbom:6:confidence,confidence,1,0.17,1,1,'medium',QUOTED_STRING,False,False,"Detector confidence, not source provenance.",Not testable: no exact-version SDK/GPL artifact was available.
EMBA:sbom:6:dependency,dependency,572,98.28,572,62,'libc' | 'iomand1.0' | 'fstools' | 'libblobmsg-json20240329' | 'jsonfilter',MIXED_STRING,False,False,Provides installed-package dependency evidence; source linkage is indirect.,Not testable: no exact-version SDK/GPL artifact was available.
EMBA:sbom:6:product_name,product_name,6,1.03,6,6,'linux_kernel' | 'point-to-point_protocol' | 'sed' | 'sqlite' | 'udhcp',QUOTED_STRING,False,False,Detector identity hint only.,Not testable: no exact-version SDK/GPL artifact was available.
EMBA:sbom:7:dependency,dependency,490,84.19,490,181,'liblua5.1.5' | 'libc' | 'fwtool' | 'libcurl4' | 'libblobmsg-json20240329',MIXED_STRING,False,False,Provides installed-package dependency evidence; source linkage is indirect.,Not testable: no exact-version SDK/GPL artifact was available.
EMBA:sbom:7:product_name,product_name,1,0.17,1,1,'udhcp-client',QUOTED_STRING,False,False,Detector identity hint only.,Not testable: no exact-version SDK/GPL artifact was available.
EMBA:sbom:7:vendor_name,vendor_name,5,0.86,5,5,'linux' | 'point-to-point_protocol_project' | 'gnu' | 'sqlite' | 'w1.fi',QUOTED_STRING,False,False,Detector identity hint only.,Not testable: no exact-version SDK/GPL artifact was available.
EMBA:sbom:8:confidence,confidence,4,0.69,4,1,'medium',QUOTED_STRING,False,False,"Detector confidence, not source provenance.",Not testable: no exact-version SDK/GPL artifact was available.
EMBA:sbom:8:dependency,dependency,297,51.03,297,120,'libubox-lua' | 'libgps' | 'jsonfilter' | 'libjson-c5' | 'liblog',MIXED_STRING,False,False,Provides installed-package dependency evidence; source linkage is indirect.,Not testable: no exact-version SDK/GPL artifact was available.
EMBA:sbom:8:product_name,product_name,1,0.17,1,1,'udhcpc',QUOTED_STRING,False,False,Detector identity hint only.,Not testable: no exact-version SDK/GPL artifact was available.
EMBA:sbom:8:vendor_name,vendor_name,1,0.17,1,1,'wpa_supplicant',QUOTED_STRING,False,False,Detector identity hint only.,Not testable: no exact-version SDK/GPL artifact was available.
EMBA:sbom:9:confidence,confidence,1,0.17,1,1,'medium',QUOTED_STRING,False,False,"Detector confidence, not source provenance.",Not testable: no exact-version SDK/GPL artifact was available.
EMBA:sbom:9:dependency,dependency,128,21.99,128,71,'libubus-lua' | 'libgsm1.0' | 'libc' | 'libubox20240329' | 'libnetifd',QUOTED_STRING,False,False,Provides installed-package dependency evidence; source linkage is indirect.,Not testable: no exact-version SDK/GPL artifact was available.
EMBA:sbom:location:100:path,path,4,0.69,4,4,'/usr/lib/lua/api/BasicService.lua' | '/etc/init.d/boot' | '/usr/bin/microcom' | '/etc/uci-defaults/7.11/99_logger_file_change',ABSOLUTE_PATH,True,False,"Lists installed firmware files; useful for role evidence, not a source Makefile path.",Not testable: no exact-version SDK/GPL artifact was available.
EMBA:sbom:location:101:path,path,4,0.69,4,4,'/www/cgi-bin/sentry' | '/lib/config.d/010-generate-board-json' | '/bin/usleep' | '/etc/uci-defaults/7.10/04_dropbear_enable',ABSOLUTE_PATH,True,False,"Lists installed firmware files; useful for role evidence, not a source Makefile path.",Not testable: no exact-version SDK/GPL artifact was available.
EMBA:sbom:location:102:path,path,4,0.69,4,4,'/usr/lib/lua/vuci/interfaces_lib.lua' | '/lib/functions/preinit.sh' | '/usr/sbin/brctl' | '/etc/uci-defaults/7.11/99_migrate_ip_block_db',ABSOLUTE_PATH,True,False,"Lists installed firmware files; useful for role evidence, not a source Makefile path.",Not testable: no exact-version SDK/GPL artifact was available.
EMBA:sbom:location:103:path,path,4,0.69,4,4,'/usr/lib/lua/vuci/network_lib.lua' | '/bin/loop' | '/bin/cat' | '/etc/uci-defaults/7.6/99-ntpclient-named-ntpserver-sections',ABSOLUTE_PATH,True,False,"Lists installed firmware files; useful for role evidence, not a source Makefile path.",Not testable: no exact-version SDK/GPL artifact was available.
EMBA:sbom:location:104:path,path,4,0.69,4,4,'/usr/lib/lua/vuci/board.lua' | '/lib/preinit/83_eventslog_partition' | '/usr/sbin/arping' | '/etc/uci-defaults/7.5/102_network_stp',ABSOLUTE_PATH,True,False,"Lists installed firmware files; useful for role evidence, not a source Makefile path.",Not testable: no exact-version SDK/GPL artifact was available.
EMBA:sbom:location:105:path,path,4,0.69,4,4,'/etc/config/vuci' | '/etc/config/macchina' | '/etc/init.d/ntpserver' | '/etc/uci-defaults/7.13/98_events_reporting_log_msg',ABSOLUTE_PATH,True,False,"Lists installed firmware files; useful for role evidence, not a source Makefile path.",Not testable: no exact-version SDK/GPL artifact was available.
EMBA:sbom:location:106:path,path,3,0.52,3,3,'/usr/lib/lua/vuci/package_checker.lua' | '/bin/passwd' | '/etc/uci-defaults/old/16_gps',ABSOLUTE_PATH,True,False,"Lists installed firmware files; useful for role evidence, not a source Makefile path.",Not testable: no exact-version SDK/GPL artifact was available.
EMBA:sbom:location:107:path,path,3,0.52,3,3,'/usr/lib/lua/api/api_utils.lua' | '/sbin/getty' | '/etc/uci-defaults/7.5/99_package_restore',ABSOLUTE_PATH,True,False,"Lists installed firmware files; useful for role evidence, not a source Makefile path.",Not testable: no exact-version SDK/GPL artifact was available.
EMBA:sbom:location:108:path,path,2,0.34,2,2,'/bin/touch' | '/etc/uci-defaults/7.7/01_add_reboot_flag',ABSOLUTE_PATH,True,False,"Lists installed firmware files; useful for role evidence, not a source Makefile path.",Not testable: no exact-version SDK/GPL artifact was available.
EMBA:sbom:location:109:path,path,2,0.34,2,2,'/bin/tar' | '/etc/uci-defaults/7.6/99_legacy_broken_rpcd_reset',ABSOLUTE_PATH,True,False,"Lists installed firmware files; useful for role evidence, not a source Makefile path.",Not testable: no exact-version SDK/GPL artifact was available.
EMBA:sbom:location:10:path,path,138,23.71,138,138,'/usr/share/acl.d/ds_mdcollect.json' | '/etc/init.d/ddns' | '/usr/sbin/dhcpinfo.sh' | '/lib/preinit/99_10_failsafe_dropbear' | '/usr/sbin/mkfs.ext3',ABSOLUTE_PATH,True,False,"Lists installed firmware files; useful for role evidence, not a source Makefile path.",Not testable: no exact-version SDK/GPL artifact was available.
EMBA:sbom:location:110:path,path,2,0.34,2,2,'/usr/sbin/partprobe' | '/etc/uci-defaults/7.10/02_ipsec_firewall_rule_duplicates',ABSOLUTE_PATH,True,False,"Lists installed firmware files; useful for role evidence, not a source Makefile path.",Not testable: no exact-version SDK/GPL artifact was available.
EMBA:sbom:location:111:path,path,2,0.34,2,2,'/usr/bin/lsusb' | '/etc/uci-defaults/7.7/2-modbus-server-add-mobile-data-type',ABSOLUTE_PATH,True,False,"Lists installed firmware files; useful for role evidence, not a source Makefile path.",Not testable: no exact-version SDK/GPL artifact was available.
EMBA:sbom:location:112:path,path,2,0.34,2,2,'/usr/bin/yes' | '/etc/uci-defaults/old/36_cumulocity_migration',ABSOLUTE_PATH,True,False,"Lists installed firmware files; useful for role evidence, not a source Makefile path.",Not testable: no exact-version SDK/GPL artifact was available.
EMBA:sbom:location:113:path,path,2,0.34,2,2,'/usr/bin/top' | '/etc/uci-defaults/old/17_WAN_access_to_services',ABSOLUTE_PATH,True,False,"Lists installed firmware files; useful for role evidence, not a source Makefile path.",Not testable: no exact-version SDK/GPL artifact was available.
EMBA:sbom:location:114:path,path,2,0.34,2,2,'/sbin/fdisk' | '/etc/uci-defaults/etc/14-suid',ABSOLUTE_PATH,True,False,"Lists installed firmware files; useful for role evidence, not a source Makefile path.",Not testable: no exact-version SDK/GPL artifact was available.
EMBA:sbom:location:115:path,path,2,0.34,2,2,'/sbin/switch_root' | '/etc/uci-defaults/old/20_openvpn_nord_ip',ABSOLUTE_PATH,True,False,"Lists installed firmware files; useful for role evidence, not a source Makefile path.",Not testable: no exact-version SDK/GPL artifact was available.
EMBA:sbom:location:116:path,path,2,0.34,2,2,'/usr/bin/expr' | '/etc/uci-defaults/old/22_migrate_rs_ip_filters',ABSOLUTE_PATH,True,False,"Lists installed firmware files; useful for role evidence, not a source Makefile path.",Not testable: no exact-version SDK/GPL artifact was available.
EMBA:sbom:location:117:path,path,2,0.34,2,2,'/usr/bin/env' | '/etc/uci-defaults/7.6/99-rename-wifi-scanner-acl',ABSOLUTE_PATH,True,False,"Lists installed firmware files; useful for role evidence, not a source Makefile path.",Not testable: no exact-version SDK/GPL artifact was available.
EMBA:sbom:location:118:path,path,2,0.34,2,2,'/sbin/sysctl' | '/etc/uci-defaults/old/99_dnp3',ABSOLUTE_PATH,True,False,"Lists installed firmware files; useful for role evidence, not a source Makefile path.",Not testable: no exact-version SDK/GPL artifact was available.
EMBA:sbom:location:119:path,path,2,0.34,2,2,'/bin/sed' | '/etc/uci-defaults/old/28_sms_gateway',ABSOLUTE_PATH,True,False,"Lists installed firmware files; useful for role evidence, not a source Makefile path.",Not testable: no exact-version SDK/GPL artifact was available.
EMBA:sbom:location:11:path,path,100,17.18,100,100,'/etc/hotplug.d/iface/95-ddns' | '/etc/config/dfota' | '/usr/share/dnsmasq/rfc6761.conf' | '/usr/bin/dbclient' | '/usr/sbin/mkfs.ext4',ABSOLUTE_PATH,True,False,"Lists installed firmware files; useful for role evidence, not a source Makefile path.",Not testable: no exact-version SDK/GPL artifact was available.
EMBA:sbom:location:120:path,path,2,0.34,2,2,'/usr/bin/logger' | '/etc/uci-defaults/7.13/99_openvpn_fix_options',ABSOLUTE_PATH,True,False,"Lists installed firmware files; useful for role evidence, not a source Makefile path.",Not testable: no exact-version SDK/GPL artifact was available.
EMBA:sbom:location:121:path,path,2,0.34,2,2,'/usr/sbin/sendmail' | '/etc/uci-defaults/old/99_call_utils-mobutils',ABSOLUTE_PATH,True,False,"Lists installed firmware files; useful for role evidence, not a source Makefile path.",Not testable: no exact-version SDK/GPL artifact was available.
EMBA:sbom:location:122:path,path,2,0.34,2,2,'/bin/chmod' | '/etc/uci-defaults/7.13/99_wireless_2ghz_add_chanlist',ABSOLUTE_PATH,True,False,"Lists installed firmware files; useful for role evidence, not a source Makefile path.",Not testable: no exact-version SDK/GPL artifact was available.
EMBA:sbom:location:123:path,path,2,0.34,2,2,'/usr/bin/awk' | '/etc/uci-defaults/old/99_zerotier',ABSOLUTE_PATH,True,False,"Lists installed firmware files; useful for role evidence, not a source Makefile path.",Not testable: no exact-version SDK/GPL artifact was available.
EMBA:sbom:location:124:path,path,2,0.34,2,2,'/bin/uname' | '/etc/uci-defaults/old/18_openvpn',ABSOLUTE_PATH,True,False,"Lists installed firmware files; useful for role evidence, not a source Makefile path.",Not testable: no exact-version SDK/GPL artifact was available.
EMBA:sbom:location:125:path,path,2,0.34,2,2,'/usr/bin/which' | '/etc/uci-defaults/old/51_events_reporting',ABSOLUTE_PATH,True,False,"Lists installed firmware files; useful for role evidence, not a source Makefile path.",Not testable: no exact-version SDK/GPL artifact was available.
EMBA:sbom:location:126:path,path,2,0.34,2,2,'/lib/upgrade/keep.d/busybox' | '/etc/uci-defaults/old/20_migrate_rs_settings',ABSOLUTE_PATH,True,False,"Lists installed firmware files; useful for role evidence, not a source Makefile path.",Not testable: no exact-version SDK/GPL artifact was available.
EMBA:sbom:location:127:path,path,2,0.34,2,2,'/usr/bin/find' | '/etc/uci-defaults/old/51_rpcd',ABSOLUTE_PATH,True,False,"Lists installed firmware files; useful for role evidence, not a source Makefile path.",Not testable: no exact-version SDK/GPL artifact was available.
EMBA:sbom:location:128:path,path,2,0.34,2,2,'/bin/pwage' | '/etc/uci-defaults/old/66_crypto_proposal_fix',ABSOLUTE_PATH,True,False,"Lists installed firmware files; useful for role evidence, not a source Makefile path.",Not testable: no exact-version SDK/GPL artifact was available.
EMBA:sbom:location:129:path,path,2,0.34,2,2,'/bin/ln' | '/etc/uci-defaults/old/50_dhcp',ABSOLUTE_PATH,True,False,"Lists installed firmware files; useful for role evidence, not a source Makefile path.",Not testable: no exact-version SDK/GPL artifact was available.
EMBA:sbom:location:12:path,path,72,12.37,72,72,'/etc/hotplug.d/block/00-media-change' | '/etc/config/ddns' | '/usr/sbin/dfota' | '/usr/lib/dnsmasq/dhcp-script.sh' | '/etc/dropbear/dropbear_ed25519_host_key',ABSOLUTE_PATH,True,False,"Lists installed firmware files; useful for role evidence, not a source Makefile path.",Not testable: no exact-version SDK/GPL artifact was available.
EMBA:sbom:location:130:path,path,2,0.34,2,2,'/bin/ls' | '/etc/uci-defaults/7.5/16_gps_accuracy_option',ABSOLUTE_PATH,True,False,"Lists installed firmware files; useful for role evidence, not a source Makefile path.",Not testable: no exact-version SDK/GPL artifact was available.
EMBA:sbom:location:131:path,path,2,0.34,2,2,'/sbin/pivot_root' | '/etc/uci-defaults/7.6/1-remove-hwinfo-conf',ABSOLUTE_PATH,True,False,"Lists installed firmware files; useful for role evidence, not a source Makefile path.",Not testable: no exact-version SDK/GPL artifact was available.
EMBA:sbom:location:132:path,path,2,0.34,2,2,'/etc/config/password_policy' | '/etc/uci-defaults/old/85_quota_limit',ABSOLUTE_PATH,True,False,"Lists installed firmware files; useful for role evidence, not a source Makefile path.",Not testable: no exact-version SDK/GPL artifact was available.
EMBA:sbom:location:133:path,path,2,0.34,2,2,'/usr/bin/cut' | '/etc/uci-defaults/old/99_firewall_index',ABSOLUTE_PATH,True,False,"Lists installed firmware files; useful for role evidence, not a source Makefile path.",Not testable: no exact-version SDK/GPL artifact was available.
EMBA:sbom:location:134:path,path,2,0.34,2,2,'/usr/bin/du' | '/etc/uci-defaults/etc/67_firewall',ABSOLUTE_PATH,True,False,"Lists installed firmware files; useful for role evidence, not a source Makefile path.",Not testable: no exact-version SDK/GPL artifact was available.
EMBA:sbom:location:135:path,path,2,0.34,2,2,'/bin/mv' | '/etc/uci-defaults/7.11/99_banner_configuration',ABSOLUTE_PATH,True,False,"Lists installed firmware files; useful for role evidence, not a source Makefile path.",Not testable: no exact-version SDK/GPL artifact was available.
EMBA:sbom:location:136:path,path,2,0.34,2,2,'/usr/bin/crontab' | '/etc/uci-defaults/old/81_wifi-scanner',ABSOLUTE_PATH,True,False,"Lists installed firmware files; useful for role evidence, not a source Makefile path.",Not testable: no exact-version SDK/GPL artifact was available.
EMBA:sbom:location:137:path,path,2,0.34,2,2,'/usr/bin/printf' | '/etc/uci-defaults/7.5/99_package_restore-rut2',ABSOLUTE_PATH,True,False,"Lists installed firmware files; useful for role evidence, not a source Makefile path.",Not testable: no exact-version SDK/GPL artifact was available.
EMBA:sbom:location:138:path,path,2,0.34,2,2,'/bin/ping' | '/etc/uci-defaults/7.7/99_uhttpd_timeout_increase',ABSOLUTE_PATH,True,False,"Lists installed firmware files; useful for role evidence, not a source Makefile path.",Not testable: no exact-version SDK/GPL artifact was available.
EMBA:sbom:location:139:path,path,2,0.34,2,2,'/usr/bin/timeout' | '/etc/uci-defaults/7.13/99_restore_email_to_sms',ABSOLUTE_PATH,True,False,"Lists installed firmware files; useful for role evidence, not a source Makefile path.",Not testable: no exact-version SDK/GPL artifact was available.
EMBA:sbom:location:13:path,path,65,11.17,65,65,'/etc/opkg/openwrt/distfeeds.conf' | '/usr/sbin/swapon' | '/bin/dmesg' | '/usr/share/acl.d/ddns.json' | '/etc/init.d/dfota',ABSOLUTE_PATH,True,False,"Lists installed firmware files; useful for role evidence, not a source Makefile path.",Not testable: no exact-version SDK/GPL artifact was available.
EMBA:sbom:location:140:path,path,2,0.34,2,2,'/usr/bin/bunzip2' | '/etc/uci-defaults/old/36_mwan3_condition_fix',ABSOLUTE_PATH,True,False,"Lists installed firmware files; useful for role evidence, not a source Makefile path.",Not testable: no exact-version SDK/GPL artifact was available.
EMBA:sbom:location:141:path,path,2,0.34,2,2,'/usr/sbin/chpasswd' | '/etc/uci-defaults/7.12/99_restore_post_get',ABSOLUTE_PATH,True,False,"Lists installed firmware files; useful for role evidence, not a source Makefile path.",Not testable: no exact-version SDK/GPL artifact was available.
EMBA:sbom:location:142:path,path,2,0.34,2,2,'/usr/bin/uptime' | '/etc/uci-defaults/old/99_profiles-profiler',ABSOLUTE_PATH,True,False,"Lists installed firmware files; useful for role evidence, not a source Makefile path.",Not testable: no exact-version SDK/GPL artifact was available.
EMBA:sbom:location:143:path,path,2,0.34,2,2,'/bin/fsync' | '/etc/uci-defaults/7.9/01_uhttpd_migrate_rfc1918',ABSOLUTE_PATH,True,False,"Lists installed firmware files; useful for role evidence, not a source Makefile path.",Not testable: no exact-version SDK/GPL artifact was available.
EMBA:sbom:location:144:path,path,2,0.34,2,2,'/usr/sbin/deluser' | '/etc/uci-defaults/etc/10_shadow',ABSOLUTE_PATH,True,False,"Lists installed firmware files; useful for role evidence, not a source Makefile path.",Not testable: no exact-version SDK/GPL artifact was available.
EMBA:sbom:location:145:path,path,2,0.34,2,2,'/bin/pidof' | '/etc/uci-defaults/old/99_firewall-2',ABSOLUTE_PATH,True,False,"Lists installed firmware files; useful for role evidence, not a source Makefile path.",Not testable: no exact-version SDK/GPL artifact was available.
EMBA:sbom:location:146:path,path,2,0.34,2,2,'/bin/egrep' | '/etc/uci-defaults/7.7/99-add_hdop_to_tavl',ABSOLUTE_PATH,True,False,"Lists installed firmware files; useful for role evidence, not a source Makefile path.",Not testable: no exact-version SDK/GPL artifact was available.
EMBA:sbom:location:147:path,path,2,0.34,2,2,'/usr/bin/readlink' | '/etc/uci-defaults/7.5/99_network_to_dsa',ABSOLUTE_PATH,True,False,"Lists installed firmware files; useful for role evidence, not a source Makefile path.",Not testable: no exact-version SDK/GPL artifact was available.
EMBA:sbom:location:148:path,path,2,0.34,2,2,'/usr/bin/strings' | '/etc/uci-defaults/7.7/99_restore_packages',ABSOLUTE_PATH,True,False,"Lists installed firmware files; useful for role evidence, not a source Makefile path.",Not testable: no exact-version SDK/GPL artifact was available.
EMBA:sbom:location:149:path,path,2,0.34,2,2,'/bin/ps' | '/etc/uci-defaults/7.8/99_hotspot_directory_migrate',ABSOLUTE_PATH,True,False,"Lists installed firmware files; useful for role evidence, not a source Makefile path.",Not testable: no exact-version SDK/GPL artifact was available.
EMBA:sbom:location:14:path,path,59,10.14,59,59,'/etc/proprietary_keys/780b53e9434e73a6' | '/lib/libblkid-tiny.so' | '/usr/bin/id' | '/usr/lib/ddns/dynamic_dns_functions.sh' | '/etc/config/dhcp',ABSOLUTE_PATH,True,False,"Lists installed firmware files; useful for role evidence, not a source Makefile path.",Not testable: no exact-version SDK/GPL artifact was available.
EMBA:sbom:location:150:path,path,2,0.34,2,2,'/usr/bin/xargs' | '/etc/uci-defaults/old/31_periodic_reboot',ABSOLUTE_PATH,True,False,"Lists installed firmware files; useful for role evidence, not a source Makefile path.",Not testable: no exact-version SDK/GPL artifact was available.
EMBA:sbom:location:151:path,path,2,0.34,2,2,'/bin/gzip' | '/etc/uci-defaults/old/95_ipsec',ABSOLUTE_PATH,True,False,"Lists installed firmware files; useful for role evidence, not a source Makefile path.",Not testable: no exact-version SDK/GPL artifact was available.
EMBA:sbom:location:152:path,path,1,0.17,1,1,'/etc/uci-defaults/old/99_samba-browseable',ABSOLUTE_PATH,True,False,"Lists installed firmware files; useful for role evidence, not a source Makefile path.",Not testable: no exact-version SDK/GPL artifact was available.
EMBA:sbom:location:153:path,path,1,0.17,1,1,'/etc/uci-defaults/old/99_sms_utils-mobutils_2',ABSOLUTE_PATH,True,False,"Lists installed firmware files; useful for role evidence, not a source Makefile path.",Not testable: no exact-version SDK/GPL artifact was available.
EMBA:sbom:location:154:path,path,1,0.17,1,1,'/etc/uci-defaults/7.11/99_ipsec_firewall_rules',ABSOLUTE_PATH,True,False,"Lists installed firmware files; useful for role evidence, not a source Makefile path.",Not testable: no exact-version SDK/GPL artifact was available.
EMBA:sbom:location:155:path,path,1,0.17,1,1,'/etc/uci-defaults/old/99_io_post_get',ABSOLUTE_PATH,True,False,"Lists installed firmware files; useful for role evidence, not a source Makefile path.",Not testable: no exact-version SDK/GPL artifact was available.
EMBA:sbom:location:156:path,path,1,0.17,1,1,'/etc/uci-defaults/old/99_sms_gateway-mobutils',ABSOLUTE_PATH,True,False,"Lists installed firmware files; useful for role evidence, not a source Makefile path.",Not testable: no exact-version SDK/GPL artifact was available.
EMBA:sbom:location:157:path,path,1,0.17,1,1,'/etc/uci-defaults/7.5/99_modbus_add_main_section',ABSOLUTE_PATH,True,False,"Lists installed firmware files; useful for role evidence, not a source Makefile path.",Not testable: no exact-version SDK/GPL artifact was available.
EMBA:sbom:location:158:path,path,1,0.17,1,1,'/etc/uci-defaults/7.7/99-modbus_bring_back_enabled_buttons',ABSOLUTE_PATH,True,False,"Lists installed firmware files; useful for role evidence, not a source Makefile path.",Not testable: no exact-version SDK/GPL artifact was available.
EMBA:sbom:location:159:path,path,1,0.17,1,1,'/etc/uci-defaults/old/83_etherwake',ABSOLUTE_PATH,True,False,"Lists installed firmware files; useful for role evidence, not a source Makefile path.",Not testable: no exact-version SDK/GPL artifact was available.
EMBA:sbom:location:15:path,path,48,8.25,48,48,'/etc/openwrt_version' | '/etc/uci-defaults/etc/10_fstab-fstools' | '/bin/login' | '/usr/lib/ddns/dynamic_dns_lucihelper.sh' | '/etc/hotplug.d/ntp/25-dnsmasqsec',ABSOLUTE_PATH,True,False,"Lists installed firmware files; useful for role evidence, not a source Makefile path.",Not testable: no exact-version SDK/GPL artifact was available.
EMBA:sbom:location:160:path,path,1,0.17,1,1,'/etc/uci-defaults/7.9/99_openvpn_firewall_zone_fix',ABSOLUTE_PATH,True,False,"Lists installed firmware files; useful for role evidence, not a source Makefile path.",Not testable: no exact-version SDK/GPL artifact was available.
EMBA:sbom:location:161:path,path,1,0.17,1,1,'/etc/uci-defaults/7.11/99_openvpn_refactorization',ABSOLUTE_PATH,True,False,"Lists installed firmware files; useful for role evidence, not a source Makefile path.",Not testable: no exact-version SDK/GPL artifact was available.
EMBA:sbom:location:162:path,path,1,0.17,1,1,'/etc/uci-defaults/old/95_ipsec_make_before_break',ABSOLUTE_PATH,True,False,"Lists installed firmware files; useful for role evidence, not a source Makefile path.",Not testable: no exact-version SDK/GPL artifact was available.
EMBA:sbom:location:163:path,path,1,0.17,1,1,'/etc/uci-defaults/7.11/99_etherwake_pathslist_update',ABSOLUTE_PATH,True,False,"Lists installed firmware files; useful for role evidence, not a source Makefile path.",Not testable: no exact-version SDK/GPL artifact was available.
EMBA:sbom:location:164:path,path,1,0.17,1,1,'/etc/uci-defaults/7.5/98_remove_master_slave_naming',ABSOLUTE_PATH,True,False,"Lists installed firmware files; useful for role evidence, not a source Makefile path.",Not testable: no exact-version SDK/GPL artifact was available.
EMBA:sbom:location:165:path,path,1,0.17,1,1,'/etc/uci-defaults/old/90_snmpd',ABSOLUTE_PATH,True,False,"Lists installed firmware files; useful for role evidence, not a source Makefile path.",Not testable: no exact-version SDK/GPL artifact was available.
EMBA:sbom:location:166:path,path,1,0.17,1,1,'/etc/uci-defaults/old/99_mdcollectd-mdcollect',ABSOLUTE_PATH,True,False,"Lists installed firmware files; useful for role evidence, not a source Makefile path.",Not testable: no exact-version SDK/GPL artifact was available.
EMBA:sbom:location:167:path,path,1,0.17,1,1,'/etc/uci-defaults/7.8/98_wireless_add_device_ids',ABSOLUTE_PATH,True,False,"Lists installed firmware files; useful for role evidence, not a source Makefile path.",Not testable: no exact-version SDK/GPL artifact was available.
EMBA:sbom:location:168:path,path,1,0.17,1,1,'/etc/uci-defaults/old/20_opkg',ABSOLUTE_PATH,True,False,"Lists installed firmware files; useful for role evidence, not a source Makefile path.",Not testable: no exact-version SDK/GPL artifact was available.
EMBA:sbom:location:169:path,path,1,0.17,1,1,'/etc/uci-defaults/7.5/101_ip_blockd_enabled',ABSOLUTE_PATH,True,False,"Lists installed firmware files; useful for role evidence, not a source Makefile path.",Not testable: no exact-version SDK/GPL artifact was available.
EMBA:sbom:location:16:path,path,45,7.73,45,45,'/etc/config/avl' | '/etc/resolv.conf' | '/usr/sbin/swapoff' | '/bin/rm' | '/etc/init.d/dnsmasq',ABSOLUTE_PATH,True,False,"Lists installed firmware files; useful for role evidence, not a source Makefile path.",Not testable: no exact-version SDK/GPL artifact was available.
EMBA:sbom:location:17:path,path,37,6.36,37,37,'/etc/init.d/avl' | '/etc/board.d/2-board_json_tpl' | '/etc/config/fstab' | '/bin/sh' | '/usr/share/dnsmasq/dhcpbogushostname.conf',ABSOLUTE_PATH,True,False,"Lists installed firmware files; useful for role evidence, not a source Makefile path.",Not testable: no exact-version SDK/GPL artifact was available.
EMBA:sbom:location:18:path,path,36,6.19,36,36,'/usr/sbin/avl' | '/etc/init.d/done' | '/etc/hotplug.d/block/10-mount' | '/bin/su' | '/usr/sbin/dnsmasq',ABSOLUTE_PATH,True,False,"Lists installed firmware files; useful for role evidence, not a source Makefile path.",Not testable: no exact-version SDK/GPL artifact was available.
EMBA:sbom:location:19:path,path,34,5.84,34,34,'/bin/config_generate' | '/etc/init.d/fstab' | '/usr/bin/test' | '/etc/hotplug.d/iface/25-dnsmasq_ifup' | '/usr/share/fw3/helpers.conf',ABSOLUTE_PATH,True,False,"Lists installed firmware files; useful for role evidence, not a source Makefile path.",Not testable: no exact-version SDK/GPL artifact was available.
EMBA:sbom:location:20:path,path,34,5.84,34,34,'/var' | '/sbin/block' | '/bin/zcat' | '/usr/share/acl.d/data_sender.json' | '/etc/init.d/firewall',ABSOLUTE_PATH,True,False,"Lists installed firmware files; useful for role evidence, not a source Makefile path.",Not testable: no exact-version SDK/GPL artifact was available.
EMBA:sbom:location:21:path,path,29,4.98,29,29,'/sbin/user_defaults' | '/bin/fgrep' | '/etc/init.d/data_sender' | '/sbin/fw3' | '/etc/config/gps',ABSOLUTE_PATH,True,False,"Lists installed firmware files; useful for role evidence, not a source Makefile path.",Not testable: no exact-version SDK/GPL artifact was available.
EMBA:sbom:location:22:path,path,27,4.64,27,27,'/etc/proprietary_keys/549b682450b01dbb' | '/bin/ash' | '/usr/sbin/datasender' | '/etc/config/firewall' | '/usr/sbin/gpsd',ABSOLUTE_PATH,True,False,"Lists installed firmware files; useful for role evidence, not a source Makefile path.",Not testable: no exact-version SDK/GPL artifact was available.
EMBA:sbom:location:23:path,path,23,3.95,23,23,'/etc/init.d/system' | '/sbin/halt' | '/lib/troubleshoot/data_sender.sh' | '/usr/sbin/event_juggler' | '/etc/firewall.user',ABSOLUTE_PATH,True,False,"Lists installed firmware files; useful for role evidence, not a source Makefile path.",Not testable: no exact-version SDK/GPL artifact was available.
EMBA:sbom:location:24:path,path,20,3.44,20,20,'/etc/preinit' | '/bin/true' | '/lib/data_sender/libdata_sender.sh' | '/etc/init.d/event_juggler' | '/etc/hotplug.d/iface/20-firewall',ABSOLUTE_PATH,True,False,"Lists installed firmware files; useful for role evidence, not a source Makefile path.",Not testable: no exact-version SDK/GPL artifact was available.
EMBA:sbom:location:25:path,path,18,3.09,18,18,'/sbin/reboot' | '/sbin/route' | '/etc/config/data_sender' | '/etc/uci-defaults/7.13/99-event_juggler' | '/usr/bin/attack_prevention',ABSOLUTE_PATH,True,False,"Lists installed firmware files; useful for role evidence, not a source Makefile path.",Not testable: no exact-version SDK/GPL artifact was available.
EMBA:sbom:location:26:path,path,15,2.58,15,15,'/etc/localtime' | '/usr/bin/md5sum' | '/etc/event_juggler/action.lua' | '/etc/uci-defaults/7.11/01_gps_add_serial_forwarding_section' | '/etc/config/operctl',ABSOLUTE_PATH,True,False,"Lists installed firmware files; useful for role evidence, not a source Makefile path.",Not testable: no exact-version SDK/GPL artifact was available.
EMBA:sbom:location:27:path,path,12,2.06,12,12,'/lib/upgrade/platform.sh' | '/usr/bin/free' | '/lib/troubleshoot/event_juggler.sh' | '/usr/share/acl.d/mobifd.json' | '/etc/uci-defaults/etc/99_sms_utils-mobutils',ABSOLUTE_PATH,True,False,"Lists installed firmware files; useful for role evidence, not a source Makefile path.",Not testable: no exact-version SDK/GPL artifact was available.
EMBA:sbom:location:28:path,path,11,1.89,11,11,'/etc/config/unicloud' | '/usr/sbin/ntpd' | '/etc/event_juggler/condition.lua' | '/etc/uci-defaults/etc/02_simcard' | '/etc/uci-defaults/etc/99_sms_utils-mobutils_3',ABSOLUTE_PATH,True,False,"Lists installed firmware files; useful for role evidence, not a source Makefile path.",Not testable: no exact-version SDK/GPL artifact was available.
EMBA:sbom:location:29:path,path,9,1.55,9,9,'/etc/shells' | '/bin/stty' | '/etc/config/event_juggler' | '/etc/init.d/sms_utils' | '/lib/network/wwan/1bc7:1073',ABSOLUTE_PATH,True,False,"Lists installed firmware files; useful for role evidence, not a source Makefile path.",Not testable: no exact-version SDK/GPL artifact was available.
EMBA:sbom:location:30:path,path,7,1.2,7,7,'/etc/protocols' | '/usr/bin/time' | '/usr/sbin/sms_utils' | '/lib/network/wwan/2c7c:0316' | '/lib/netifd/utils.sh',ABSOLUTE_PATH,True,False,"Lists installed firmware files; useful for role evidence, not a source Makefile path.",Not testable: no exact-version SDK/GPL artifact was available.
EMBA:sbom:location:31:path,path,7,1.2,7,7,'/sbin/event_server' | '/etc/opkg/keys/adae384061a20494' | '/bin/vi' | '/lib/network/wwan/2c7c:030b' | '/lib/netifd/netifd-wireless.sh',ABSOLUTE_PATH,True,False,"Lists installed firmware files; useful for role evidence, not a source Makefile path.",Not testable: no exact-version SDK/GPL artifact was available.
EMBA:sbom:location:32:path,path,6,1.03,6,6,'/usr/lib/lua/vuci/usb.lua' | '/lib/preinit/10_indicate_preinit' | '/bin/pwd' | '/etc/udhcpc.user' | '/etc/uci-defaults/7.10/01_firewall_zone_priority',ABSOLUTE_PATH,True,False,"Lists installed firmware files; useful for role evidence, not a source Makefile path.",Not testable: no exact-version SDK/GPL artifact was available.
EMBA:sbom:location:33:path,path,6,1.03,6,6,'/usr/lib/lua/api/post_logic.lua' | '/usr/libexec/login.sh' | '/usr/bin/nc' | '/sbin/ifstatus' | '/etc/uci-defaults/old/99_events_reporting',ABSOLUTE_PATH,True,False,"Lists installed firmware files; useful for role evidence, not a source Makefile path.",Not testable: no exact-version SDK/GPL artifact was available.
EMBA:sbom:location:34:path,path,6,1.03,6,6,'/usr/lib/lua/vuci/util.lua' | '/etc/config/system' | '/bin/chown' | '/sbin/ifup' | '/etc/uci-defaults/7.11/99_upnp_file_change',ABSOLUTE_PATH,True,False,"Lists installed firmware files; useful for role evidence, not a source Makefile path.",Not testable: no exact-version SDK/GPL artifact was available.
EMBA:sbom:location:35:path,path,6,1.03,6,6,'/usr/lib/lua/vuci/param.lua' | '/etc/uci-defaults/linux/rm_hw_eth_mac.sh' | '/usr/bin/renice' | '/lib/config.d/300-setup-network' | '/etc/uci-defaults/7.6/2-sodog-no-leading-zeros',ABSOLUTE_PATH,True,False,"Lists installed firmware files; useful for role evidence, not a source Makefile path.",Not testable: no exact-version SDK/GPL artifact was available.
EMBA:sbom:location:36:path,path,6,1.03,6,6,'/sbin/tls_generate_lua' | '/lib/upgrade/keep.d/legacy' | '/etc/init.d/cron' | '/bin/ipcalc.sh' | '/etc/uci-defaults/old/86_rms_migrate',ABSOLUTE_PATH,True,False,"Lists installed firmware files; useful for role evidence, not a source Makefile path.",Not testable: no exact-version SDK/GPL artifact was available.
EMBA:sbom:location:37:path,path,5,0.86,5,5,'/usr/lib/lua/api/headers.lua' | '/etc/fstab' | '/bin/mount' | '/etc/uci-defaults/etc/12_network' | '/www/assets/app.modbus-client.app-2025-07-02-0eab43c.js.gz',ABSOLUTE_PATH,True,False,"Lists installed firmware files; useful for role evidence, not a source Makefile path.",Not testable: no exact-version SDK/GPL artifact was available.
EMBA:sbom:location:38:path,path,5,0.86,5,5,'/usr/lib/lua/vuci.so' | '/usr/lib/os-release' | '/bin/sync' | '/etc/uci-defaults/7.7/1-sodog-add-keepalive-enabled' | '/www/assets/app.gps.app-2025-07-02-0eab43c.js.gz',ABSOLUTE_PATH,True,False,"Lists installed firmware files; useful for role evidence, not a source Makefile path.",Not testable: no exact-version SDK/GPL artifact was available.
EMBA:sbom:location:39:path,path,5,0.86,5,5,'/usr/lib/lua/vuci/menu_generate.lua' | '/etc/sysctl.conf' | '/usr/sbin/adduser' | '/etc/uci-defaults/7.9/99_acl_name_migrate' | '/www/assets/app.modbus-server.app-2025-07-02-0eab43c.js.gz',ABSOLUTE_PATH,True,False,"Lists installed firmware files; useful for role evidence, not a source Makefile path.",Not testable: no exact-version SDK/GPL artifact was available.
EMBA:sbom:location:40:path,path,5,0.86,5,5,'/bin/trigger_vuci_routes_reload' | '/sbin/sysupgrade' | '/usr/bin/dirname' | '/etc/uci-defaults/7.9/99_radius_cve_fix' | '/www/assets/app.realtime.app-2025-07-02-0eab43c.js.gz',ABSOLUTE_PATH,True,False,"Lists installed firmware files; useful for role evidence, not a source Makefile path.",Not testable: no exact-version SDK/GPL artifact was available.
EMBA:sbom:location:41:path,path,5,0.86,5,5,'/usr/lib/lua/api/paths_index.lua' | '/etc/config/uni_assets' | '/sbin/hwclock' | '/etc/uci-defaults/old/03_ioman-iomand' | '/www/assets/index-2025-07-02-0eab43c.js.gz',ABSOLUTE_PATH,True,False,"Lists installed firmware files; useful for role evidence, not a source Makefile path.",Not testable: no exact-version SDK/GPL artifact was available.
EMBA:sbom:location:42:path,path,5,0.86,5,5,'/usr/lib/lua/vuci/devices_status_lib.lua' | '/etc/iproute2/rt_protos' | '/sbin/udhcpc' | '/etc/uci-defaults/7.11/99_ipsec_custom_option_migration' | '/www/assets/app.memory-expansion.app-2025-07-02-0eab43c.js.gz',ABSOLUTE_PATH,True,False,"Lists installed firmware files; useful for role evidence, not a source Makefile path.",Not testable: no exact-version SDK/GPL artifact was available.
EMBA:sbom:location:43:path,path,5,0.86,5,5,'/usr/lib/lua/api/authentication.lua' | '/lib/functions/target-defaults.sh' | '/bin/ping6' | '/etc/uci-defaults/old/99_uhttpd' | '/www/assets/app.opcua-server.app-2025-07-02-0eab43c.js.gz',ABSOLUTE_PATH,True,False,"Lists installed firmware files; useful for role evidence, not a source Makefile path.",Not testable: no exact-version SDK/GPL artifact was available.
EMBA:sbom:location:44:path,path,5,0.86,5,5,'/usr/lib/lua/api/file_upload.lua' | '/etc/shadow' | '/usr/bin/basename' | '/etc/uci-defaults/old/65_ipsec_deprecated_update' | '/www/assets/app.troubleshoot.app-2025-07-02-0eab43c.js.gz',ABSOLUTE_PATH,True,False,"Lists installed firmware files; useful for role evidence, not a source Makefile path.",Not testable: no exact-version SDK/GPL artifact was available.
EMBA:sbom:location:45:path,path,5,0.86,5,5,'/usr/lib/lua/api/paths_register.lua' | '/etc/rc.common' | '/bin/echo' | '/etc/uci-defaults/7.5/99_network_generate_ports_template' | '/www/assets/app.system-status.app-2025-07-02-0eab43c.js.gz',ABSOLUTE_PATH,True,False,"Lists installed firmware files; useful for role evidence, not a source Makefile path.",Not testable: no exact-version SDK/GPL artifact was available.
EMBA:sbom:location:46:path,path,5,0.86,5,5,'/usr/lib/lua/api/option_logic.lua' | '/lib/preinit/02_sysinfo' | '/usr/bin/less' | '/etc/uci-defaults/7.13/99_restore_impulse_counter_p910nd' | '/www/assets/app.uscripts.app-2025-07-02-0eab43c.js.gz',ABSOLUTE_PATH,True,False,"Lists installed firmware files; useful for role evidence, not a source Makefile path.",Not testable: no exact-version SDK/GPL artifact was available.
EMBA:sbom:location:47:path,path,5,0.86,5,5,'/usr/lib/lua/vuci/hardware.lua' | '/lib/config.d/500-generate-device-identifier' | '/usr/sbin/chroot' | '/etc/uci-defaults/7.6/99-update-wifi-scanner-beacon-interval' | '/www/icons/checkbox_tick.svg.gz',ABSOLUTE_PATH,True,False,"Lists installed firmware files; useful for role evidence, not a source Makefile path.",Not testable: no exact-version SDK/GPL artifact was available.
EMBA:sbom:location:48:path,path,5,0.86,5,5,'/usr/lib/lua/vuci/firewall.lua' | '/lib/preinit/84_set_password' | '/usr/sbin/crond' | '/etc/uci-defaults/old/98_network-qmicli' | '/www/assets/app.ddns.app-2025-07-02-0eab43c.js.gz',ABSOLUTE_PATH,True,False,"Lists installed firmware files; useful for role evidence, not a source Makefile path.",Not testable: no exact-version SDK/GPL artifact was available.
EMBA:sbom:location:49:path,path,5,0.86,5,5,'/usr/lib/lua/vuci/io.lua' | '/etc/os-release' | '/usr/bin/head' | '/etc/uci-defaults/old/14_gps' | '/www/assets/app.openvpn.app-2025-07-02-0eab43c.js.gz',ABSOLUTE_PATH,True,False,"Lists installed firmware files; useful for role evidence, not a source Makefile path.",Not testable: no exact-version SDK/GPL artifact was available.
EMBA:sbom:location:50:path,path,5,0.86,5,5,'/usr/lib/lua/vuci/event_type.lua' | '/lib/preinit/80_mount_root' | '/bin/gunzip' | '/etc/uci-defaults/7.12/99_restore_letsencrypt' | '/www/icons/checkbox_tick_white.svg.gz',ABSOLUTE_PATH,True,False,"Lists installed firmware files; useful for role evidence, not a source Makefile path.",Not testable: no exact-version SDK/GPL artifact was available.
EMBA:sbom:location:51:path,path,5,0.86,5,5,'/usr/lib/lua/api/FunctionService.lua' | '/etc/firmware-date' | '/bin/netstat' | '/etc/uci-defaults/old/99_firewall-pptpd' | '/www/assets/app.vlan.app-2025-07-02-0eab43c.js.gz',ABSOLUTE_PATH,True,False,"Lists installed firmware files; useful for role evidence, not a source Makefile path.",Not testable: no exact-version SDK/GPL artifact was available.
EMBA:sbom:location:52:path,path,5,0.86,5,5,'/usr/lib/lua/api/dispatcher_common.lua' | '/etc/rc.local' | '/bin/busybox' | '/etc/uci-defaults/7.12/99_ipsec_name_anonymous_sections' | '/www/assets/app.io.app-2025-07-02-0eab43c.js.gz',ABSOLUTE_PATH,True,False,"Lists installed firmware files; useful for role evidence, not a source Makefile path.",Not testable: no exact-version SDK/GPL artifact was available.
EMBA:sbom:location:53:path,path,5,0.86,5,5,'/usr/lib/lua/vuci/sqlite.lua' | '/lib/functions/uci-defaults.sh' | '/bin/grep' | '/etc/uci-defaults/7.9/99_firewall_snat_migration' | '/www/assets/style-2025-07-02-0eab43c.css.gz',ABSOLUTE_PATH,True,False,"Lists installed firmware files; useful for role evidence, not a source Makefile path.",Not testable: no exact-version SDK/GPL artifact was available.
EMBA:sbom:location:54:path,path,5,0.86,5,5,'/usr/lib/lua/vuci/mdcollect.lua' | '/etc/opkg/keys/780b53e9434e73a6' | '/usr/bin/clear' | '/etc/uci-defaults/old/88_log_buffer_size' | '/www/index.html.gz',ABSOLUTE_PATH,True,False,"Lists installed firmware files; useful for role evidence, not a source Makefile path.",Not testable: no exact-version SDK/GPL artifact was available.
EMBA:sbom:location:55:path,path,5,0.86,5,5,'/usr/lib/lua/vuci/profinet_utils.lua' | '/etc/init.d/rclocal' | '/etc/config/ntpserver' | '/etc/uci-defaults/7.11/99_sim_switch_enable_second_section' | '/www/assets/app.modbus-gateway.app-2025-07-02-0eab43c.js.gz',ABSOLUTE_PATH,True,False,"Lists installed firmware files; useful for role evidence, not a source Makefile path.",Not testable: no exact-version SDK/GPL artifact was available.
EMBA:sbom:location:56:path,path,5,0.86,5,5,'/usr/lib/lua/vuci/network/proto_wwan.lua' | '/etc/ethers' | '/usr/bin/seq' | '/etc/uci-defaults/old/33_simcard' | '/www/assets/app.gre.app-2025-07-02-0eab43c.js.gz',ABSOLUTE_PATH,True,False,"Lists installed firmware files; useful for role evidence, not a source Makefile path.",Not testable: no exact-version SDK/GPL artifact was available.
EMBA:sbom:location:57:path,path,5,0.86,5,5,'/usr/lib/lua/api/ConfigService.lua' | '/etc/init.d/sysctl' | '/bin/sleep' | '/etc/uci-defaults/7.8/99_rpcd_group_migrate' | '/www/assets/app.network.app-2025-07-02-0eab43c.js.gz',ABSOLUTE_PATH,True,False,"Lists installed firmware files; useful for role evidence, not a source Makefile path.",Not testable: no exact-version SDK/GPL artifact was available.
EMBA:sbom:location:58:path,path,5,0.86,5,5,'/usr/lib/lua/vuci/log.lua' | '/sbin/hotplug-call' | '/bin/nice' | '/etc/uci-defaults/7.5/1_network_area_type' | '/www/assets/app.logs.app-2025-07-02-0eab43c.js.gz',ABSOLUTE_PATH,True,False,"Lists installed firmware files; useful for role evidence, not a source Makefile path.",Not testable: no exact-version SDK/GPL artifact was available.
EMBA:sbom:location:59:path,path,5,0.86,5,5,'/usr/lib/lua/api/section_logic.lua' | '/usr/libexec/validate_firmware_image' | '/bin/kill' | '/etc/uci-defaults/7.8/100_add_acl_migrate' | '/www/assets/app.modbus-serial.app-2025-07-02-0eab43c.js.gz',ABSOLUTE_PATH,True,False,"Lists installed firmware files; useful for role evidence, not a source Makefile path.",Not testable: no exact-version SDK/GPL artifact was available.
EMBA:sbom:location:60:path,path,5,0.86,5,5,'/usr/lib/lua/api/schema_validator.lua' | '/etc/opkg/keys/549b682450b01dbb' | '/bin/mktemp' | '/etc/uci-defaults/old/99_landingpage-vuci' | '/www/assets/app.dns.app-2025-07-02-0eab43c.js.gz',ABSOLUTE_PATH,True,False,"Lists installed firmware files; useful for role evidence, not a source Makefile path.",Not testable: no exact-version SDK/GPL artifact was available.
EMBA:sbom:location:61:path,path,5,0.86,5,5,'/usr/lib/lua/api/core/session.lua' | '/etc/shinit' | '/usr/bin/tr' | '/etc/uci-defaults/old/29_ipblock_migrate' | '/www/assets/app.setup-wizard.app-2025-07-02-0eab43c.js.gz',ABSOLUTE_PATH,True,False,"Lists installed firmware files; useful for role evidence, not a source Makefile path.",Not testable: no exact-version SDK/GPL artifact was available.
EMBA:sbom:location:62:path,path,5,0.86,5,5,'/usr/lib/lua/api/delete_logic.lua' | '/usr/local/lib/lib' | '/bin/mknod' | '/etc/uci-defaults/7.5/99_network_route_indexing' | '/lib/upgrade/keep.d/vuci-ui-core',ABSOLUTE_PATH,True,False,"Lists installed firmware files; useful for role evidence, not a source Makefile path.",Not testable: no exact-version SDK/GPL artifact was available.
EMBA:sbom:location:63:path,path,5,0.86,5,5,'/usr/lib/lua/vuci/network.lua' | '/lib/upgrade/fwtool.sh' | '/bin/rmdir' | '/etc/uci-defaults/old/99_chilli_user_password_hash' | '/www/assets/app.call-utilities.app-2025-07-02-0eab43c.js.gz',ABSOLUTE_PATH,True,False,"Lists installed firmware files; useful for role evidence, not a source Makefile path.",Not testable: no exact-version SDK/GPL artifact was available.
EMBA:sbom:location:64:path,path,5,0.86,5,5,'/usr/lib/lua/vuci/util_tlt.lua' | '/etc/services' | '/usr/bin/uniq' | '/etc/uci-defaults/7.5/00_sms_utils' | '/usr/share/vuci/menu.d/menu.json',ABSOLUTE_PATH,True,False,"Lists installed firmware files; useful for role evidence, not a source Makefile path.",Not testable: no exact-version SDK/GPL artifact was available.
EMBA:sbom:location:65:path,path,5,0.86,5,5,'/usr/lib/lua/vuci/modem.lua' | '/lib/functions/system.sh' | '/usr/bin/tee' | '/etc/uci-defaults/old/91_snmptrap' | '/www/assets/app.services-status.app-2025-07-02-0eab43c.js.gz',ABSOLUTE_PATH,True,False,"Lists installed firmware files; useful for role evidence, not a source Makefile path.",Not testable: no exact-version SDK/GPL artifact was available.
EMBA:sbom:location:66:path,path,5,0.86,5,5,'/www/cgi-bin/api_dispatcher.lua' | '/bin/board_detect' | '/usr/bin/ftpput' | '/etc/uci-defaults/7.9/99_migrate_dropbear_option' | '/www/assets/app.event-juggler.app-2025-07-02-0eab43c.js.gz',ABSOLUTE_PATH,True,False,"Lists installed firmware files; useful for role evidence, not a source Makefile path.",Not testable: no exact-version SDK/GPL artifact was available.
EMBA:sbom:location:67:path,path,5,0.86,5,5,'/usr/lib/lua/api/core/base_info.lua' | '/lib/upgrade/common.sh' | '/usr/bin/flock' | '/etc/uci-defaults/7.7/99-openvpn-bridge-option' | '/www/assets/app.cli.app-2025-07-02-0eab43c.js.gz',ABSOLUTE_PATH,True,False,"Lists installed firmware files; useful for role evidence, not a source Makefile path.",Not testable: no exact-version SDK/GPL artifact was available.
EMBA:sbom:location:68:path,path,5,0.86,5,5,'/usr/lib/lua/vuci/uci.lua' | '/etc/config/pcom_alarms' | '/usr/bin/bzcat' | '/etc/uci-defaults/7.3/00_events_reporting' | '/www/assets/app.administration.app-2025-07-02-0eab43c.js.gz',ABSOLUTE_PATH,True,False,"Lists installed firmware files; useful for role evidence, not a source Makefile path.",Not testable: no exact-version SDK/GPL artifact was available.
EMBA:sbom:location:69:path,path,5,0.86,5,5,'/www/cgi-bin/index' | '/etc/config/buttons' | '/usr/bin/hexdump' | '/etc/uci-defaults/7.8/99_sqm_change_devices' | '/www/assets/app.wireless.app-2025-07-02-0eab43c.js.gz',ABSOLUTE_PATH,True,False,"Lists installed firmware files; useful for role evidence, not a source Makefile path.",Not testable: no exact-version SDK/GPL artifact was available.
EMBA:sbom:location:6:path,path,3,0.52,3,3,'/etc/uci-defaults/ddns.defaults' | '/lib/libgcc_s.so.1' | '/usr/lib/libstdc++.so.6',ABSOLUTE_PATH,True,False,"Lists installed firmware files; useful for role evidence, not a source Makefile path.",Not testable: no exact-version SDK/GPL artifact was available.
EMBA:sbom:location:70:path,path,5,0.86,5,5,'/usr/lib/lua/vuci/usb_tools.lua' | '/etc/sysupgrade.conf' | '/etc/profile.d/check_password_expiration.sh' | '/etc/uci-defaults/7.5/99_data_sender_migration' | '/www/tlt_networks_logo.svg.gz',ABSOLUTE_PATH,True,False,"Lists installed firmware files; useful for role evidence, not a source Makefile path.",Not testable: no exact-version SDK/GPL artifact was available.
EMBA:sbom:location:71:path,path,5,0.86,5,5,'/usr/lib/lua/api/formdata_parser.lua' | '/etc/board.d/1-board_json' | '/bin/traceroute6' | '/etc/uci-defaults/old/66_ipsec' | '/www/favicon.ico',ABSOLUTE_PATH,True,False,"Lists installed firmware files; useful for role evidence, not a source Makefile path.",Not testable: no exact-version SDK/GPL artifact was available.
EMBA:sbom:location:72:path,path,5,0.86,5,5,'/usr/lib/lua/vuci/serial.lua' | '/lib/upgrade/keep.d/base-files' | '/usr/bin/sha256sum' | '/etc/uci-defaults/7.11/99_events_log_acl_change' | '/www/assets/app.package-manager.app-2025-07-02-0eab43c.js.gz',ABSOLUTE_PATH,True,False,"Lists installed firmware files; useful for role evidence, not a source Makefile path.",Not testable: no exact-version SDK/GPL artifact was available.
EMBA:sbom:location:73:path,path,5,0.86,5,5,'/www/cgi-bin/luci' | '/etc/config/pcom' | '/bin/date' | '/etc/uci-defaults/old/50_privoxy' | '/www/assets/app.channel-analysis.app-2025-07-02-0eab43c.js.gz',ABSOLUTE_PATH,True,False,"Lists installed firmware files; useful for role evidence, not a source Makefile path.",Not testable: no exact-version SDK/GPL artifact was available.
EMBA:sbom:location:74:path,path,5,0.86,5,5,'/usr/lib/lua/api/Validations.lua' | '/lib/upgrade/do_stage2' | '/usr/bin/wc' | '/etc/uci-defaults/old/70_sms_utils' | '/www/assets/app.firewall.app-2025-07-02-0eab43c.js.gz',ABSOLUTE_PATH,True,False,"Lists installed firmware files; useful for role evidence, not a source Makefile path.",Not testable: no exact-version SDK/GPL artifact was available.
EMBA:sbom:location:75:path,path,5,0.86,5,5,'/usr/lib/lua/api/api_table_wrapper.lua' | '/etc/group' | '/usr/bin/[' | '/etc/uci-defaults/etc/15-setcap' | '/www/assets/app.recipients.app-2025-07-02-0eab43c.js.gz',ABSOLUTE_PATH,True,False,"Lists installed firmware files; useful for role evidence, not a source Makefile path.",Not testable: no exact-version SDK/GPL artifact was available.
EMBA:sbom:location:76:path,path,5,0.86,5,5,'/usr/lib/lua/api/core/login.lua' | '/etc/rc.button/reset' | '/usr/bin/nslookup' | '/etc/uci-defaults/7.6/99_gps_add_multiple_section_support' | '/www/assets/app.auto-reboot.app-2025-07-02-0eab43c.js.gz',ABSOLUTE_PATH,True,False,"Lists installed firmware files; useful for role evidence, not a source Makefile path.",Not testable: no exact-version SDK/GPL artifact was available.
EMBA:sbom:location:77:path,path,5,0.86,5,5,'/usr/lib/lua/api/responder.lua' | '/lib/upgrade/stage2' | '/usr/bin/pgrep' | '/etc/uci-defaults/7.6/99_stunnel_options' | '/www/assets/app.mobile.app-2025-07-02-0eab43c.js.gz',ABSOLUTE_PATH,True,False,"Lists installed firmware files; useful for role evidence, not a source Makefile path.",Not testable: no exact-version SDK/GPL artifact was available.
EMBA:sbom:location:78:path,path,5,0.86,5,5,'/usr/lib/lua/vuci/access.lua' | '/sbin/firstboot' | '/bin/umount' | '/etc/uci-defaults/old/50_mobifd_network_simcard_migrate' | '/www/assets/app.mwan3.app-2025-07-02-0eab43c.js.gz',ABSOLUTE_PATH,True,False,"Lists installed firmware files; useful for role evidence, not a source Makefile path.",Not testable: no exact-version SDK/GPL artifact was available.
EMBA:sbom:location:79:path,path,5,0.86,5,5,'/usr/lib/lua/api/put_logic.lua' | '/etc/hotplug.d/net/00-sysctl' | '/usr/bin/tail' | '/etc/uci-defaults/old/99_vuci' | '/www/assets/app.rut-fota.app-2025-07-02-0eab43c.js.gz',ABSOLUTE_PATH,True,False,"Lists installed firmware files; useful for role evidence, not a source Makefile path.",Not testable: no exact-version SDK/GPL artifact was available.
EMBA:sbom:location:7:path,path,66,11.34,66,66,'/usr/local/bin/backup_apn_db' | '/etc/cacert.pem' | '/usr/lib/libdavici.so' | '/etc/ddns/services' | '/usr/lib/ddns/update_no-ip_com.sh',ABSOLUTE_PATH,True,False,"Lists installed firmware files; useful for role evidence, not a source Makefile path.",Not testable: no exact-version SDK/GPL artifact was available.
EMBA:sbom:location:80:path,path,5,0.86,5,5,'/usr/lib/lua/vuci/modbus_utils.lua' | '/etc/proprietary_keys/adae384061a20494' | '/usr/sbin/ntpd-hotplug' | '/etc/uci-defaults/7.3/99_system_zonename' | '/www/assets/app.mobile-utilities.app-2025-07-02-0eab43c.js.gz',ABSOLUTE_PATH,True,False,"Lists installed firmware files; useful for role evidence, not a source Makefile path.",Not testable: no exact-version SDK/GPL artifact was available.
EMBA:sbom:location:81:path,path,5,0.86,5,5,'/usr/lib/lua/api/dispatcher_lib.lua' | '/etc/hosts' | '/usr/bin/mkfifo' | '/etc/uci-defaults/old/99_dmvpn-sections' | '/www/assets/app.ports-settings.app-2025-07-02-0eab43c.js.gz',ABSOLUTE_PATH,True,False,"Lists installed firmware files; useful for role evidence, not a source Makefile path.",Not testable: no exact-version SDK/GPL artifact was available.
EMBA:sbom:location:82:path,path,5,0.86,5,5,'/usr/lib/lua/vuci/status.lua' | '/lib/functions.sh' | '/bin/chgrp' | '/etc/uci-defaults/7.5/99_multi_wifi_index' | '/www/assets/app.multiusers.app-2025-07-02-0eab43c.js.gz',ABSOLUTE_PATH,True,False,"Lists installed firmware files; useful for role evidence, not a source Makefile path.",Not testable: no exact-version SDK/GPL artifact was available.
EMBA:sbom:location:83:path,path,5,0.86,5,5,'/usr/lib/lua/api/core/bulk.lua' | '/etc/iproute2/rt_tables' | '/bin/cp' | '/etc/uci-defaults/old/10_mosquitto_migrate' | '/www/assets/app.overview.app-2025-07-02-0eab43c.js.gz',ABSOLUTE_PATH,True,False,"Lists installed firmware files; useful for role evidence, not a source Makefile path.",Not testable: no exact-version SDK/GPL artifact was available.
EMBA:sbom:location:84:path,path,5,0.86,5,5,'/etc/init.d/event_server' | '/rom/note' | '/usr/bin/mkpasswd' | '/etc/uci-defaults/old/34_sim_switch' | '/www/assets/app.l2tp.app-2025-07-02-0eab43c.js.gz',ABSOLUTE_PATH,True,False,"Lists installed firmware files; useful for role evidence, not a source Makefile path.",Not testable: no exact-version SDK/GPL artifact was available.
EMBA:sbom:location:85:path,path,5,0.86,5,5,'/usr/lib/lua/vuci/profiles.lua' | '/etc/inittab' | '/sbin/poweroff' | '/etc/uci-defaults/7.8/99_bacnet_firewall_rule_convert' | '/www/assets/app.password-policy.app-2025-07-02-0eab43c.js.gz',ABSOLUTE_PATH,True,False,"Lists installed firmware files; useful for role evidence, not a source Makefile path.",Not testable: no exact-version SDK/GPL artifact was available.
EMBA:sbom:location:86:path,path,5,0.86,5,5,'/usr/lib/lua/api/get_logic.lua' | '/etc/openwrt_release' | '/usr/bin/[[' | '/etc/uci-defaults/7.5/99_firewall_redirect_priority' | '/www/assets/app.routes.app-2025-07-02-0eab43c.js.gz',ABSOLUTE_PATH,True,False,"Lists installed firmware files; useful for role evidence, not a source Makefile path.",Not testable: no exact-version SDK/GPL artifact was available.
EMBA:sbom:location:87:path,path,5,0.86,5,5,'/www/cgi-bin/subscribe.lua' | '/etc/profile' | '/bin/dd' | '/etc/uci-defaults/7.5/99_routername_migration' | '/www/assets/app.reset.app-2025-07-02-0eab43c.js.gz',ABSOLUTE_PATH,True,False,"Lists installed firmware files; useful for role evidence, not a source Makefile path.",Not testable: no exact-version SDK/GPL artifact was available.
EMBA:sbom:location:88:path,path,5,0.86,5,5,'/usr/lib/lua/api/query.lua' | '/lib/upgrade/keep.d/default_config' | '/bin/lock' | '/etc/uci-defaults/etc/13_group-user' | '/www/assets/app.usb-tools.app-2025-07-02-0eab43c.js.gz',ABSOLUTE_PATH,True,False,"Lists installed firmware files; useful for role evidence, not a source Makefile path.",Not testable: no exact-version SDK/GPL artifact was available.
EMBA:sbom:location:89:path,path,4,0.69,4,4,'/usr/lib/lua/api/services/serial_status.lua' | '/etc/hotplug.d/net/21-usbnet-tuning.sh' | '/bin/df' | '/etc/uci-defaults/7.5/99_events_reporting',ABSOLUTE_PATH,True,False,"Lists installed firmware files; useful for role evidence, not a source Makefile path.",Not testable: no exact-version SDK/GPL artifact was available.
EMBA:sbom:location:8:path,path,214,36.77,214,214,'/usr/local/share/mobifd/apn.db.gz' | '/etc/ssl/certs/ca-certificates.crt' | '/usr/bin/curl' | '/usr/lib/lua/api/services/ds_formats/ds_format_custom.lua' | '/usr/lib/lua/api/services/ds_inputs/ds_input_gsm.lua',ABSOLUTE_PATH,True,False,"Lists installed firmware files; useful for role evidence, not a source Makefile path.",Not testable: no exact-version SDK/GPL artifact was available.
EMBA:sbom:location:90:path,path,4,0.69,4,4,'/usr/lib/lua/vuci/sys.lua' | '/etc/init.d/sysfixtime' | '/bin/false' | '/etc/uci-defaults/7.9/00_rms_mqtt_update_sections',ABSOLUTE_PATH,True,False,"Lists installed firmware files; useful for role evidence, not a source Makefile path.",Not testable: no exact-version SDK/GPL artifact was available.
EMBA:sbom:location:91:path,path,4,0.69,4,4,'/usr/lib/lua/vuci/network/proto_connm.lua' | '/etc/TZ' | '/usr/bin/killall' | '/etc/uci-defaults/old/99_wireless-hostapd',ABSOLUTE_PATH,True,False,"Lists installed firmware files; useful for role evidence, not a source Makefile path.",Not testable: no exact-version SDK/GPL artifact was available.
EMBA:sbom:location:92:path,path,4,0.69,4,4,'/usr/lib/lua/api/core/logout.lua' | '/etc/init.d/umount' | '/usr/bin/sort' | '/etc/uci-defaults/old/82_uhttpd',ABSOLUTE_PATH,True,False,"Lists installed firmware files; useful for role evidence, not a source Makefile path.",Not testable: no exact-version SDK/GPL artifact was available.
EMBA:sbom:location:93:path,path,4,0.69,4,4,'/usr/lib/lua/api/BaseEndpoint.lua' | '/lib/functions/service.sh' | '/bin/mkdir' | '/etc/uci-defaults/7.8/99_dhcpv6_deprecated_update',ABSOLUTE_PATH,True,False,"Lists installed firmware files; useful for role evidence, not a source Makefile path.",Not testable: no exact-version SDK/GPL artifact was available.
EMBA:sbom:location:94:path,path,4,0.69,4,4,'/usr/lib/lua/api/standard_codes.lua' | '/lib/upgrade/keep.d/base-files-essential' | '/sbin/ifconfig' | '/etc/uci-defaults/7.5/99_landingpage_custom_theme',ABSOLUTE_PATH,True,False,"Lists installed firmware files; useful for role evidence, not a source Makefile path.",Not testable: no exact-version SDK/GPL artifact was available.
EMBA:sbom:location:95:path,path,4,0.69,4,4,'/usr/lib/lua/api/network/interfaces_status.lua' | '/etc/sysctl.d/10-default.conf' | '/bin/traceroute' | '/etc/uci-defaults/7.7/99_rut_fota_fix',ABSOLUTE_PATH,True,False,"Lists installed firmware files; useful for role evidence, not a source Makefile path.",Not testable: no exact-version SDK/GPL artifact was available.
EMBA:sbom:location:96:path,path,4,0.69,4,4,'/usr/lib/lua/vuci/mwan.lua' | '/etc/passwd' | '/usr/bin/cmp' | '/etc/uci-defaults/old/15_ioman',ABSOLUTE_PATH,True,False,"Lists installed firmware files; useful for role evidence, not a source Makefile path.",Not testable: no exact-version SDK/GPL artifact was available.
EMBA:sbom:location:97:path,path,4,0.69,4,4,'/usr/lib/lua/vuci/email.lua' | '/etc/iproute2/ematch_map' | '/usr/bin/reset' | '/etc/uci-defaults/7.8/99_openvpn_options_migrate',ABSOLUTE_PATH,True,False,"Lists installed firmware files; useful for role evidence, not a source Makefile path.",Not testable: no exact-version SDK/GPL artifact was available.
EMBA:sbom:location:98:path,path,4,0.69,4,4,'/usr/lib/lua/vuci/certificates.lua' | '/lib/config.d/100-generate-system-conf' | '/usr/share/acl.d/ntpd.json' | '/etc/uci-defaults/old/05_system',ABSOLUTE_PATH,True,False,"Lists installed firmware files; useful for role evidence, not a source Makefile path.",Not testable: no exact-version SDK/GPL artifact was available.
EMBA:sbom:location:99:path,path,4,0.69,4,4,'/sbin/api' | '/etc/mtab' | '/etc/capabilities/ntpd.json' | '/etc/uci-defaults/7.6/2-dhcpv6-server',ABSOLUTE_PATH,True,False,"Lists installed firmware files; useful for role evidence, not a source Makefile path.",Not testable: no exact-version SDK/GPL artifact was available.
EMBA:sbom:location:9:path,path,213,36.6,213,213,'/etc/uci-defaults/etc/99_apn_db' | '/etc/ssl/cert.pem' | '/usr/share/acl.d/ds_gsm.json' | '/etc/data_sender/modules/input/lua/example_input_lua.lua' | '/etc/data_sender/modules/format/lua/example_format_lua.lua',ABSOLUTE_PATH,True,False,"Lists installed firmware files; useful for role evidence, not a source Makefile path.",Not testable: no exact-version SDK/GPL artifact was available.
EMBA:sbom:source_location:11:additional_source_path,additional_source_path,1,0.17,1,1,/logs/firmware/binwalk_extracted/firmware.extracted/260000/squashfs-root/lib/modules/5.15.176/cfg80211.ko,ABSOLUTE_PATH,True,True,Adds exact kernel-module artifact paths to the kernel component.,Not testable: no exact-version SDK/GPL artifact was available.
EMBA:sbom:source_location:12:additional_source_path,additional_source_path,1,0.17,1,1,/logs/firmware/binwalk_extracted/firmware.extracted/260000/squashfs-root/lib/modules/5.15.176/pulse_counter.ko,ABSOLUTE_PATH,True,True,Adds exact kernel-module artifact paths to the kernel component.,Not testable: no exact-version SDK/GPL artifact was available.
EMBA:sbom:source_location:13:additional_source_path,additional_source_path,1,0.17,2,2,/logs/firmware/binwalk_extracted/firmware.extracted/260000/squashfs-root/lib/modules/5.15.176/gpio-button-hotplug.ko | /logs/firmware/binwalk_extracted/firmware.extracted/260000/squashfs-root/lib/modules/5.15.176/mt7603e.ko,ABSOLUTE_PATH,True,True,Adds exact kernel-module artifact paths to the kernel component.,Not testable: no exact-version SDK/GPL artifact was available.
EMBA:sbom:source_location:15:additional_source_path,additional_source_path,1,0.17,2,2,/logs/firmware/binwalk_extracted/firmware.extracted/260000/squashfs-root/lib/modules/5.15.176/tlt_gpio.ko | /logs/firmware/binwalk_extracted/firmware.extracted/260000/squashfs-root/lib/modules/5.15.176/mac80211.ko,ABSOLUTE_PATH,True,True,Adds exact kernel-module artifact paths to the kernel component.,Not testable: no exact-version SDK/GPL artifact was available.
EMBA:sbom:source_location:1:source_path,source_path,582,100.0,582,581,'/logs/firmware/binwalk_extracted/firmware.extracted/260000/squashfs-root/usr/lib/opkg/info/api-core.control' | '/logs/firmware/binwalk_extracted/firmware.extracted/260000/squashfs-root/usr/lib/opkg/info/apn_db.control' | '/logs/firmware/binwalk_extracted/firmware.extracted/260000/squashfs-root/usr/lib/opkg/info/avl.control' | '/logs/firmware/binwalk_extracted/firmware.extracted/260000/squashfs-root/usr/lib/opkg/info/base-files.control' | '/logs/firmware/binwalk_extracted/firmware.extracted/260000/squashfs-root/usr/lib/opkg/info/block-mount.control',ABSOLUTE_PATH,True,True,Maps a component to an exact installed control file or detected firmware binary path.,Not testable: no exact-version SDK/GPL artifact was available.
EMBA:sbom:source_location:9:additional_source_path,additional_source_path,1,0.17,2,2,/logs/firmware/binwalk_extracted/firmware.extracted/260000/squashfs-root/lib/modules/5.15.176/compat.ko | /logs/firmware/binwalk_extracted/firmware.extracted/260000/squashfs-root/lib/modules/5.15.176/ovpn-dco-v2.ko,ABSOLUTE_PATH,True,True,Adds exact kernel-module artifact paths to the kernel component.,Not testable: no exact-version SDK/GPL artifact was available.
