source_package,installed_component_count,installed_packages,source_structure,is_vendor_specific,makefile_path_candidate,makefile_verified,evidence_origin
feeds/luci/libs/luci-lib-ip,1,luci-lib-ip,ONE_SOURCE_ONE_INSTALLED_PACKAGE,False,feeds/luci/libs/luci-lib-ip/Makefile,False,Exact firmware installed control Source fields; exact SDK/Makefile unavailable.
feeds/luci/libs/luci-lib-nixio,1,luci-lib-nixio,ONE_SOURCE_ONE_INSTALLED_PACKAGE,False,feeds/luci/libs/luci-lib-nixio/Makefile,False,Exact firmware installed control Source fields; exact SDK/Makefile unavailable.
feeds/luci/libs/rpcd-mod-rrdns,1,rpcd-mod-rrdns,ONE_SOURCE_ONE_INSTALLED_PACKAGE,False,feeds/luci/libs/rpcd-mod-rrdns/Makefile,False,Exact firmware installed control Source fields; exact SDK/Makefile unavailable.
feeds/packages/lang/lua-lsqlite3,1,lsqlite3,ONE_SOURCE_ONE_INSTALLED_PACKAGE,False,feeds/packages/lang/lua-lsqlite3/Makefile,False,Exact firmware installed control Source fields; exact SDK/Makefile unavailable.
feeds/packages/libs/libcap-ng,1,libcap-ng,ONE_SOURCE_ONE_INSTALLED_PACKAGE,False,feeds/packages/libs/libcap-ng/Makefile,False,Exact firmware installed control Source fields; exact SDK/Makefile unavailable.
feeds/vuci/api-core,1,api-core,ONE_SOURCE_ONE_INSTALLED_PACKAGE,True,feeds/vuci/api-core/Makefile,False,Exact firmware installed control Source fields; exact SDK/Makefile unavailable.
feeds/vuci/api-core/packages/lrexlib,1,lrexlib,ONE_SOURCE_ONE_INSTALLED_PACKAGE,True,feeds/vuci/api-core/packages/lrexlib/Makefile,False,Exact firmware installed control Source fields; exact SDK/Makefile unavailable.
feeds/vuci/api-core/packages/lua_crypto,1,lua_crypto,ONE_SOURCE_ONE_INSTALLED_PACKAGE,True,feeds/vuci/api-core/packages/lua_crypto/Makefile,False,Exact firmware installed control Source fields; exact SDK/Makefile unavailable.
feeds/vuci/api-core/packages/lua_extra_validators,1,lua_extra_validators,ONE_SOURCE_ONE_INSTALLED_PACKAGE,True,feeds/vuci/api-core/packages/lua_extra_validators/Makefile,False,Exact firmware installed control Source fields; exact SDK/Makefile unavailable.
feeds/vuci/applications/vuci-app-access-control/vuci-app-access-control-api,1,vuci-app-access-control-api,ONE_SOURCE_ONE_INSTALLED_PACKAGE,True,feeds/vuci/applications/vuci-app-access-control/vuci-app-access-control-api/Makefile,False,Exact firmware installed control Source fields; exact SDK/Makefile unavailable.
feeds/vuci/applications/vuci-app-access-control/vuci-app-access-control-ui,1,vuci-app-access-control-ui,ONE_SOURCE_ONE_INSTALLED_PACKAGE,True,feeds/vuci/applications/vuci-app-access-control/vuci-app-access-control-ui/Makefile,False,Exact firmware installed control Source fields; exact SDK/Makefile unavailable.
feeds/vuci/applications/vuci-app-administration/vuci-app-administration-api,1,vuci-app-administration-api,ONE_SOURCE_ONE_INSTALLED_PACKAGE,True,feeds/vuci/applications/vuci-app-administration/vuci-app-administration-api/Makefile,False,Exact firmware installed control Source fields; exact SDK/Makefile unavailable.
feeds/vuci/applications/vuci-app-administration/vuci-app-administration-ui,1,vuci-app-administration-ui,ONE_SOURCE_ONE_INSTALLED_PACKAGE,True,feeds/vuci/applications/vuci-app-administration/vuci-app-administration-ui/Makefile,False,Exact firmware installed control Source fields; exact SDK/Makefile unavailable.
feeds/vuci/applications/vuci-app-auto-reboot/vuci-app-auto-reboot-api,1,vuci-app-auto-reboot-api,ONE_SOURCE_ONE_INSTALLED_PACKAGE,True,feeds/vuci/applications/vuci-app-auto-reboot/vuci-app-auto-reboot-api/Makefile,False,Exact firmware installed control Source fields; exact SDK/Makefile unavailable.
feeds/vuci/applications/vuci-app-auto-reboot/vuci-app-auto-reboot-ui,1,vuci-app-auto-reboot-ui,ONE_SOURCE_ONE_INSTALLED_PACKAGE,True,feeds/vuci/applications/vuci-app-auto-reboot/vuci-app-auto-reboot-ui/Makefile,False,Exact firmware installed control Source fields; exact SDK/Makefile unavailable.
feeds/vuci/applications/vuci-app-backup/vuci-app-backup-api,1,vuci-app-backup-api,ONE_SOURCE_ONE_INSTALLED_PACKAGE,True,feeds/vuci/applications/vuci-app-backup/vuci-app-backup-api/Makefile,False,Exact firmware installed control Source fields; exact SDK/Makefile unavailable.
feeds/vuci/applications/vuci-app-backup/vuci-app-backup-ui,1,vuci-app-backup-ui,ONE_SOURCE_ONE_INSTALLED_PACKAGE,True,feeds/vuci/applications/vuci-app-backup/vuci-app-backup-ui/Makefile,False,Exact firmware installed control Source fields; exact SDK/Makefile unavailable.
feeds/vuci/applications/vuci-app-call-utilities/vuci-app-call-utilities-api,1,vuci-app-call-utilities-api,ONE_SOURCE_ONE_INSTALLED_PACKAGE,True,feeds/vuci/applications/vuci-app-call-utilities/vuci-app-call-utilities-api/Makefile,False,Exact firmware installed control Source fields; exact SDK/Makefile unavailable.
feeds/vuci/applications/vuci-app-call-utilities/vuci-app-call-utilities-ui,1,vuci-app-call-utilities-ui,ONE_SOURCE_ONE_INSTALLED_PACKAGE,True,feeds/vuci/applications/vuci-app-call-utilities/vuci-app-call-utilities-ui/Makefile,False,Exact firmware installed control Source fields; exact SDK/Makefile unavailable.
feeds/vuci/applications/vuci-app-certificates/vuci-app-certificates-api,1,vuci-app-certificates-api,ONE_SOURCE_ONE_INSTALLED_PACKAGE,True,feeds/vuci/applications/vuci-app-certificates/vuci-app-certificates-api/Makefile,False,Exact firmware installed control Source fields; exact SDK/Makefile unavailable.
feeds/vuci/applications/vuci-app-certificates/vuci-app-certificates-ui,1,vuci-app-certificates-ui,ONE_SOURCE_ONE_INSTALLED_PACKAGE,True,feeds/vuci/applications/vuci-app-certificates/vuci-app-certificates-ui/Makefile,False,Exact firmware installed control Source fields; exact SDK/Makefile unavailable.
feeds/vuci/applications/vuci-app-channel-analysis/vuci-app-channel-analysis-api,1,vuci-app-channel-analysis-api,ONE_SOURCE_ONE_INSTALLED_PACKAGE,True,feeds/vuci/applications/vuci-app-channel-analysis/vuci-app-channel-analysis-api/Makefile,False,Exact firmware installed control Source fields; exact SDK/Makefile unavailable.
feeds/vuci/applications/vuci-app-channel-analysis/vuci-app-channel-analysis-ui,1,vuci-app-channel-analysis-ui,ONE_SOURCE_ONE_INSTALLED_PACKAGE,True,feeds/vuci/applications/vuci-app-channel-analysis/vuci-app-channel-analysis-ui/Makefile,False,Exact firmware installed control Source fields; exact SDK/Makefile unavailable.
feeds/vuci/applications/vuci-app-cli/vuci-app-cli-api,1,vuci-app-cli-api,ONE_SOURCE_ONE_INSTALLED_PACKAGE,True,feeds/vuci/applications/vuci-app-cli/vuci-app-cli-api/Makefile,False,Exact firmware installed control Source fields; exact SDK/Makefile unavailable.
feeds/vuci/applications/vuci-app-cli/vuci-app-cli-ui,1,vuci-app-cli-ui,ONE_SOURCE_ONE_INSTALLED_PACKAGE,True,feeds/vuci/applications/vuci-app-cli/vuci-app-cli-ui/Makefile,False,Exact firmware installed control Source fields; exact SDK/Makefile unavailable.
feeds/vuci/applications/vuci-app-core/vuci-app-core-api,1,vuci-app-core-api,ONE_SOURCE_ONE_INSTALLED_PACKAGE,True,feeds/vuci/applications/vuci-app-core/vuci-app-core-api/Makefile,False,Exact firmware installed control Source fields; exact SDK/Makefile unavailable.
feeds/vuci/applications/vuci-app-core/vuci-app-core-ui,1,vuci-app-core-ui,ONE_SOURCE_ONE_INSTALLED_PACKAGE,True,feeds/vuci/applications/vuci-app-core/vuci-app-core-ui/Makefile,False,Exact firmware installed control Source fields; exact SDK/Makefile unavailable.
feeds/vuci/applications/vuci-app-data-sender/vuci-app-data-sender-api,13,data-sender-api-mod-format-custom | data-sender-api-mod-gsm | data-sender-api-mod-http | data-sender-api-mod-lua-in | data-sender-api-mod-lua_format | data-sender-api-mod-mdcollect | data-sender-api-mod-modbus | data-sender-api-mod-modbus-alarm | data-sender-api-mod-mqtt-in | data-sender-api-mod-mqtt-out | data-sender-api-mod-opcua | data-sender-api-mod-ubus | vuci-app-data-sender-api,ONE_SOURCE_MULTIPLE_INSTALLED_PACKAGES,True,feeds/vuci/applications/vuci-app-data-sender/vuci-app-data-sender-api/Makefile,False,Exact firmware installed control Source fields; exact SDK/Makefile unavailable.
feeds/vuci/applications/vuci-app-data-sender/vuci-app-data-sender-ui,1,vuci-app-data-sender-ui,ONE_SOURCE_ONE_INSTALLED_PACKAGE,True,feeds/vuci/applications/vuci-app-data-sender/vuci-app-data-sender-ui/Makefile,False,Exact firmware installed control Source fields; exact SDK/Makefile unavailable.
feeds/vuci/applications/vuci-app-ddns/vuci-app-ddns-api,1,vuci-app-ddns-api,ONE_SOURCE_ONE_INSTALLED_PACKAGE,True,feeds/vuci/applications/vuci-app-ddns/vuci-app-ddns-api/Makefile,False,Exact firmware installed control Source fields; exact SDK/Makefile unavailable.
feeds/vuci/applications/vuci-app-ddns/vuci-app-ddns-ui,1,vuci-app-ddns-ui,ONE_SOURCE_ONE_INSTALLED_PACKAGE,True,feeds/vuci/applications/vuci-app-ddns/vuci-app-ddns-ui/Makefile,False,Exact firmware installed control Source fields; exact SDK/Makefile unavailable.
feeds/vuci/applications/vuci-app-dhcp/vuci-app-dhcp-api,1,vuci-app-dhcp-api,ONE_SOURCE_ONE_INSTALLED_PACKAGE,True,feeds/vuci/applications/vuci-app-dhcp/vuci-app-dhcp-api/Makefile,False,Exact firmware installed control Source fields; exact SDK/Makefile unavailable.
feeds/vuci/applications/vuci-app-dhcp/vuci-app-dhcp-ui,1,vuci-app-dhcp-ui,ONE_SOURCE_ONE_INSTALLED_PACKAGE,True,feeds/vuci/applications/vuci-app-dhcp/vuci-app-dhcp-ui/Makefile,False,Exact firmware installed control Source fields; exact SDK/Makefile unavailable.
feeds/vuci/applications/vuci-app-dns/vuci-app-dns-api,1,vuci-app-dns-api,ONE_SOURCE_ONE_INSTALLED_PACKAGE,True,feeds/vuci/applications/vuci-app-dns/vuci-app-dns-api/Makefile,False,Exact firmware installed control Source fields; exact SDK/Makefile unavailable.
feeds/vuci/applications/vuci-app-dns/vuci-app-dns-ui,1,vuci-app-dns-ui,ONE_SOURCE_ONE_INSTALLED_PACKAGE,True,feeds/vuci/applications/vuci-app-dns/vuci-app-dns-ui/Makefile,False,Exact firmware installed control Source fields; exact SDK/Makefile unavailable.
feeds/vuci/applications/vuci-app-event-juggler/vuci-app-event-juggler-api,1,vuci-app-event-juggler-api,ONE_SOURCE_ONE_INSTALLED_PACKAGE,True,feeds/vuci/applications/vuci-app-event-juggler/vuci-app-event-juggler-api/Makefile,False,Exact firmware installed control Source fields; exact SDK/Makefile unavailable.
feeds/vuci/applications/vuci-app-event-juggler/vuci-app-event-juggler-ui,1,vuci-app-event-juggler-ui,ONE_SOURCE_ONE_INSTALLED_PACKAGE,True,feeds/vuci/applications/vuci-app-event-juggler/vuci-app-event-juggler-ui/Makefile,False,Exact firmware installed control Source fields; exact SDK/Makefile unavailable.
feeds/vuci/applications/vuci-app-events-reporting/vuci-app-events-reporting-api,1,vuci-app-events-reporting-api,ONE_SOURCE_ONE_INSTALLED_PACKAGE,True,feeds/vuci/applications/vuci-app-events-reporting/vuci-app-events-reporting-api/Makefile,False,Exact firmware installed control Source fields; exact SDK/Makefile unavailable.
feeds/vuci/applications/vuci-app-events-reporting/vuci-app-events-reporting-ui,1,vuci-app-events-reporting-ui,ONE_SOURCE_ONE_INSTALLED_PACKAGE,True,feeds/vuci/applications/vuci-app-events-reporting/vuci-app-events-reporting-ui/Makefile,False,Exact firmware installed control Source fields; exact SDK/Makefile unavailable.
feeds/vuci/applications/vuci-app-firewall/vuci-app-firewall-api,1,vuci-app-firewall-api,ONE_SOURCE_ONE_INSTALLED_PACKAGE,True,feeds/vuci/applications/vuci-app-firewall/vuci-app-firewall-api/Makefile,False,Exact firmware installed control Source fields; exact SDK/Makefile unavailable.
feeds/vuci/applications/vuci-app-firewall/vuci-app-firewall-ui,1,vuci-app-firewall-ui,ONE_SOURCE_ONE_INSTALLED_PACKAGE,True,feeds/vuci/applications/vuci-app-firewall/vuci-app-firewall-ui/Makefile,False,Exact firmware installed control Source fields; exact SDK/Makefile unavailable.
feeds/vuci/applications/vuci-app-firmware/vuci-app-firmware-api,1,vuci-app-firmware-api,ONE_SOURCE_ONE_INSTALLED_PACKAGE,True,feeds/vuci/applications/vuci-app-firmware/vuci-app-firmware-api/Makefile,False,Exact firmware installed control Source fields; exact SDK/Makefile unavailable.
feeds/vuci/applications/vuci-app-firmware/vuci-app-firmware-ui,1,vuci-app-firmware-ui,ONE_SOURCE_ONE_INSTALLED_PACKAGE,True,feeds/vuci/applications/vuci-app-firmware/vuci-app-firmware-ui/Makefile,False,Exact firmware installed control Source fields; exact SDK/Makefile unavailable.
feeds/vuci/applications/vuci-app-getty/vuci-app-getty-api,1,vuci-app-getty-api,ONE_SOURCE_ONE_INSTALLED_PACKAGE,True,feeds/vuci/applications/vuci-app-getty/vuci-app-getty-api/Makefile,False,Exact firmware installed control Source fields; exact SDK/Makefile unavailable.
feeds/vuci/applications/vuci-app-getty/vuci-app-getty-ui,1,vuci-app-getty-ui,ONE_SOURCE_ONE_INSTALLED_PACKAGE,True,feeds/vuci/applications/vuci-app-getty/vuci-app-getty-ui/Makefile,False,Exact firmware installed control Source fields; exact SDK/Makefile unavailable.
feeds/vuci/applications/vuci-app-gps/vuci-app-gps-api,1,vuci-app-gps-api,ONE_SOURCE_ONE_INSTALLED_PACKAGE,True,feeds/vuci/applications/vuci-app-gps/vuci-app-gps-api/Makefile,False,Exact firmware installed control Source fields; exact SDK/Makefile unavailable.
feeds/vuci/applications/vuci-app-gps/vuci-app-gps-ui,1,vuci-app-gps-ui,ONE_SOURCE_ONE_INSTALLED_PACKAGE,True,feeds/vuci/applications/vuci-app-gps/vuci-app-gps-ui/Makefile,False,Exact firmware installed control Source fields; exact SDK/Makefile unavailable.
feeds/vuci/applications/vuci-app-gre/vuci-app-gre-api,1,vuci-app-gre-api,ONE_SOURCE_ONE_INSTALLED_PACKAGE,True,feeds/vuci/applications/vuci-app-gre/vuci-app-gre-api/Makefile,False,Exact firmware installed control Source fields; exact SDK/Makefile unavailable.
feeds/vuci/applications/vuci-app-gre/vuci-app-gre-ui,1,vuci-app-gre-ui,ONE_SOURCE_ONE_INSTALLED_PACKAGE,True,feeds/vuci/applications/vuci-app-gre/vuci-app-gre-ui/Makefile,False,Exact firmware installed control Source fields; exact SDK/Makefile unavailable.
feeds/vuci/applications/vuci-app-io-post-get/vuci-app-io-post-get-api,1,vuci-app-io-post-get-api,ONE_SOURCE_ONE_INSTALLED_PACKAGE,True,feeds/vuci/applications/vuci-app-io-post-get/vuci-app-io-post-get-api/Makefile,False,Exact firmware installed control Source fields; exact SDK/Makefile unavailable.
feeds/vuci/applications/vuci-app-io-post-get/vuci-app-io-post-get-ui,1,vuci-app-io-post-get-ui,ONE_SOURCE_ONE_INSTALLED_PACKAGE,True,feeds/vuci/applications/vuci-app-io-post-get/vuci-app-io-post-get-ui/Makefile,False,Exact firmware installed control Source fields; exact SDK/Makefile unavailable.
feeds/vuci/applications/vuci-app-io/vuci-app-io-api,1,vuci-app-io-api,ONE_SOURCE_ONE_INSTALLED_PACKAGE,True,feeds/vuci/applications/vuci-app-io/vuci-app-io-api/Makefile,False,Exact firmware installed control Source fields; exact SDK/Makefile unavailable.
feeds/vuci/applications/vuci-app-io/vuci-app-io-ui,1,vuci-app-io-ui,ONE_SOURCE_ONE_INSTALLED_PACKAGE,True,feeds/vuci/applications/vuci-app-io/vuci-app-io-ui/Makefile,False,Exact firmware installed control Source fields; exact SDK/Makefile unavailable.
feeds/vuci/applications/vuci-app-l2tp/vuci-app-l2tp-api,1,vuci-app-l2tp-api,ONE_SOURCE_ONE_INSTALLED_PACKAGE,True,feeds/vuci/applications/vuci-app-l2tp/vuci-app-l2tp-api/Makefile,False,Exact firmware installed control Source fields; exact SDK/Makefile unavailable.
feeds/vuci/applications/vuci-app-l2tp/vuci-app-l2tp-ui,1,vuci-app-l2tp-ui,ONE_SOURCE_ONE_INSTALLED_PACKAGE,True,feeds/vuci/applications/vuci-app-l2tp/vuci-app-l2tp-ui/Makefile,False,Exact firmware installed control Source fields; exact SDK/Makefile unavailable.
feeds/vuci/applications/vuci-app-logs/vuci-app-logs-api,1,vuci-app-logs-api,ONE_SOURCE_ONE_INSTALLED_PACKAGE,True,feeds/vuci/applications/vuci-app-logs/vuci-app-logs-api/Makefile,False,Exact firmware installed control Source fields; exact SDK/Makefile unavailable.
feeds/vuci/applications/vuci-app-logs/vuci-app-logs-ui,1,vuci-app-logs-ui,ONE_SOURCE_ONE_INSTALLED_PACKAGE,True,feeds/vuci/applications/vuci-app-logs/vuci-app-logs-ui/Makefile,False,Exact firmware installed control Source fields; exact SDK/Makefile unavailable.
feeds/vuci/applications/vuci-app-memory-expansion/vuci-app-memory-expansion-api,1,vuci-app-memory-expansion-api,ONE_SOURCE_ONE_INSTALLED_PACKAGE,True,feeds/vuci/applications/vuci-app-memory-expansion/vuci-app-memory-expansion-api/Makefile,False,Exact firmware installed control Source fields; exact SDK/Makefile unavailable.
feeds/vuci/applications/vuci-app-memory-expansion/vuci-app-memory-expansion-ui,1,vuci-app-memory-expansion-ui,ONE_SOURCE_ONE_INSTALLED_PACKAGE,True,feeds/vuci/applications/vuci-app-memory-expansion/vuci-app-memory-expansion-ui/Makefile,False,Exact firmware installed control Source fields; exact SDK/Makefile unavailable.
feeds/vuci/applications/vuci-app-mobile-post-get/vuci-app-mobile-post-get-api,1,vuci-app-mobile-post-get-api,ONE_SOURCE_ONE_INSTALLED_PACKAGE,True,feeds/vuci/applications/vuci-app-mobile-post-get/vuci-app-mobile-post-get-api/Makefile,False,Exact firmware installed control Source fields; exact SDK/Makefile unavailable.
feeds/vuci/applications/vuci-app-mobile-post-get/vuci-app-mobile-post-get-ui,1,vuci-app-mobile-post-get-ui,ONE_SOURCE_ONE_INSTALLED_PACKAGE,True,feeds/vuci/applications/vuci-app-mobile-post-get/vuci-app-mobile-post-get-ui/Makefile,False,Exact firmware installed control Source fields; exact SDK/Makefile unavailable.
feeds/vuci/applications/vuci-app-mobile-usage/vuci-app-mobile-usage-api,1,vuci-app-mobile-usage-api,ONE_SOURCE_ONE_INSTALLED_PACKAGE,True,feeds/vuci/applications/vuci-app-mobile-usage/vuci-app-mobile-usage-api/Makefile,False,Exact firmware installed control Source fields; exact SDK/Makefile unavailable.
feeds/vuci/applications/vuci-app-mobile-usage/vuci-app-mobile-usage-ui,1,vuci-app-mobile-usage-ui,ONE_SOURCE_ONE_INSTALLED_PACKAGE,True,feeds/vuci/applications/vuci-app-mobile-usage/vuci-app-mobile-usage-ui/Makefile,False,Exact firmware installed control Source fields; exact SDK/Makefile unavailable.
feeds/vuci/applications/vuci-app-mobile-utilities/vuci-app-mobile-utilities-api,1,vuci-app-mobile-utilities-api,ONE_SOURCE_ONE_INSTALLED_PACKAGE,True,feeds/vuci/applications/vuci-app-mobile-utilities/vuci-app-mobile-utilities-api/Makefile,False,Exact firmware installed control Source fields; exact SDK/Makefile unavailable.
feeds/vuci/applications/vuci-app-mobile-utilities/vuci-app-mobile-utilities-ui,1,vuci-app-mobile-utilities-ui,ONE_SOURCE_ONE_INSTALLED_PACKAGE,True,feeds/vuci/applications/vuci-app-mobile-utilities/vuci-app-mobile-utilities-ui/Makefile,False,Exact firmware installed control Source fields; exact SDK/Makefile unavailable.
feeds/vuci/applications/vuci-app-mobile/vuci-app-mobile-api,1,vuci-app-mobile-api,ONE_SOURCE_ONE_INSTALLED_PACKAGE,True,feeds/vuci/applications/vuci-app-mobile/vuci-app-mobile-api/Makefile,False,Exact firmware installed control Source fields; exact SDK/Makefile unavailable.
feeds/vuci/applications/vuci-app-mobile/vuci-app-mobile-ui,1,vuci-app-mobile-ui,ONE_SOURCE_ONE_INSTALLED_PACKAGE,True,feeds/vuci/applications/vuci-app-mobile/vuci-app-mobile-ui/Makefile,False,Exact firmware installed control Source fields; exact SDK/Makefile unavailable.
feeds/vuci/applications/vuci-app-modbus-client/vuci-app-modbus-client-api,1,vuci-app-modbus-client-api,ONE_SOURCE_ONE_INSTALLED_PACKAGE,True,feeds/vuci/applications/vuci-app-modbus-client/vuci-app-modbus-client-api/Makefile,False,Exact firmware installed control Source fields; exact SDK/Makefile unavailable.
feeds/vuci/applications/vuci-app-modbus-client/vuci-app-modbus-client-ui,1,vuci-app-modbus-client-ui,ONE_SOURCE_ONE_INSTALLED_PACKAGE,True,feeds/vuci/applications/vuci-app-modbus-client/vuci-app-modbus-client-ui/Makefile,False,Exact firmware installed control Source fields; exact SDK/Makefile unavailable.
feeds/vuci/applications/vuci-app-modbus-gateway/vuci-app-modbus-gateway-api,1,vuci-app-modbus-gateway-api,ONE_SOURCE_ONE_INSTALLED_PACKAGE,True,feeds/vuci/applications/vuci-app-modbus-gateway/vuci-app-modbus-gateway-api/Makefile,False,Exact firmware installed control Source fields; exact SDK/Makefile unavailable.
feeds/vuci/applications/vuci-app-modbus-gateway/vuci-app-modbus-gateway-ui,1,vuci-app-modbus-gateway-ui,ONE_SOURCE_ONE_INSTALLED_PACKAGE,True,feeds/vuci/applications/vuci-app-modbus-gateway/vuci-app-modbus-gateway-ui/Makefile,False,Exact firmware installed control Source fields; exact SDK/Makefile unavailable.
feeds/vuci/applications/vuci-app-modbus-serial-gateway/vuci-app-modbus-serial-gateway-api,1,vuci-app-modbus-serial-gateway-api,ONE_SOURCE_ONE_INSTALLED_PACKAGE,True,feeds/vuci/applications/vuci-app-modbus-serial-gateway/vuci-app-modbus-serial-gateway-api/Makefile,False,Exact firmware installed control Source fields; exact SDK/Makefile unavailable.
feeds/vuci/applications/vuci-app-modbus-serial-gateway/vuci-app-modbus-serial-gateway-ui,1,vuci-app-modbus-serial-gateway-ui,ONE_SOURCE_ONE_INSTALLED_PACKAGE,True,feeds/vuci/applications/vuci-app-modbus-serial-gateway/vuci-app-modbus-serial-gateway-ui/Makefile,False,Exact firmware installed control Source fields; exact SDK/Makefile unavailable.
feeds/vuci/applications/vuci-app-modbus-serial/vuci-app-modbus-serial-api,1,vuci-app-modbus-serial-api,ONE_SOURCE_ONE_INSTALLED_PACKAGE,True,feeds/vuci/applications/vuci-app-modbus-serial/vuci-app-modbus-serial-api/Makefile,False,Exact firmware installed control Source fields; exact SDK/Makefile unavailable.
feeds/vuci/applications/vuci-app-modbus-serial/vuci-app-modbus-serial-ui,1,vuci-app-modbus-serial-ui,ONE_SOURCE_ONE_INSTALLED_PACKAGE,True,feeds/vuci/applications/vuci-app-modbus-serial/vuci-app-modbus-serial-ui/Makefile,False,Exact firmware installed control Source fields; exact SDK/Makefile unavailable.
feeds/vuci/applications/vuci-app-modbus-server/vuci-app-modbus-server-api,1,vuci-app-modbus-server-api,ONE_SOURCE_ONE_INSTALLED_PACKAGE,True,feeds/vuci/applications/vuci-app-modbus-server/vuci-app-modbus-server-api/Makefile,False,Exact firmware installed control Source fields; exact SDK/Makefile unavailable.
feeds/vuci/applications/vuci-app-modbus-server/vuci-app-modbus-server-ui,1,vuci-app-modbus-server-ui,ONE_SOURCE_ONE_INSTALLED_PACKAGE,True,feeds/vuci/applications/vuci-app-modbus-server/vuci-app-modbus-server-ui/Makefile,False,Exact firmware installed control Source fields; exact SDK/Makefile unavailable.
feeds/vuci/applications/vuci-app-modem-control/vuci-app-modem-control-api,1,vuci-app-modem-control-api,ONE_SOURCE_ONE_INSTALLED_PACKAGE,True,feeds/vuci/applications/vuci-app-modem-control/vuci-app-modem-control-api/Makefile,False,Exact firmware installed control Source fields; exact SDK/Makefile unavailable.
feeds/vuci/applications/vuci-app-modem-control/vuci-app-modem-control-ui,1,vuci-app-modem-control-ui,ONE_SOURCE_ONE_INSTALLED_PACKAGE,True,feeds/vuci/applications/vuci-app-modem-control/vuci-app-modem-control-ui/Makefile,False,Exact firmware installed control Source fields; exact SDK/Makefile unavailable.
feeds/vuci/applications/vuci-app-multiusers/vuci-app-multiusers-api,1,vuci-app-multiusers-api,ONE_SOURCE_ONE_INSTALLED_PACKAGE,True,feeds/vuci/applications/vuci-app-multiusers/vuci-app-multiusers-api/Makefile,False,Exact firmware installed control Source fields; exact SDK/Makefile unavailable.
feeds/vuci/applications/vuci-app-multiusers/vuci-app-multiusers-ui,1,vuci-app-multiusers-ui,ONE_SOURCE_ONE_INSTALLED_PACKAGE,True,feeds/vuci/applications/vuci-app-multiusers/vuci-app-multiusers-ui/Makefile,False,Exact firmware installed control Source fields; exact SDK/Makefile unavailable.
feeds/vuci/applications/vuci-app-mwan3/vuci-app-mwan3-api,1,vuci-app-mwan3-api,ONE_SOURCE_ONE_INSTALLED_PACKAGE,True,feeds/vuci/applications/vuci-app-mwan3/vuci-app-mwan3-api/Makefile,False,Exact firmware installed control Source fields; exact SDK/Makefile unavailable.
feeds/vuci/applications/vuci-app-mwan3/vuci-app-mwan3-ui,1,vuci-app-mwan3-ui,ONE_SOURCE_ONE_INSTALLED_PACKAGE,True,feeds/vuci/applications/vuci-app-mwan3/vuci-app-mwan3-ui/Makefile,False,Exact firmware installed control Source fields; exact SDK/Makefile unavailable.
feeds/vuci/applications/vuci-app-network-devices/vuci-app-network-devices-api,1,vuci-app-network-devices-api,ONE_SOURCE_ONE_INSTALLED_PACKAGE,True,feeds/vuci/applications/vuci-app-network-devices/vuci-app-network-devices-api/Makefile,False,Exact firmware installed control Source fields; exact SDK/Makefile unavailable.
feeds/vuci/applications/vuci-app-network/vuci-app-network-api,1,vuci-app-network-api,ONE_SOURCE_ONE_INSTALLED_PACKAGE,True,feeds/vuci/applications/vuci-app-network/vuci-app-network-api/Makefile,False,Exact firmware installed control Source fields; exact SDK/Makefile unavailable.
feeds/vuci/applications/vuci-app-network/vuci-app-network-ui,1,vuci-app-network-ui,ONE_SOURCE_ONE_INSTALLED_PACKAGE,True,feeds/vuci/applications/vuci-app-network/vuci-app-network-ui/Makefile,False,Exact firmware installed control Source fields; exact SDK/Makefile unavailable.
feeds/vuci/applications/vuci-app-ntp/vuci-app-ntp-api,1,vuci-app-ntp-api,ONE_SOURCE_ONE_INSTALLED_PACKAGE,True,feeds/vuci/applications/vuci-app-ntp/vuci-app-ntp-api/Makefile,False,Exact firmware installed control Source fields; exact SDK/Makefile unavailable.
feeds/vuci/applications/vuci-app-ntp/vuci-app-ntp-ui,1,vuci-app-ntp-ui,ONE_SOURCE_ONE_INSTALLED_PACKAGE,True,feeds/vuci/applications/vuci-app-ntp/vuci-app-ntp-ui/Makefile,False,Exact firmware installed control Source fields; exact SDK/Makefile unavailable.
feeds/vuci/applications/vuci-app-opcua-server/vuci-app-opcua-server-api,1,vuci-app-opcua-server-api,ONE_SOURCE_ONE_INSTALLED_PACKAGE,True,feeds/vuci/applications/vuci-app-opcua-server/vuci-app-opcua-server-api/Makefile,False,Exact firmware installed control Source fields; exact SDK/Makefile unavailable.
feeds/vuci/applications/vuci-app-opcua-server/vuci-app-opcua-server-ui,1,vuci-app-opcua-server-ui,ONE_SOURCE_ONE_INSTALLED_PACKAGE,True,feeds/vuci/applications/vuci-app-opcua-server/vuci-app-opcua-server-ui/Makefile,False,Exact firmware installed control Source fields; exact SDK/Makefile unavailable.
feeds/vuci/applications/vuci-app-opcua/vuci-app-opcua-api,1,vuci-app-opcua-api,ONE_SOURCE_ONE_INSTALLED_PACKAGE,True,feeds/vuci/applications/vuci-app-opcua/vuci-app-opcua-api/Makefile,False,Exact firmware installed control Source fields; exact SDK/Makefile unavailable.
feeds/vuci/applications/vuci-app-opcua/vuci-app-opcua-ui,1,vuci-app-opcua-ui,ONE_SOURCE_ONE_INSTALLED_PACKAGE,True,feeds/vuci/applications/vuci-app-opcua/vuci-app-opcua-ui/Makefile,False,Exact firmware installed control Source fields; exact SDK/Makefile unavailable.
feeds/vuci/applications/vuci-app-openvpn/vuci-app-openvpn-api,1,vuci-app-openvpn-api,ONE_SOURCE_ONE_INSTALLED_PACKAGE,True,feeds/vuci/applications/vuci-app-openvpn/vuci-app-openvpn-api/Makefile,False,Exact firmware installed control Source fields; exact SDK/Makefile unavailable.
feeds/vuci/applications/vuci-app-openvpn/vuci-app-openvpn-ui,1,vuci-app-openvpn-ui,ONE_SOURCE_ONE_INSTALLED_PACKAGE,True,feeds/vuci/applications/vuci-app-openvpn/vuci-app-openvpn-ui/Makefile,False,Exact firmware installed control Source fields; exact SDK/Makefile unavailable.
feeds/vuci/applications/vuci-app-overip/vuci-app-overip-api,1,vuci-app-overip-api,ONE_SOURCE_ONE_INSTALLED_PACKAGE,True,feeds/vuci/applications/vuci-app-overip/vuci-app-overip-api/Makefile,False,Exact firmware installed control Source fields; exact SDK/Makefile unavailable.
feeds/vuci/applications/vuci-app-overip/vuci-app-overip-ui,1,vuci-app-overip-ui,ONE_SOURCE_ONE_INSTALLED_PACKAGE,True,feeds/vuci/applications/vuci-app-overip/vuci-app-overip-ui/Makefile,False,Exact firmware installed control Source fields; exact SDK/Makefile unavailable.
feeds/vuci/applications/vuci-app-overview/vuci-app-overview-api,1,vuci-app-overview-api,ONE_SOURCE_ONE_INSTALLED_PACKAGE,True,feeds/vuci/applications/vuci-app-overview/vuci-app-overview-api/Makefile,False,Exact firmware installed control Source fields; exact SDK/Makefile unavailable.
feeds/vuci/applications/vuci-app-overview/vuci-app-overview-ui,1,vuci-app-overview-ui,ONE_SOURCE_ONE_INSTALLED_PACKAGE,True,feeds/vuci/applications/vuci-app-overview/vuci-app-overview-ui/Makefile,False,Exact firmware installed control Source fields; exact SDK/Makefile unavailable.
feeds/vuci/applications/vuci-app-package-manager/vuci-app-package-manager-api,1,vuci-app-package-manager-api,ONE_SOURCE_ONE_INSTALLED_PACKAGE,True,feeds/vuci/applications/vuci-app-package-manager/vuci-app-package-manager-api/Makefile,False,Exact firmware installed control Source fields; exact SDK/Makefile unavailable.
feeds/vuci/applications/vuci-app-package-manager/vuci-app-package-manager-ui,1,vuci-app-package-manager-ui,ONE_SOURCE_ONE_INSTALLED_PACKAGE,True,feeds/vuci/applications/vuci-app-package-manager/vuci-app-package-manager-ui/Makefile,False,Exact firmware installed control Source fields; exact SDK/Makefile unavailable.
feeds/vuci/applications/vuci-app-password-policy/vuci-app-password-policy-api,1,vuci-app-password-policy-api,ONE_SOURCE_ONE_INSTALLED_PACKAGE,True,feeds/vuci/applications/vuci-app-password-policy/vuci-app-password-policy-api/Makefile,False,Exact firmware installed control Source fields; exact SDK/Makefile unavailable.
feeds/vuci/applications/vuci-app-password-policy/vuci-app-password-policy-ui,1,vuci-app-password-policy-ui,ONE_SOURCE_ONE_INSTALLED_PACKAGE,True,feeds/vuci/applications/vuci-app-password-policy/vuci-app-password-policy-ui/Makefile,False,Exact firmware installed control Source fields; exact SDK/Makefile unavailable.
feeds/vuci/applications/vuci-app-pcom/vuci-app-pcom-api,1,vuci-app-pcom-api,ONE_SOURCE_ONE_INSTALLED_PACKAGE,True,feeds/vuci/applications/vuci-app-pcom/vuci-app-pcom-api/Makefile,False,Exact firmware installed control Source fields; exact SDK/Makefile unavailable.
feeds/vuci/applications/vuci-app-pcom/vuci-app-pcom-ui,1,vuci-app-pcom-ui,ONE_SOURCE_ONE_INSTALLED_PACKAGE,True,feeds/vuci/applications/vuci-app-pcom/vuci-app-pcom-ui/Makefile,False,Exact firmware installed control Source fields; exact SDK/Makefile unavailable.
feeds/vuci/applications/vuci-app-ports-settings/vuci-app-ports-settings-api,1,vuci-app-ports-settings-api,ONE_SOURCE_ONE_INSTALLED_PACKAGE,True,feeds/vuci/applications/vuci-app-ports-settings/vuci-app-ports-settings-api/Makefile,False,Exact firmware installed control Source fields; exact SDK/Makefile unavailable.
feeds/vuci/applications/vuci-app-ports-settings/vuci-app-ports-settings-ui,1,vuci-app-ports-settings-ui,ONE_SOURCE_ONE_INSTALLED_PACKAGE,True,feeds/vuci/applications/vuci-app-ports-settings/vuci-app-ports-settings-ui/Makefile,False,Exact firmware installed control Source fields; exact SDK/Makefile unavailable.
feeds/vuci/applications/vuci-app-pptp/vuci-app-pptp-api,1,vuci-app-pptp-api,ONE_SOURCE_ONE_INSTALLED_PACKAGE,True,feeds/vuci/applications/vuci-app-pptp/vuci-app-pptp-api/Makefile,False,Exact firmware installed control Source fields; exact SDK/Makefile unavailable.
feeds/vuci/applications/vuci-app-pptp/vuci-app-pptp-ui,1,vuci-app-pptp-ui,ONE_SOURCE_ONE_INSTALLED_PACKAGE,True,feeds/vuci/applications/vuci-app-pptp/vuci-app-pptp-ui/Makefile,False,Exact firmware installed control Source fields; exact SDK/Makefile unavailable.
feeds/vuci/applications/vuci-app-profiles/vuci-app-profiles-api,1,vuci-app-profiles-api,ONE_SOURCE_ONE_INSTALLED_PACKAGE,True,feeds/vuci/applications/vuci-app-profiles/vuci-app-profiles-api/Makefile,False,Exact firmware installed control Source fields; exact SDK/Makefile unavailable.
feeds/vuci/applications/vuci-app-profiles/vuci-app-profiles-ui,1,vuci-app-profiles-ui,ONE_SOURCE_ONE_INSTALLED_PACKAGE,True,feeds/vuci/applications/vuci-app-profiles/vuci-app-profiles-ui/Makefile,False,Exact firmware installed control Source fields; exact SDK/Makefile unavailable.
feeds/vuci/applications/vuci-app-realtime/vuci-app-realtime-api,1,vuci-app-realtime-api,ONE_SOURCE_ONE_INSTALLED_PACKAGE,True,feeds/vuci/applications/vuci-app-realtime/vuci-app-realtime-api/Makefile,False,Exact firmware installed control Source fields; exact SDK/Makefile unavailable.
feeds/vuci/applications/vuci-app-realtime/vuci-app-realtime-ui,1,vuci-app-realtime-ui,ONE_SOURCE_ONE_INSTALLED_PACKAGE,True,feeds/vuci/applications/vuci-app-realtime/vuci-app-realtime-ui/Makefile,False,Exact firmware installed control Source fields; exact SDK/Makefile unavailable.
feeds/vuci/applications/vuci-app-recipients/vuci-app-recipients-api,1,vuci-app-recipients-api,ONE_SOURCE_ONE_INSTALLED_PACKAGE,True,feeds/vuci/applications/vuci-app-recipients/vuci-app-recipients-api/Makefile,False,Exact firmware installed control Source fields; exact SDK/Makefile unavailable.
feeds/vuci/applications/vuci-app-recipients/vuci-app-recipients-ui,1,vuci-app-recipients-ui,ONE_SOURCE_ONE_INSTALLED_PACKAGE,True,feeds/vuci/applications/vuci-app-recipients/vuci-app-recipients-ui/Makefile,False,Exact firmware installed control Source fields; exact SDK/Makefile unavailable.
feeds/vuci/applications/vuci-app-reset/vuci-app-reset-ui,1,vuci-app-reset-ui,ONE_SOURCE_ONE_INSTALLED_PACKAGE,True,feeds/vuci/applications/vuci-app-reset/vuci-app-reset-ui/Makefile,False,Exact firmware installed control Source fields; exact SDK/Makefile unavailable.
feeds/vuci/applications/vuci-app-routes/vuci-app-routes-api,1,vuci-app-routes-api,ONE_SOURCE_ONE_INSTALLED_PACKAGE,True,feeds/vuci/applications/vuci-app-routes/vuci-app-routes-api/Makefile,False,Exact firmware installed control Source fields; exact SDK/Makefile unavailable.
feeds/vuci/applications/vuci-app-routes/vuci-app-routes-ui,1,vuci-app-routes-ui,ONE_SOURCE_ONE_INSTALLED_PACKAGE,True,feeds/vuci/applications/vuci-app-routes/vuci-app-routes-ui/Makefile,False,Exact firmware installed control Source fields; exact SDK/Makefile unavailable.
feeds/vuci/applications/vuci-app-rut-fota/vuci-app-rut-fota-api,1,vuci-app-rut-fota-api,ONE_SOURCE_ONE_INSTALLED_PACKAGE,True,feeds/vuci/applications/vuci-app-rut-fota/vuci-app-rut-fota-api/Makefile,False,Exact firmware installed control Source fields; exact SDK/Makefile unavailable.
feeds/vuci/applications/vuci-app-rut-fota/vuci-app-rut-fota-ui,1,vuci-app-rut-fota-ui,ONE_SOURCE_ONE_INSTALLED_PACKAGE,True,feeds/vuci/applications/vuci-app-rut-fota/vuci-app-rut-fota-ui/Makefile,False,Exact firmware installed control Source fields; exact SDK/Makefile unavailable.
feeds/vuci/applications/vuci-app-services-status/vuci-app-services-status-api,1,vuci-app-services-status-api,ONE_SOURCE_ONE_INSTALLED_PACKAGE,True,feeds/vuci/applications/vuci-app-services-status/vuci-app-services-status-api/Makefile,False,Exact firmware installed control Source fields; exact SDK/Makefile unavailable.
feeds/vuci/applications/vuci-app-services-status/vuci-app-services-status-ui,1,vuci-app-services-status-ui,ONE_SOURCE_ONE_INSTALLED_PACKAGE,True,feeds/vuci/applications/vuci-app-services-status/vuci-app-services-status-ui/Makefile,False,Exact firmware installed control Source fields; exact SDK/Makefile unavailable.
feeds/vuci/applications/vuci-app-setup-wizard/vuci-app-setup-wizard-api,1,vuci-app-setup-wizard-api,ONE_SOURCE_ONE_INSTALLED_PACKAGE,True,feeds/vuci/applications/vuci-app-setup-wizard/vuci-app-setup-wizard-api/Makefile,False,Exact firmware installed control Source fields; exact SDK/Makefile unavailable.
feeds/vuci/applications/vuci-app-setup-wizard/vuci-app-setup-wizard-ui,1,vuci-app-setup-wizard-ui,ONE_SOURCE_ONE_INSTALLED_PACKAGE,True,feeds/vuci/applications/vuci-app-setup-wizard/vuci-app-setup-wizard-ui/Makefile,False,Exact firmware installed control Source fields; exact SDK/Makefile unavailable.
feeds/vuci/applications/vuci-app-side-widget/vuci-app-side-widget-api,1,vuci-app-side-widget-api,ONE_SOURCE_ONE_INSTALLED_PACKAGE,True,feeds/vuci/applications/vuci-app-side-widget/vuci-app-side-widget-api/Makefile,False,Exact firmware installed control Source fields; exact SDK/Makefile unavailable.
feeds/vuci/applications/vuci-app-side-widget/vuci-app-side-widget-ui,1,vuci-app-side-widget-ui,ONE_SOURCE_ONE_INSTALLED_PACKAGE,True,feeds/vuci/applications/vuci-app-side-widget/vuci-app-side-widget-ui/Makefile,False,Exact firmware installed control Source fields; exact SDK/Makefile unavailable.
feeds/vuci/applications/vuci-app-strong-swan/vuci-app-strong-swan-api,1,vuci-app-strong-swan-api,ONE_SOURCE_ONE_INSTALLED_PACKAGE,True,feeds/vuci/applications/vuci-app-strong-swan/vuci-app-strong-swan-api/Makefile,False,Exact firmware installed control Source fields; exact SDK/Makefile unavailable.
feeds/vuci/applications/vuci-app-strong-swan/vuci-app-strong-swan-ui,1,vuci-app-strong-swan-ui,ONE_SOURCE_ONE_INSTALLED_PACKAGE,True,feeds/vuci/applications/vuci-app-strong-swan/vuci-app-strong-swan-ui/Makefile,False,Exact firmware installed control Source fields; exact SDK/Makefile unavailable.
feeds/vuci/applications/vuci-app-system-info/vuci-app-system-info-api,1,vuci-app-system-info-api,ONE_SOURCE_ONE_INSTALLED_PACKAGE,True,feeds/vuci/applications/vuci-app-system-info/vuci-app-system-info-api/Makefile,False,Exact firmware installed control Source fields; exact SDK/Makefile unavailable.
feeds/vuci/applications/vuci-app-system-status/vuci-app-system-status-api,1,vuci-app-system-status-api,ONE_SOURCE_ONE_INSTALLED_PACKAGE,True,feeds/vuci/applications/vuci-app-system-status/vuci-app-system-status-api/Makefile,False,Exact firmware installed control Source fields; exact SDK/Makefile unavailable.
feeds/vuci/applications/vuci-app-system-status/vuci-app-system-status-ui,1,vuci-app-system-status-ui,ONE_SOURCE_ONE_INSTALLED_PACKAGE,True,feeds/vuci/applications/vuci-app-system-status/vuci-app-system-status-ui/Makefile,False,Exact firmware installed control Source fields; exact SDK/Makefile unavailable.
feeds/vuci/applications/vuci-app-topology/vuci-app-topology-api,1,vuci-app-topology-api,ONE_SOURCE_ONE_INSTALLED_PACKAGE,True,feeds/vuci/applications/vuci-app-topology/vuci-app-topology-api/Makefile,False,Exact firmware installed control Source fields; exact SDK/Makefile unavailable.
feeds/vuci/applications/vuci-app-troubleshoot/vuci-app-troubleshoot-api,1,vuci-app-troubleshoot-api,ONE_SOURCE_ONE_INSTALLED_PACKAGE,True,feeds/vuci/applications/vuci-app-troubleshoot/vuci-app-troubleshoot-api/Makefile,False,Exact firmware installed control Source fields; exact SDK/Makefile unavailable.
feeds/vuci/applications/vuci-app-troubleshoot/vuci-app-troubleshoot-ui,1,vuci-app-troubleshoot-ui,ONE_SOURCE_ONE_INSTALLED_PACKAGE,True,feeds/vuci/applications/vuci-app-troubleshoot/vuci-app-troubleshoot-ui/Makefile,False,Exact firmware installed control Source fields; exact SDK/Makefile unavailable.
feeds/vuci/applications/vuci-app-ui/vuci-app-ui-api,1,vuci-app-ui-api,ONE_SOURCE_ONE_INSTALLED_PACKAGE,True,feeds/vuci/applications/vuci-app-ui/vuci-app-ui-api/Makefile,False,Exact firmware installed control Source fields; exact SDK/Makefile unavailable.
feeds/vuci/applications/vuci-app-usb-tools/vuci-app-usb-tools-api,1,vuci-app-usb-tools-api,ONE_SOURCE_ONE_INSTALLED_PACKAGE,True,feeds/vuci/applications/vuci-app-usb-tools/vuci-app-usb-tools-api/Makefile,False,Exact firmware installed control Source fields; exact SDK/Makefile unavailable.
feeds/vuci/applications/vuci-app-usb-tools/vuci-app-usb-tools-ui,1,vuci-app-usb-tools-ui,ONE_SOURCE_ONE_INSTALLED_PACKAGE,True,feeds/vuci/applications/vuci-app-usb-tools/vuci-app-usb-tools-ui/Makefile,False,Exact firmware installed control Source fields; exact SDK/Makefile unavailable.
feeds/vuci/applications/vuci-app-uscripts/vuci-app-uscripts-api,1,vuci-app-uscripts-api,ONE_SOURCE_ONE_INSTALLED_PACKAGE,True,feeds/vuci/applications/vuci-app-uscripts/vuci-app-uscripts-api/Makefile,False,Exact firmware installed control Source fields; exact SDK/Makefile unavailable.
feeds/vuci/applications/vuci-app-uscripts/vuci-app-uscripts-ui,1,vuci-app-uscripts-ui,ONE_SOURCE_ONE_INSTALLED_PACKAGE,True,feeds/vuci/applications/vuci-app-uscripts/vuci-app-uscripts-ui/Makefile,False,Exact firmware installed control Source fields; exact SDK/Makefile unavailable.
feeds/vuci/applications/vuci-app-vlan/vuci-app-vlan-api,1,vuci-app-vlan-api,ONE_SOURCE_ONE_INSTALLED_PACKAGE,True,feeds/vuci/applications/vuci-app-vlan/vuci-app-vlan-api/Makefile,False,Exact firmware installed control Source fields; exact SDK/Makefile unavailable.
feeds/vuci/applications/vuci-app-vlan/vuci-app-vlan-ui,1,vuci-app-vlan-ui,ONE_SOURCE_ONE_INSTALLED_PACKAGE,True,feeds/vuci/applications/vuci-app-vlan/vuci-app-vlan-ui/Makefile,False,Exact firmware installed control Source fields; exact SDK/Makefile unavailable.
feeds/vuci/applications/vuci-app-wireguard/vuci-app-wireguard-api,1,vuci-app-wireguard-api,ONE_SOURCE_ONE_INSTALLED_PACKAGE,True,feeds/vuci/applications/vuci-app-wireguard/vuci-app-wireguard-api/Makefile,False,Exact firmware installed control Source fields; exact SDK/Makefile unavailable.
feeds/vuci/applications/vuci-app-wireguard/vuci-app-wireguard-ui,1,vuci-app-wireguard-ui,ONE_SOURCE_ONE_INSTALLED_PACKAGE,True,feeds/vuci/applications/vuci-app-wireguard/vuci-app-wireguard-ui/Makefile,False,Exact firmware installed control Source fields; exact SDK/Makefile unavailable.
feeds/vuci/applications/vuci-app-wireless/vuci-app-wireless-api,1,vuci-app-wireless-api,ONE_SOURCE_ONE_INSTALLED_PACKAGE,True,feeds/vuci/applications/vuci-app-wireless/vuci-app-wireless-api/Makefile,False,Exact firmware installed control Source fields; exact SDK/Makefile unavailable.
feeds/vuci/applications/vuci-app-wireless/vuci-app-wireless-ui,1,vuci-app-wireless-ui,ONE_SOURCE_ONE_INSTALLED_PACKAGE,True,feeds/vuci/applications/vuci-app-wireless/vuci-app-wireless-ui/Makefile,False,Exact firmware installed control Source fields; exact SDK/Makefile unavailable.
feeds/vuci/vuci-ui-core,1,vuci-ui-core,ONE_SOURCE_ONE_INSTALLED_PACKAGE,True,feeds/vuci/vuci-ui-core/Makefile,False,Exact firmware installed control Source fields; exact SDK/Makefile unavailable.
package/base-files,1,base-files,ONE_SOURCE_ONE_INSTALLED_PACKAGE,False,package/base-files/Makefile,False,Exact firmware installed control Source fields; exact SDK/Makefile unavailable.
package/boot/uboot-ath79,1,uboot-ath79,ONE_SOURCE_ONE_INSTALLED_PACKAGE,False,package/boot/uboot-ath79/Makefile,False,Exact firmware installed control Source fields; exact SDK/Makefile unavailable.
package/firmware/wireless-regdb,1,wireless-regdb,ONE_SOURCE_ONE_INSTALLED_PACKAGE,False,package/firmware/wireless-regdb/Makefile,False,Exact firmware installed control Source fields; exact SDK/Makefile unavailable.
package/kernel/exfat,1,kmod-fs-exfat,ONE_SOURCE_ONE_INSTALLED_PACKAGE,False,package/kernel/exfat/Makefile,False,Exact firmware installed control Source fields; exact SDK/Makefile unavailable.
package/kernel/gpio-button-hotplug,1,kmod-gpio-button-hotplug,ONE_SOURCE_ONE_INSTALLED_PACKAGE,False,package/kernel/gpio-button-hotplug/Makefile,False,Exact firmware installed control Source fields; exact SDK/Makefile unavailable.
package/kernel/linux,134,kernel | kmod-asn1-decoder | kmod-crypto-acompress | kmod-crypto-aead | kmod-crypto-arc4 | kmod-crypto-authenc | kmod-crypto-cbc | kmod-crypto-ccm | kmod-crypto-cmac | kmod-crypto-crc32c | kmod-crypto-ctr | kmod-crypto-deflate | kmod-crypto-des | kmod-crypto-ecb | kmod-crypto-echainiv | kmod-crypto-gcm | kmod-crypto-gf128 | kmod-crypto-ghash | kmod-crypto-hash | kmod-crypto-hmac | kmod-crypto-kpp | kmod-crypto-lib-blake2s | kmod-crypto-lib-chacha20 | kmod-crypto-lib-chacha20poly1305 | kmod-crypto-lib-curve25519 | kmod-crypto-lib-poly1305 | kmod-crypto-manager | kmod-crypto-md5 | kmod-crypto-null | kmod-crypto-pcompress | kmod-crypto-rng | kmod-crypto-seqiv | kmod-crypto-sha1 | kmod-crypto-sha256 | kmod-crypto-sha512 | kmod-fs-autofs4 | kmod-fs-ext4 | kmod-fs-msdos | kmod-fs-ntfs | kmod-fs-vfat | kmod-gpio-nxp-74hc164 | kmod-gre | kmod-gre6 | kmod-hwmon-core | kmod-hwmon-mcp3021 | kmod-hwmon-tla2021 | kmod-i2c-core | kmod-i2c-mt7628 | kmod-ip6-tunnel | kmod-ip6tables | kmod-ipsec | kmod-ipsec4 | kmod-ipsec6 | kmod-ipt-conntrack | kmod-ipt-conntrack-extra | kmod-ipt-core | kmod-ipt-ipopt | kmod-ipt-ipsec | kmod-ipt-ipset | kmod-ipt-nat | kmod-ipt-offload | kmod-ipt-raw | kmod-ipt-raw6 | kmod-iptunnel | kmod-iptunnel4 | kmod-iptunnel6 | kmod-l2tp | kmod-l2tp-eth | kmod-l2tp-ip | kmod-leds-gpio | kmod-lib-crc-ccitt | kmod-lib-crc16 | kmod-lib-crc32c | kmod-lib-textsearch | kmod-lib-zlib-deflate | kmod-lib-zlib-inflate | kmod-mii | kmod-mppe | kmod-nf-conntrack | kmod-nf-conntrack-netlink | kmod-nf-conntrack6 | kmod-nf-flow | kmod-nf-ipt | kmod-nf-ipt6 | kmod-nf-log | kmod-nf-log6 | kmod-nf-nat | kmod-nf-nathelper | kmod-nf-nathelper-extra | kmod-nf-reject | kmod-nf-reject6 | kmod-nfnetlink | kmod-nft-core | kmod-nft-netdev | kmod-nls-base | kmod-nls-cp437 | kmod-nls-iso8859-1 | kmod-nls-utf8 | kmod-ppp | kmod-pppoe | kmod-pppol2tp | kmod-pppox | kmod-pptp | kmod-scsi-core | kmod-slhc | kmod-spi-bitbang | kmod-spi-gpio | kmod-tun | kmod-udptunnel4 | kmod-udptunnel6 | kmod-usb-acm | kmod-usb-core | kmod-usb-ehci | kmod-usb-net | kmod-usb-net-cdc-ether | kmod-usb-net-cdc-ncm | kmod-usb-net-qmi-wwan | kmod-usb-net-rndis | kmod-usb-serial | kmod-usb-serial-ark3116 | kmod-usb-serial-belkin | kmod-usb-serial-ch341 | kmod-usb-serial-ch343 | kmod-usb-serial-cp210x | kmod-usb-serial-cypress-m8 | kmod-usb-serial-ftdi | kmod-usb-serial-option | kmod-usb-serial-pl2303 | kmod-usb-serial-wwan | kmod-usb-storage | kmod-usb-wdm | kmod-usb2 | kmod-wireguard | kmod-xfrm-interface,ONE_SOURCE_MULTIPLE_INSTALLED_PACKAGES,False,package/kernel/linux/Makefile,False,Exact firmware installed control Source fields; exact SDK/Makefile unavailable.
package/kernel/mac80211_515,2,kmod-cfg80211_515 | kmod-mac80211_515,ONE_SOURCE_MULTIPLE_INSTALLED_PACKAGES,False,package/kernel/mac80211_515/Makefile,False,Exact firmware installed control Source fields; exact SDK/Makefile unavailable.
package/kernel/mt76_515,2,kmod-mt76-core_515 | kmod-mt7603_515,ONE_SOURCE_MULTIPLE_INSTALLED_PACKAGES,False,package/kernel/mt76_515/Makefile,False,Exact firmware installed control Source fields; exact SDK/Makefile unavailable.
package/kernel/ovpn-dco,1,kmod-ovpn-dco-v2,ONE_SOURCE_ONE_INSTALLED_PACKAGE,False,package/kernel/ovpn-dco/Makefile,False,Exact firmware installed control Source fields; exact SDK/Makefile unavailable.
package/kernel/pulse-counter,1,kmod-tlt-pulse-counter,ONE_SOURCE_ONE_INSTALLED_PACKAGE,False,package/kernel/pulse-counter/Makefile,False,Exact firmware installed control Source fields; exact SDK/Makefile unavailable.
package/kernel/tlt-gpio,1,kmod-tlt-gpio,ONE_SOURCE_ONE_INSTALLED_PACKAGE,False,package/kernel/tlt-gpio/Makefile,False,Exact firmware installed control Source fields; exact SDK/Makefile unavailable.
package/lang/lua/luasocket,1,luasocket,ONE_SOURCE_ONE_INSTALLED_PACKAGE,False,package/lang/lua/luasocket/Makefile,False,Exact firmware installed control Source fields; exact SDK/Makefile unavailable.
package/libs/c-ares,1,libcares,ONE_SOURCE_ONE_INSTALLED_PACKAGE,False,package/libs/c-ares/Makefile,False,Exact firmware installed control Source fields; exact SDK/Makefile unavailable.
package/libs/davici,1,davici,ONE_SOURCE_ONE_INSTALLED_PACKAGE,False,package/libs/davici/Makefile,False,Exact firmware installed control Source fields; exact SDK/Makefile unavailable.
package/libs/libcap,2,libcap | libcap-bin,ONE_SOURCE_MULTIPLE_INSTALLED_PACKAGES,False,package/libs/libcap/Makefile,False,Exact firmware installed control Source fields; exact SDK/Makefile unavailable.
package/libs/libcgi,1,libcgi,ONE_SOURCE_ONE_INSTALLED_PACKAGE,False,package/libs/libcgi/Makefile,False,Exact firmware installed control Source fields; exact SDK/Makefile unavailable.
package/libs/libgpiod,2,gpiod-tools | libgpiod,ONE_SOURCE_MULTIPLE_INSTALLED_PACKAGES,False,package/libs/libgpiod/Makefile,False,Exact firmware installed control Source fields; exact SDK/Makefile unavailable.
package/libs/libjson-c,1,libjson-c5,ONE_SOURCE_ONE_INSTALLED_PACKAGE,False,package/libs/libjson-c/Makefile,False,Exact firmware installed control Source fields; exact SDK/Makefile unavailable.
package/libs/libmnl,1,libmnl0,ONE_SOURCE_ONE_INSTALLED_PACKAGE,False,package/libs/libmnl/Makefile,False,Exact firmware installed control Source fields; exact SDK/Makefile unavailable.
package/libs/libmodbus,1,libmodbus,ONE_SOURCE_ONE_INSTALLED_PACKAGE,False,package/libs/libmodbus/Makefile,False,Exact firmware installed control Source fields; exact SDK/Makefile unavailable.
package/libs/libnetfilter-conntrack,1,libnetfilter-conntrack3,ONE_SOURCE_ONE_INSTALLED_PACKAGE,False,package/libs/libnetfilter-conntrack/Makefile,False,Exact firmware installed control Source fields; exact SDK/Makefile unavailable.
package/libs/libnfnetlink,1,libnfnetlink0,ONE_SOURCE_ONE_INSTALLED_PACKAGE,False,package/libs/libnfnetlink/Makefile,False,Exact firmware installed control Source fields; exact SDK/Makefile unavailable.
package/libs/libnftnl,1,libnftnl11,ONE_SOURCE_ONE_INSTALLED_PACKAGE,False,package/libs/libnftnl/Makefile,False,Exact firmware installed control Source fields; exact SDK/Makefile unavailable.
package/libs/libnl,2,libnl-core200 | libnl-genl200,ONE_SOURCE_MULTIPLE_INSTALLED_PACKAGES,False,package/libs/libnl/Makefile,False,Exact firmware installed control Source fields; exact SDK/Makefile unavailable.
package/libs/libnl-tiny,1,libnl-tiny2023-04-02,ONE_SOURCE_ONE_INSTALLED_PACKAGE,False,package/libs/libnl-tiny/Makefile,False,Exact firmware installed control Source fields; exact SDK/Makefile unavailable.
package/libs/libpcap,1,libpcap1,ONE_SOURCE_ONE_INSTALLED_PACKAGE,False,package/libs/libpcap/Makefile,False,Exact firmware installed control Source fields; exact SDK/Makefile unavailable.
package/libs/libubox,5,jshn | libblobmsg-json20240329 | libjson-script20240329 | libubox-lua | libubox20240329,ONE_SOURCE_MULTIPLE_INSTALLED_PACKAGES,False,package/libs/libubox/Makefile,False,Exact firmware installed control Source fields; exact SDK/Makefile unavailable.
package/libs/libusb,1,libusb-1.0-0,ONE_SOURCE_ONE_INSTALLED_PACKAGE,False,package/libs/libusb/Makefile,False,Exact firmware installed control Source fields; exact SDK/Makefile unavailable.
package/libs/luasec,1,luasec,ONE_SOURCE_ONE_INSTALLED_PACKAGE,False,package/libs/luasec/Makefile,False,Exact firmware installed control Source fields; exact SDK/Makefile unavailable.
package/libs/luci-lib-jsonc,1,luci-lib-jsonc,ONE_SOURCE_ONE_INSTALLED_PACKAGE,False,package/libs/luci-lib-jsonc/Makefile,False,Exact firmware installed control Source fields; exact SDK/Makefile unavailable.
package/libs/lzo,1,liblzo2,ONE_SOURCE_ONE_INSTALLED_PACKAGE,False,package/libs/lzo/Makefile,False,Exact firmware installed control Source fields; exact SDK/Makefile unavailable.
package/libs/nghttp2,1,libnghttp2-14,ONE_SOURCE_ONE_INSTALLED_PACKAGE,False,package/libs/nghttp2/Makefile,False,Exact firmware installed control Source fields; exact SDK/Makefile unavailable.
package/libs/open62541,1,open62541,ONE_SOURCE_ONE_INSTALLED_PACKAGE,False,package/libs/open62541/Makefile,False,Exact firmware installed control Source fields; exact SDK/Makefile unavailable.
package/libs/openssl,4,libopenssl-conf | libopenssl-legacy | libopenssl3 | openssl-util,ONE_SOURCE_MULTIPLE_INSTALLED_PACKAGES,False,package/libs/openssl/Makefile,False,Exact firmware installed control Source fields; exact SDK/Makefile unavailable.
package/libs/pcre2,1,libpcre2,ONE_SOURCE_ONE_INSTALLED_PACKAGE,False,package/libs/pcre2/Makefile,False,Exact firmware installed control Source fields; exact SDK/Makefile unavailable.
package/libs/sqlite3,1,libsqlite3-0,ONE_SOURCE_ONE_INSTALLED_PACKAGE,False,package/libs/sqlite3/Makefile,False,Exact firmware installed control Source fields; exact SDK/Makefile unavailable.
package/libs/toolchain,6,libatomic1 | libc | libgcc1 | libpthread | librt | libstdcpp6,ONE_SOURCE_MULTIPLE_INSTALLED_PACKAGES,False,package/libs/toolchain/Makefile,False,Exact firmware installed control Source fields; exact SDK/Makefile unavailable.
package/libs/uclient,2,libuclient20201210 | uclient-fetch,ONE_SOURCE_MULTIPLE_INSTALLED_PACKAGES,False,package/libs/uclient/Makefile,False,Exact firmware installed control Source fields; exact SDK/Makefile unavailable.
package/libs/ustream-ssl,1,libustream-openssl20201210,ONE_SOURCE_ONE_INSTALLED_PACKAGE,False,package/libs/ustream-ssl/Makefile,False,Exact firmware installed control Source fields; exact SDK/Makefile unavailable.
package/libs/zlib,1,zlib,ONE_SOURCE_ONE_INSTALLED_PACKAGE,False,package/libs/zlib/Makefile,False,Exact firmware installed control Source fields; exact SDK/Makefile unavailable.
package/network/config/firewall,1,firewall,ONE_SOURCE_ONE_INSTALLED_PACKAGE,False,package/network/config/firewall/Makefile,False,Exact firmware installed control Source fields; exact SDK/Makefile unavailable.
package/network/config/gre,1,gre,ONE_SOURCE_ONE_INSTALLED_PACKAGE,False,package/network/config/gre/Makefile,False,Exact firmware installed control Source fields; exact SDK/Makefile unavailable.
package/network/config/netifd,1,netifd,ONE_SOURCE_ONE_INSTALLED_PACKAGE,False,package/network/config/netifd/Makefile,False,Exact firmware installed control Source fields; exact SDK/Makefile unavailable.
package/network/config/swconfig,1,swconfig,ONE_SOURCE_ONE_INSTALLED_PACKAGE,False,package/network/config/swconfig/Makefile,False,Exact firmware installed control Source fields; exact SDK/Makefile unavailable.
package/network/config/wifi-scripts,1,wifi-scripts,ONE_SOURCE_ONE_INSTALLED_PACKAGE,False,package/network/config/wifi-scripts/Makefile,False,Exact firmware installed control Source fields; exact SDK/Makefile unavailable.
package/network/config/xfrm,1,xfrm,ONE_SOURCE_ONE_INSTALLED_PACKAGE,False,package/network/config/xfrm/Makefile,False,Exact firmware installed control Source fields; exact SDK/Makefile unavailable.
package/network/ipv6/odhcp6c,1,odhcp6c,ONE_SOURCE_ONE_INSTALLED_PACKAGE,False,package/network/ipv6/odhcp6c/Makefile,False,Exact firmware installed control Source fields; exact SDK/Makefile unavailable.
package/network/services/dnsmasq,1,dnsmasq,ONE_SOURCE_ONE_INSTALLED_PACKAGE,False,package/network/services/dnsmasq/Makefile,False,Exact firmware installed control Source fields; exact SDK/Makefile unavailable.
package/network/services/dropbear,1,dropbear,ONE_SOURCE_ONE_INSTALLED_PACKAGE,False,package/network/services/dropbear/Makefile,False,Exact firmware installed control Source fields; exact SDK/Makefile unavailable.
package/network/services/hostapd,2,hostapd-common | wpad-openssl,ONE_SOURCE_MULTIPLE_INSTALLED_PACKAGES,False,package/network/services/hostapd/Makefile,False,Exact firmware installed control Source fields; exact SDK/Makefile unavailable.
package/network/services/mosquitto,1,libmosquitto-ssl,ONE_SOURCE_ONE_INSTALLED_PACKAGE,False,package/network/services/mosquitto/Makefile,False,Exact firmware installed control Source fields; exact SDK/Makefile unavailable.
package/network/services/mwan3,1,mwan3,ONE_SOURCE_ONE_INSTALLED_PACKAGE,False,package/network/services/mwan3/Makefile,False,Exact firmware installed control Source fields; exact SDK/Makefile unavailable.
package/network/services/odhcpd,1,odhcpd-ipv6only,ONE_SOURCE_ONE_INSTALLED_PACKAGE,False,package/network/services/odhcpd/Makefile,False,Exact firmware installed control Source fields; exact SDK/Makefile unavailable.
package/network/services/openssh,1,openssh-sftp-server,ONE_SOURCE_ONE_INSTALLED_PACKAGE,False,package/network/services/openssh/Makefile,False,Exact firmware installed control Source fields; exact SDK/Makefile unavailable.
package/network/services/openvpn,1,openvpn-openssl,ONE_SOURCE_ONE_INSTALLED_PACKAGE,False,package/network/services/openvpn/Makefile,False,Exact firmware installed control Source fields; exact SDK/Makefile unavailable.
package/network/services/ppp,4,ppp | ppp-mod-pppoe | ppp-mod-pppol2tp | ppp-mod-pptp,ONE_SOURCE_MULTIPLE_INSTALLED_PACKAGES,False,package/network/services/ppp/Makefile,False,Exact firmware installed control Source fields; exact SDK/Makefile unavailable.
package/network/services/pptpd,1,pptpd,ONE_SOURCE_ONE_INSTALLED_PACKAGE,False,package/network/services/pptpd/Makefile,False,Exact firmware installed control Source fields; exact SDK/Makefile unavailable.
package/network/services/strongswan,28,strongswan | strongswan-charon | strongswan-minimal | strongswan-mod-connmark | strongswan-mod-constraints | strongswan-mod-des | strongswan-mod-eap-identity | strongswan-mod-eap-mschapv2 | strongswan-mod-kernel-netlink | strongswan-mod-md4 | strongswan-mod-mgf1 | strongswan-mod-nonce | strongswan-mod-openssl | strongswan-mod-pem | strongswan-mod-pgp | strongswan-mod-pkcs1 | strongswan-mod-pkcs8 | strongswan-mod-pubkey | strongswan-mod-random | strongswan-mod-revocation | strongswan-mod-sha1 | strongswan-mod-socket-default | strongswan-mod-updown | strongswan-mod-vici | strongswan-mod-x509 | strongswan-mod-xauth-generic | strongswan-mod-xcbc | strongswan-swanctl,ONE_SOURCE_MULTIPLE_INSTALLED_PACKAGES,False,package/network/services/strongswan/Makefile,False,Exact firmware installed control Source fields; exact SDK/Makefile unavailable.
package/network/services/uhttpd,3,uhttpd | uhttpd-mod-lua | uhttpd-mod-ubus,ONE_SOURCE_MULTIPLE_INSTALLED_PACKAGES,False,package/network/services/uhttpd/Makefile,False,Exact firmware installed control Source fields; exact SDK/Makefile unavailable.
package/network/services/xl2tpd,1,xl2tpd,ONE_SOURCE_ONE_INSTALLED_PACKAGE,False,package/network/services/xl2tpd/Makefile,False,Exact firmware installed control Source fields; exact SDK/Makefile unavailable.
package/network/utils/curl,2,curl | libcurl4,ONE_SOURCE_MULTIPLE_INSTALLED_PACKAGES,False,package/network/utils/curl/Makefile,False,Exact firmware installed control Source fields; exact SDK/Makefile unavailable.
package/network/utils/ethtool,1,ethtool,ONE_SOURCE_ONE_INSTALLED_PACKAGE,False,package/network/utils/ethtool/Makefile,False,Exact firmware installed control Source fields; exact SDK/Makefile unavailable.
package/network/utils/iproute2,1,ip-full,ONE_SOURCE_ONE_INSTALLED_PACKAGE,False,package/network/utils/iproute2/Makefile,False,Exact firmware installed control Source fields; exact SDK/Makefile unavailable.
package/network/utils/ipset,2,ipset | libipset13,ONE_SOURCE_MULTIPLE_INSTALLED_PACKAGES,False,package/network/utils/ipset/Makefile,False,Exact firmware installed control Source fields; exact SDK/Makefile unavailable.
package/network/utils/iptables,8,ip6tables | iptables | iptables-mod-conntrack-extra | iptables-mod-ipopt | iptables-mod-ipsec | libip4tc2 | libip6tc2 | libxtables12,ONE_SOURCE_MULTIPLE_INSTALLED_PACKAGES,False,package/network/utils/iptables/Makefile,False,Exact firmware installed control Source fields; exact SDK/Makefile unavailable.
package/network/utils/iw-515,1,iw-515,ONE_SOURCE_ONE_INSTALLED_PACKAGE,False,package/network/utils/iw-515/Makefile,False,Exact firmware installed control Source fields; exact SDK/Makefile unavailable.
package/network/utils/iwinfo,4,iwinfo | libiwinfo-data | libiwinfo-lua | libiwinfo20230121,ONE_SOURCE_MULTIPLE_INSTALLED_PACKAGES,False,package/network/utils/iwinfo/Makefile,False,Exact firmware installed control Source fields; exact SDK/Makefile unavailable.
package/network/utils/resolveip,1,resolveip,ONE_SOURCE_ONE_INSTALLED_PACKAGE,False,package/network/utils/resolveip/Makefile,False,Exact firmware installed control Source fields; exact SDK/Makefile unavailable.
package/network/utils/swanmon,1,swanmon,ONE_SOURCE_ONE_INSTALLED_PACKAGE,False,package/network/utils/swanmon/Makefile,False,Exact firmware installed control Source fields; exact SDK/Makefile unavailable.
package/network/utils/wireguard-tools,1,wireguard-tools,ONE_SOURCE_ONE_INSTALLED_PACKAGE,False,package/network/utils/wireguard-tools/Makefile,False,Exact firmware installed control Source fields; exact SDK/Makefile unavailable.
package/network/utils/wwan,1,wwan,ONE_SOURCE_ONE_INSTALLED_PACKAGE,False,package/network/utils/wwan/Makefile,False,Exact firmware installed control Source fields; exact SDK/Makefile unavailable.
package/system/ca-certificates,1,ca-bundle,ONE_SOURCE_ONE_INSTALLED_PACKAGE,False,package/system/ca-certificates/Makefile,False,Exact firmware installed control Source fields; exact SDK/Makefile unavailable.
package/system/fstools,2,block-mount | fstools,ONE_SOURCE_MULTIPLE_INSTALLED_PACKAGES,False,package/system/fstools/Makefile,False,Exact firmware installed control Source fields; exact SDK/Makefile unavailable.
package/system/fwcert,1,fwcert,ONE_SOURCE_ONE_INSTALLED_PACKAGE,True,package/system/fwcert/Makefile,False,Exact firmware installed control Source fields; exact SDK/Makefile unavailable.
package/system/fwtool,1,fwtool,ONE_SOURCE_ONE_INSTALLED_PACKAGE,False,package/system/fwtool/Makefile,False,Exact firmware installed control Source fields; exact SDK/Makefile unavailable.
package/system/mtd,1,mtd,ONE_SOURCE_ONE_INSTALLED_PACKAGE,False,package/system/mtd/Makefile,False,Exact firmware installed control Source fields; exact SDK/Makefile unavailable.
package/system/openwrt-keyring,1,openwrt-keyring,ONE_SOURCE_ONE_INSTALLED_PACKAGE,False,package/system/openwrt-keyring/Makefile,False,Exact firmware installed control Source fields; exact SDK/Makefile unavailable.
package/system/opkg,1,opkg,ONE_SOURCE_ONE_INSTALLED_PACKAGE,False,package/system/opkg/Makefile,False,Exact firmware installed control Source fields; exact SDK/Makefile unavailable.
package/system/procd,2,procd | procd-init,ONE_SOURCE_MULTIPLE_INSTALLED_PACKAGES,False,package/system/procd/Makefile,False,Exact firmware installed control Source fields; exact SDK/Makefile unavailable.
package/system/rpcd,4,rpcd | rpcd-mod-file | rpcd-mod-iwinfo | rpcd-mod-rpcsys,ONE_SOURCE_MULTIPLE_INSTALLED_PACKAGES,False,package/system/rpcd/Makefile,False,Exact firmware installed control Source fields; exact SDK/Makefile unavailable.
package/system/ubox,3,getrandom | logd | ubox,ONE_SOURCE_MULTIPLE_INSTALLED_PACKAGES,False,package/system/ubox/Makefile,False,Exact firmware installed control Source fields; exact SDK/Makefile unavailable.
package/system/ubus,4,libubus-lua | libubus20210630 | ubus | ubusd,ONE_SOURCE_MULTIPLE_INSTALLED_PACKAGES,False,package/system/ubus/Makefile,False,Exact firmware installed control Source fields; exact SDK/Makefile unavailable.
package/system/uci,3,libuci-lua | libuci20130104 | uci,ONE_SOURCE_MULTIPLE_INSTALLED_PACKAGES,False,package/system/uci/Makefile,False,Exact firmware installed control Source fields; exact SDK/Makefile unavailable.
package/system/urandom-seed,1,urandom-seed,ONE_SOURCE_ONE_INSTALLED_PACKAGE,False,package/system/urandom-seed/Makefile,False,Exact firmware installed control Source fields; exact SDK/Makefile unavailable.
package/system/urngd,1,urngd,ONE_SOURCE_ONE_INSTALLED_PACKAGE,False,package/system/urngd/Makefile,False,Exact firmware installed control Source fields; exact SDK/Makefile unavailable.
package/system/usign,1,usign,ONE_SOURCE_ONE_INSTALLED_PACKAGE,False,package/system/usign/Makefile,False,Exact firmware installed control Source fields; exact SDK/Makefile unavailable.
package/teltonika/apn_db,1,apn_db,ONE_SOURCE_ONE_INSTALLED_PACKAGE,True,package/teltonika/apn_db/Makefile,False,Exact firmware installed control Source fields; exact SDK/Makefile unavailable.
package/teltonika/cypress-serial,1,kmod-cypress-serial,ONE_SOURCE_ONE_INSTALLED_PACKAGE,True,package/teltonika/cypress-serial/Makefile,False,Exact firmware installed control Source fields; exact SDK/Makefile unavailable.
package/teltonika/data_sender,15,data-sender | data-sender-mod-base | data-sender-mod-format-custom | data-sender-mod-gsm | data-sender-mod-http | data-sender-mod-lua-in | data-sender-mod-lua_format | data-sender-mod-mdcollect | data-sender-mod-mnfinfo | data-sender-mod-modbus | data-sender-mod-modbus-alarm | data-sender-mod-mqtt-in | data-sender-mod-mqtt-out | data-sender-mod-opcua | data-sender-mod-ubus,ONE_SOURCE_MULTIPLE_INSTALLED_PACKAGES,True,package/teltonika/data_sender/Makefile,False,Exact firmware installed control Source fields; exact SDK/Makefile unavailable.
package/teltonika/ddns-scripts,5,ddns-scripts | ddns-scripts_cloudflare.com-v4 | ddns-scripts_no-ip_com | ddns-scripts_nsupdate | tlt-ddns,ONE_SOURCE_MULTIPLE_INSTALLED_PACKAGES,True,package/teltonika/ddns-scripts/Makefile,False,Exact firmware installed control Source fields; exact SDK/Makefile unavailable.
package/teltonika/esim-lpac,4,esim-lpac | liblpac | lua_lpac | rpc_esim,ONE_SOURCE_MULTIPLE_INSTALLED_PACKAGES,True,package/teltonika/esim-lpac/Makefile,False,Exact firmware installed control Source fields; exact SDK/Makefile unavailable.
package/teltonika/event_juggler,1,event-juggler,ONE_SOURCE_ONE_INSTALLED_PACKAGE,True,package/teltonika/event_juggler/Makefile,False,Exact firmware installed control Source fields; exact SDK/Makefile unavailable.
package/teltonika/fmt-usb-msd,1,fmt-usb-msd,ONE_SOURCE_ONE_INSTALLED_PACKAGE,True,package/teltonika/fmt-usb-msd/Makefile,False,Exact firmware installed control Source fields; exact SDK/Makefile unavailable.
package/teltonika/gkeepalive,1,gkeepalive,ONE_SOURCE_ONE_INSTALLED_PACKAGE,True,package/teltonika/gkeepalive/Makefile,False,Exact firmware installed control Source fields; exact SDK/Makefile unavailable.
package/teltonika/gps,5,avl | gpsctl | gpsd | libgps | ntp_gps,ONE_SOURCE_MULTIPLE_INSTALLED_PACKAGES,True,package/teltonika/gps/Makefile,False,Exact firmware installed control Source fields; exact SDK/Makefile unavailable.
package/teltonika/gsm,4,gsmctl | gsmd | libgsm1.0 | liburc,ONE_SOURCE_MULTIPLE_INSTALLED_PACKAGES,True,package/teltonika/gsm/Makefile,False,Exact firmware installed control Source fields; exact SDK/Makefile unavailable.
package/teltonika/io_scheduler,1,io_scheduler,ONE_SOURCE_ONE_INSTALLED_PACKAGE,True,package/teltonika/io_scheduler/Makefile,False,Exact firmware installed control Source fields; exact SDK/Makefile unavailable.
package/teltonika/iomand,1,iomand1.0,ONE_SOURCE_ONE_INSTALLED_PACKAGE,True,package/teltonika/iomand/Makefile,False,Exact firmware installed control Source fields; exact SDK/Makefile unavailable.
package/teltonika/ip_blockd,1,ip_blockd,ONE_SOURCE_ONE_INSTALLED_PACKAGE,True,package/teltonika/ip_blockd/Makefile,False,Exact firmware installed control Source fields; exact SDK/Makefile unavailable.
package/teltonika/ledman,1,ledman-full,ONE_SOURCE_ONE_INSTALLED_PACKAGE,True,package/teltonika/ledman/Makefile,False,Exact firmware installed control Source fields; exact SDK/Makefile unavailable.
package/teltonika/libs/ezopcua,1,ezopcua,ONE_SOURCE_ONE_INSTALLED_PACKAGE,True,package/teltonika/libs/ezopcua/Makefile,False,Exact firmware installed control Source fields; exact SDK/Makefile unavailable.
package/teltonika/libs/libapi,1,libapi20241125,ONE_SOURCE_ONE_INSTALLED_PACKAGE,True,package/teltonika/libs/libapi/Makefile,False,Exact firmware installed control Source fields; exact SDK/Makefile unavailable.
package/teltonika/libs/libboardjson,1,libboardjson,ONE_SOURCE_ONE_INSTALLED_PACKAGE,True,package/teltonika/libs/libboardjson/Makefile,False,Exact firmware installed control Source fields; exact SDK/Makefile unavailable.
package/teltonika/libs/libcfg,1,libcfg20250129,ONE_SOURCE_ONE_INSTALLED_PACKAGE,True,package/teltonika/libs/libcfg/Makefile,False,Exact firmware installed control Source fields; exact SDK/Makefile unavailable.
package/teltonika/libs/libcfgx,1,libcfgx,ONE_SOURCE_ONE_INSTALLED_PACKAGE,True,package/teltonika/libs/libcfgx/Makefile,False,Exact firmware installed control Source fields; exact SDK/Makefile unavailable.
package/teltonika/libs/liblog,1,liblog,ONE_SOURCE_ONE_INSTALLED_PACKAGE,True,package/teltonika/libs/liblog/Makefile,False,Exact firmware installed control Source fields; exact SDK/Makefile unavailable.
package/teltonika/libs/libnetifd,1,libnetifd,ONE_SOURCE_ONE_INSTALLED_PACKAGE,True,package/teltonika/libs/libnetifd/Makefile,False,Exact firmware installed control Source fields; exact SDK/Makefile unavailable.
package/teltonika/libs/libparam,1,libparam,ONE_SOURCE_ONE_INSTALLED_PACKAGE,True,package/teltonika/libs/libparam/Makefile,False,Exact firmware installed control Source fields; exact SDK/Makefile unavailable.
package/teltonika/libs/libtlt-logger,1,libtlt-logger,ONE_SOURCE_ONE_INSTALLED_PACKAGE,True,package/teltonika/libs/libtlt-logger/Makefile,False,Exact firmware installed control Source fields; exact SDK/Makefile unavailable.
package/teltonika/libs/libtlt_smtp,1,libtlt_smtp,ONE_SOURCE_ONE_INSTALLED_PACKAGE,True,package/teltonika/libs/libtlt_smtp/Makefile,False,Exact firmware installed control Source fields; exact SDK/Makefile unavailable.
package/teltonika/libs/libtlt_termios,1,libtlt_termios1.0,ONE_SOURCE_ONE_INSTALLED_PACKAGE,True,package/teltonika/libs/libtlt_termios/Makefile,False,Exact firmware installed control Source fields; exact SDK/Makefile unavailable.
package/teltonika/libs/libtlt_uci,1,libtlt_uci,ONE_SOURCE_ONE_INSTALLED_PACKAGE,True,package/teltonika/libs/libtlt_uci/Makefile,False,Exact firmware installed control Source fields; exact SDK/Makefile unavailable.
package/teltonika/libs/modems,1,modems,ONE_SOURCE_ONE_INSTALLED_PACKAGE,True,package/teltonika/libs/modems/Makefile,False,Exact firmware installed control Source fields; exact SDK/Makefile unavailable.
package/teltonika/macchina-gateway,1,macchina-gateway,ONE_SOURCE_ONE_INSTALLED_PACKAGE,True,package/teltonika/macchina-gateway/Makefile,False,Exact firmware installed control Source fields; exact SDK/Makefile unavailable.
package/teltonika/macchina-sdk,1,macchina_sdk,ONE_SOURCE_ONE_INSTALLED_PACKAGE,True,package/teltonika/macchina-sdk/Makefile,False,Exact firmware installed control Source fields; exact SDK/Makefile unavailable.
package/teltonika/mctl,3,libmctl | mctl | modem_trackd,ONE_SOURCE_MULTIPLE_INSTALLED_PACKAGES,True,package/teltonika/mctl/Makefile,False,Exact firmware installed control Source fields; exact SDK/Makefile unavailable.
package/teltonika/mdcollect,2,libmdcollect | mdcollectd,ONE_SOURCE_MULTIPLE_INSTALLED_PACKAGES,True,package/teltonika/mdcollect/Makefile,False,Exact firmware installed control Source fields; exact SDK/Makefile unavailable.
package/teltonika/mnfinfo,3,libmnfinfo | mnfinfo | rpcd-mod-mnfinfo,ONE_SOURCE_MULTIPLE_INSTALLED_PACKAGES,True,package/teltonika/mnfinfo/Makefile,False,Exact firmware installed control Source fields; exact SDK/Makefile unavailable.
package/teltonika/mobifd,1,mobifd,ONE_SOURCE_ONE_INSTALLED_PACKAGE,True,package/teltonika/mobifd/Makefile,False,Exact firmware installed control Source fields; exact SDK/Makefile unavailable.
package/teltonika/mobutils,3,mobutils | mobutils-call_utilities | mobutils-sms_utilities,ONE_SOURCE_MULTIPLE_INSTALLED_PACKAGES,True,package/teltonika/mobutils/Makefile,False,Exact firmware installed control Source fields; exact SDK/Makefile unavailable.
package/teltonika/modbus_client,1,modbus_client,ONE_SOURCE_ONE_INSTALLED_PACKAGE,True,package/teltonika/modbus_client/Makefile,False,Exact firmware installed control Source fields; exact SDK/Makefile unavailable.
package/teltonika/modbus_server,1,modbus_server,ONE_SOURCE_ONE_INSTALLED_PACKAGE,True,package/teltonika/modbus_server/Makefile,False,Exact firmware installed control Source fields; exact SDK/Makefile unavailable.
package/teltonika/modbusgwd,1,modbusgwd,ONE_SOURCE_ONE_INSTALLED_PACKAGE,True,package/teltonika/modbusgwd/Makefile,False,Exact firmware installed control Source fields; exact SDK/Makefile unavailable.
package/teltonika/modem_control,1,modem_control,ONE_SOURCE_ONE_INSTALLED_PACKAGE,True,package/teltonika/modem_control/Makefile,False,Exact firmware installed control Source fields; exact SDK/Makefile unavailable.
package/teltonika/mqtt-modbus-gateway,1,mqtt-modbus-gateway,ONE_SOURCE_ONE_INSTALLED_PACKAGE,True,package/teltonika/mqtt-modbus-gateway/Makefile,False,Exact firmware installed control Source fields; exact SDK/Makefile unavailable.
package/teltonika/multiple_ap,1,multiple_ap,ONE_SOURCE_ONE_INSTALLED_PACKAGE,True,package/teltonika/multiple_ap/Makefile,False,Exact firmware installed control Source fields; exact SDK/Makefile unavailable.
package/teltonika/ntpclient,1,ntpclient,ONE_SOURCE_ONE_INSTALLED_PACKAGE,True,package/teltonika/ntpclient/Makefile,False,Exact firmware installed control Source fields; exact SDK/Makefile unavailable.
package/teltonika/opcua_client,1,opcua_client,ONE_SOURCE_ONE_INSTALLED_PACKAGE,True,package/teltonika/opcua_client/Makefile,False,Exact firmware installed control Source fields; exact SDK/Makefile unavailable.
package/teltonika/opcua_server,1,opcua_server,ONE_SOURCE_ONE_INSTALLED_PACKAGE,True,package/teltonika/opcua_server/Makefile,False,Exact firmware installed control Source fields; exact SDK/Makefile unavailable.
package/teltonika/package_restore,1,package_restore,ONE_SOURCE_ONE_INSTALLED_PACKAGE,True,package/teltonika/package_restore/Makefile,False,Exact firmware installed control Source fields; exact SDK/Makefile unavailable.
package/teltonika/pcom_master,1,pcom_master,ONE_SOURCE_ONE_INSTALLED_PACKAGE,True,package/teltonika/pcom_master/Makefile,False,Exact firmware installed control Source fields; exact SDK/Makefile unavailable.
package/teltonika/port_eventsd,1,port_eventsd,ONE_SOURCE_ONE_INSTALLED_PACKAGE,True,package/teltonika/port_eventsd/Makefile,False,Exact firmware installed control Source fields; exact SDK/Makefile unavailable.
package/teltonika/post_get,3,post-get | post-get-io | post-get-mobile,ONE_SOURCE_MULTIPLE_INSTALLED_PACKAGES,True,package/teltonika/post_get/Makefile,False,Exact firmware installed control Source fields; exact SDK/Makefile unavailable.
package/teltonika/profiler,1,profiler,ONE_SOURCE_ONE_INSTALLED_PACKAGE,True,package/teltonika/profiler/Makefile,False,Exact firmware installed control Source fields; exact SDK/Makefile unavailable.
package/teltonika/quectel/quectel_dfota,1,dfota,ONE_SOURCE_ONE_INSTALLED_PACKAGE,True,package/teltonika/quectel/quectel_dfota/Makefile,False,Exact firmware installed control Source fields; exact SDK/Makefile unavailable.
package/teltonika/quota_limit,1,quota_limit,ONE_SOURCE_ONE_INSTALLED_PACKAGE,True,package/teltonika/quota_limit/Makefile,False,Exact firmware installed control Source fields; exact SDK/Makefile unavailable.
package/teltonika/reboot_utils,3,reboot_utils | reboot_utils-periodic | reboot_utils-ping,ONE_SOURCE_MULTIPLE_INSTALLED_PACKAGES,True,package/teltonika/reboot_utils/Makefile,False,Exact firmware installed control Source fields; exact SDK/Makefile unavailable.
package/teltonika/rms-packages,1,librms,ONE_SOURCE_ONE_INSTALLED_PACKAGE,True,package/teltonika/rms-packages/Makefile,False,Exact firmware installed control Source fields; exact SDK/Makefile unavailable.
package/teltonika/rut_fota,2,librut_fota | rut_fota,ONE_SOURCE_MULTIPLE_INSTALLED_PACKAGES,True,package/teltonika/rut_fota/Makefile,False,Exact firmware installed control Source fields; exact SDK/Makefile unavailable.
package/teltonika/serial,1,serial,ONE_SOURCE_ONE_INSTALLED_PACKAGE,True,package/teltonika/serial/Makefile,False,Exact firmware installed control Source fields; exact SDK/Makefile unavailable.
package/teltonika/shellinabox,1,shellinabox,ONE_SOURCE_ONE_INSTALLED_PACKAGE,True,package/teltonika/shellinabox/Makefile,False,Exact firmware installed control Source fields; exact SDK/Makefile unavailable.
package/teltonika/sim_switch,1,sim_switch,ONE_SOURCE_ONE_INSTALLED_PACKAGE,True,package/teltonika/sim_switch/Makefile,False,Exact firmware installed control Source fields; exact SDK/Makefile unavailable.
package/teltonika/smslimit,1,rpcd-mod-smslimit,ONE_SOURCE_ONE_INSTALLED_PACKAGE,True,package/teltonika/smslimit/Makefile,False,Exact firmware installed control Source fields; exact SDK/Makefile unavailable.
package/teltonika/snsupdate,1,snsupdate,ONE_SOURCE_ONE_INSTALLED_PACKAGE,True,package/teltonika/snsupdate/Makefile,False,Exact firmware installed control Source fields; exact SDK/Makefile unavailable.
package/teltonika/sodog-tlt,1,sodog-tlt,ONE_SOURCE_ONE_INSTALLED_PACKAGE,True,package/teltonika/sodog-tlt/Makefile,False,Exact firmware installed control Source fields; exact SDK/Makefile unavailable.
package/teltonika/storage-memory-expansion,1,storage-memory-expansion,ONE_SOURCE_ONE_INSTALLED_PACKAGE,True,package/teltonika/storage-memory-expansion/Makefile,False,Exact firmware installed control Source fields; exact SDK/Makefile unavailable.
package/teltonika/troubleshoot,1,troubleshoot,ONE_SOURCE_ONE_INSTALLED_PACKAGE,True,package/teltonika/troubleshoot/Makefile,False,Exact firmware installed control Source fields; exact SDK/Makefile unavailable.
package/teltonika/uci-default,1,uci-default,ONE_SOURCE_ONE_INSTALLED_PACKAGE,True,package/teltonika/uci-default/Makefile,False,Exact firmware installed control Source fields; exact SDK/Makefile unavailable.
package/teltonika/uqmi,2,libtlt_uqmi | uqmi,ONE_SOURCE_MULTIPLE_INSTALLED_PACKAGES,True,package/teltonika/uqmi/Makefile,False,Exact firmware installed control Source fields; exact SDK/Makefile unavailable.
package/teltonika/urcd,1,urcd,ONE_SOURCE_ONE_INSTALLED_PACKAGE,True,package/teltonika/urcd/Makefile,False,Exact firmware installed control Source fields; exact SDK/Makefile unavailable.
package/utils/busybox,1,busybox,ONE_SOURCE_ONE_INSTALLED_PACKAGE,False,package/utils/busybox/Makefile,False,Exact firmware installed control Source fields; exact SDK/Makefile unavailable.
package/utils/e2fsprogs,4,e2fsprogs | libcomerr0 | libext2fs2 | libss2,ONE_SOURCE_MULTIPLE_INSTALLED_PACKAGES,False,package/utils/e2fsprogs/Makefile,False,Exact firmware installed control Source fields; exact SDK/Makefile unavailable.
package/utils/exfatprogs,1,exfat-mkfs,ONE_SOURCE_ONE_INSTALLED_PACKAGE,False,package/utils/exfatprogs/Makefile,False,Exact firmware installed control Source fields; exact SDK/Makefile unavailable.
package/utils/jsonfilter,1,jsonfilter,ONE_SOURCE_ONE_INSTALLED_PACKAGE,False,package/utils/jsonfilter/Makefile,False,Exact firmware installed control Source fields; exact SDK/Makefile unavailable.
package/utils/lua,2,liblua5.1.5 | lua,ONE_SOURCE_MULTIPLE_INSTALLED_PACKAGES,False,package/utils/lua/Makefile,False,Exact firmware installed control Source fields; exact SDK/Makefile unavailable.
package/utils/minizip,1,minizip,ONE_SOURCE_ONE_INSTALLED_PACKAGE,False,package/utils/minizip/Makefile,False,Exact firmware installed control Source fields; exact SDK/Makefile unavailable.
package/utils/ucode,7,libucode20220812 | ucode | ucode-mod-fs | ucode-mod-nl80211 | ucode-mod-rtnl | ucode-mod-ubus | ucode-mod-uloop,ONE_SOURCE_MULTIPLE_INSTALLED_PACKAGES,False,package/utils/ucode/Makefile,False,Exact firmware installed control Source fields; exact SDK/Makefile unavailable.
package/utils/util-linux,2,libblkid1 | libuuid1,ONE_SOURCE_MULTIPLE_INSTALLED_PACKAGES,False,package/utils/util-linux/Makefile,False,Exact firmware installed control Source fields; exact SDK/Makefile unavailable.
