component_id,name,observed_version,source,source_name,description,representative_paths,pass_a_status,audited_actual_product,audited_actual_vendor,audited_product_version,pass_a_product_evidence,pass_a_version_evidence,evidence_references,audit_evidence_strength,circular_evidence_risk,audited_cpe_family,active_family_count,deprecated_family_count,active_exact_any_count,active_exact_compatible_count,deprecated_exact_compatible_count,family_template_observation_count,audited_cpe_resolution_path,audited_gt_cpe,audited_validation_result,audited_discrepancy_fields,final_gt_is_deprecated,current_actual_product,current_product_version,current_gt_cpe,current_validation_result,current_discrepancy_fields,comparison_status,final_audit_status,product_correction,version_correction,gt_cpe_correction,validation_result_correction,discrepancy_field_correction,recommended_value,correction_reason,notes
199623,busybox,1.34.1-79.7,package/utils/busybox,busybox,"The Swiss Army Knife of embedded Linux.
It slices, it dices, it makes Julian Fries.",/bin/dmesg | /usr/bin/id | /etc/init.d/cron | /etc/config/ntpserver | /usr/share/acl.d/ntpd.json | /lib/upgrade/keep.d/busybox,PRODUCT_VERSION_CONFIRMED,BusyBox,BusyBox,1.34.1,"Exact firmware metadata names busybox; Source=package/utils/busybox; Description=The Swiss Army Knife of embedded Linux.
It slices, it dices, it makes Julian Fries.; installed payload=/bin/dmesg | /usr/bin/id | /etc/init.d/cron | /etc/config/ntpserver | /usr/share/acl.d/ntpd.json | /lib/upgrade/keep.d/busybox. These fields identify the BusyBox product boundary without Original CPE or control CPE-ID input.",Exact installed Version 1.34.1-79.7 and Source package/utils/busybox identify upstream version 1.34.1; only the product-specific OpenWrt package-release portion is removed.,"[""LOCAL-01"", ""LOCAL-02"", ""UP-OPENWRT-POLICY"", ""UP-BUSYBOX-1.34.1""]",STRONG,false,a:busybox:busybox,163,2,1,1,0,146,ACTIVE_EXACT,cpe:2.3:a:busybox:busybox:1.34.1:*:*:*:*:*:*:*,OFFICIAL_CPE_MAPPED,"[""VERSION""]",false,BusyBox,1.34.1,cpe:2.3:a:busybox:busybox:1.34.1:*:*:*:*:*:*:*,OFFICIAL_CPE_MAPPED,"[""VERSION""]",NO_CHANGE,ACCEPTED,false,false,false,false,false,{},,"Pass A received no Original CPE, control CPE-ID, current GT CPE, or current validation result. Current values were introduced only after independent Pass B resolution."
199625,curl,8.11.0-23.2,package/network/utils/curl,curl,A client-side URL transfer utility,/usr/bin/curl,PRODUCT_VERSION_CONFIRMED,curl,curl project,8.11.0,Exact firmware metadata names curl; Source=package/network/utils/curl; Description=A client-side URL transfer utility; installed payload=/usr/bin/curl. These fields identify the curl product boundary without Original CPE or control CPE-ID input.,Exact installed Version 8.11.0-23.2 and Source package/network/utils/curl identify upstream version 8.11.0; only the product-specific OpenWrt package-release portion is removed.,"[""LOCAL-01"", ""LOCAL-02"", ""LOCAL-04"", ""LOCAL-06"", ""UP-OPENWRT-POLICY""]",STRONG,false,a:haxx:curl,224,0,1,1,0,217,ACTIVE_EXACT,cpe:2.3:a:haxx:curl:8.11.0:*:*:*:*:*:*:*,OFFICIAL_CPE_MAPPED,"[""VENDOR"", ""VERSION""]",false,curl,8.11.0,cpe:2.3:a:haxx:curl:8.11.0:*:*:*:*:*:*:*,OFFICIAL_CPE_MAPPED,"[""VENDOR"", ""VERSION""]",NO_CHANGE,ACCEPTED,false,false,false,false,false,{},,"Pass A received no Original CPE, control CPE-ID, current GT CPE, or current validation result. Current values were introduced only after independent Pass B resolution."
199653,davici,1.4-1,package/libs/davici,davici,"The davici library provides a client implementation of the
strongSwan VICI protocol for integration into external applications.",/usr/lib/libdavici.so | /usr/lib/libdavici.so.0.1.0,PRODUCT_VERSION_CONFIRMED,davici,strongSwan,1.4,"Exact firmware metadata names davici; Source=package/libs/davici; Description=The davici library provides a client implementation of the
strongSwan VICI protocol for integration into external applications.; installed payload=/usr/lib/libdavici.so | /usr/lib/libdavici.so.0.1.0. These fields identify the davici product boundary without Original CPE or control CPE-ID input.",Exact installed Version 1.4-1 and Source package/libs/davici identify upstream version 1.4; only the product-specific OpenWrt package-release portion is removed.,"[""LOCAL-01"", ""LOCAL-02"", ""UP-OPENWRT-POLICY""]",MODERATE,false,a:strongswan:davici,5,0,0,0,0,5,VERSION_NOT_IN_DICTIONARY,cpe:2.3:a:strongswan:davici:1.4:*:*:*:*:*:*:*,VERSION_NOT_IN_DICTIONARY,"[""VENDOR"", ""VERSION""]",false,davici,1.4,cpe:2.3:a:strongswan:davici:1.4:*:*:*:*:*:*:*,VERSION_NOT_IN_DICTIONARY,"[""VENDOR"", ""VERSION""]",NO_CHANGE,ACCEPTED,false,false,false,false,false,{},,"Pass A received no Original CPE, control CPE-ID, current GT CPE, or current validation result. Current values were introduced only after independent Pass B resolution."
199659,dnsmasq,2.89-42.4,package/network/services/dnsmasq,dnsmasq,It is intended to provide coupled DNS and DHCP service to a LAN.,/usr/sbin/dhcpinfo.sh | /usr/lib/dnsmasq/dhcp-script.sh | /etc/dnsmasq.conf | /etc/config/dhcp | /usr/share/dnsmasq/rfc6761.conf | /usr/share/acl.d/dnsmasq_acl.json | /lib/upgrade/keep.d/dnsmasq,PRODUCT_VERSION_CONFIRMED,dnsmasq,Thekelleys,2.89,Exact firmware metadata names dnsmasq; Source=package/network/services/dnsmasq; Description=It is intended to provide coupled DNS and DHCP service to a LAN.; installed payload=/usr/sbin/dhcpinfo.sh | /usr/lib/dnsmasq/dhcp-script.sh | /etc/dnsmasq.conf | /etc/config/dhcp | /usr/share/dnsmasq/rfc6761.conf | /usr/share/acl.d/dnsmasq_acl.json | /lib/upgrade/keep.d/dnsmasq. These fields identify the dnsmasq product boundary without Original CPE or control CPE-ID input.,Exact installed Version 2.89-42.4 and Source package/network/services/dnsmasq identify upstream version 2.89; only the product-specific OpenWrt package-release portion is removed.,"[""LOCAL-01"", ""LOCAL-02"", ""UP-OPENWRT-POLICY""]",MODERATE,false,a:thekelleys:dnsmasq,132,0,1,1,0,117,ACTIVE_EXACT,cpe:2.3:a:thekelleys:dnsmasq:2.89:*:*:*:*:*:*:*,OFFICIAL_CPE_MAPPED,"[""VENDOR"", ""VERSION""]",false,dnsmasq,2.89,cpe:2.3:a:thekelleys:dnsmasq:2.89:*:*:*:*:*:*:*,OFFICIAL_CPE_MAPPED,"[""VENDOR"", ""VERSION""]",NO_CHANGE,ACCEPTED,false,false,false,false,false,{},,"Pass A received no Original CPE, control CPE-ID, current GT CPE, or current validation result. Current values were introduced only after independent Pass B resolution."
199660,dropbear,2020.81-3,package/network/services/dropbear,dropbear,A small SSH2 server/client designed for small memory environments.,/usr/bin/dbclient | /usr/bin/dropbearkey | /etc/dropbear/dropbear_ed25519_host_key | /etc/init.d/dropbear | /lib/preinit/99_10_failsafe_dropbear,PRODUCT_VERSION_CONFIRMED,Dropbear SSH,Dropbear SSH project,2020.81,Exact firmware metadata names dropbear; Source=package/network/services/dropbear; Description=A small SSH2 server/client designed for small memory environments.; installed payload=/usr/bin/dbclient | /usr/bin/dropbearkey | /etc/dropbear/dropbear_ed25519_host_key | /etc/init.d/dropbear | /lib/preinit/99_10_failsafe_dropbear. These fields identify the Dropbear SSH product boundary without Original CPE or control CPE-ID input.,Exact installed Version 2020.81-3 and Source package/network/services/dropbear identify upstream version 2020.81; only the product-specific OpenWrt package-release portion is removed.,"[""LOCAL-01"", ""LOCAL-02"", ""UP-OPENWRT-POLICY"", ""UP-DROPBEAR-2020.81""]",STRONG,false,a:dropbear_ssh_project:dropbear_ssh,62,0,1,1,0,57,ACTIVE_EXACT,cpe:2.3:a:dropbear_ssh_project:dropbear_ssh:2020.81:*:*:*:*:*:*:*,OFFICIAL_CPE_MAPPED,"[""VENDOR"", ""PRODUCT"", ""VERSION""]",false,Dropbear SSH,2020.81,cpe:2.3:a:dropbear_ssh_project:dropbear_ssh:2020.81:*:*:*:*:*:*:*,OFFICIAL_CPE_MAPPED,"[""VENDOR"", ""PRODUCT"", ""VERSION""]",NO_CHANGE,ACCEPTED,false,false,false,false,false,{},,"Pass A received no Original CPE, control CPE-ID, current GT CPE, or current validation result. Current values were introduced only after independent Pass B resolution."
199661,e2fsprogs,1.47.0-2,package/utils/e2fsprogs,e2fsprogs,"This package contains essential ext2 filesystem utilities which consists of
e2fsck, mke2fs and most of the other core ext2 filesystem utilities.",/usr/sbin/mkfs.ext2 | /usr/sbin/mkfs.ext3 | /usr/lib/libe2p.so.2 | /usr/lib/libe2p.so.2.3,PRODUCT_VERSION_CONFIRMED,e2fsprogs,e2fsprogs project,1.47.0,"Exact firmware metadata names e2fsprogs; Source=package/utils/e2fsprogs; Description=This package contains essential ext2 filesystem utilities which consists of
e2fsck, mke2fs and most of the other core ext2 filesystem utilities.; installed payload=/usr/sbin/mkfs.ext2 | /usr/sbin/mkfs.ext3 | /usr/lib/libe2p.so.2 | /usr/lib/libe2p.so.2.3. These fields identify the e2fsprogs product boundary without Original CPE or control CPE-ID input.",Exact installed Version 1.47.0-2 and Source package/utils/e2fsprogs identify upstream version 1.47.0; only the product-specific OpenWrt package-release portion is removed.,"[""LOCAL-01"", ""LOCAL-02"", ""LOCAL-04"", ""LOCAL-06"", ""UP-OPENWRT-POLICY""]",STRONG,false,a:e2fsprogs_project:e2fsprogs,109,0,0,0,0,108,VERSION_NOT_IN_DICTIONARY,cpe:2.3:a:e2fsprogs_project:e2fsprogs:1.47.0:*:*:*:*:*:*:*,VERSION_NOT_IN_DICTIONARY,"[""VENDOR"", ""VERSION""]",false,e2fsprogs,1.47.0,cpe:2.3:a:e2fsprogs_project:e2fsprogs:1.47.0:*:*:*:*:*:*:*,VERSION_NOT_IN_DICTIONARY,"[""VENDOR"", ""VERSION""]",NO_CHANGE,ACCEPTED,false,false,false,false,false,{},,"Pass A received no Original CPE, control CPE-ID, current GT CPE, or current validation result. Current values were introduced only after independent Pass B resolution."
199663,ethtool,5.10-1,package/network/utils/ethtool,ethtool,"ethtool is a small utility for examining and tuning your ethernet-based
network interface",/usr/sbin/ethtool,PRODUCT_VERSION_CONFIRMED,ethtool,Linux kernel project,5.10,"Exact firmware metadata names ethtool; Source=package/network/utils/ethtool; Description=ethtool is a small utility for examining and tuning your ethernet-based
network interface; installed payload=/usr/sbin/ethtool. These fields identify the ethtool product boundary without Original CPE or control CPE-ID input.",Exact installed Version 5.10-1 and Source package/network/utils/ethtool identify upstream version 5.10; only the product-specific OpenWrt package-release portion is removed.,"[""LOCAL-01"", ""LOCAL-02"", ""UP-OPENWRT-POLICY"", ""UP-ETHTOOL""]",STRONG,false,a:kernel:ethtool,40,0,0,0,0,40,VERSION_NOT_IN_DICTIONARY,cpe:2.3:a:kernel:ethtool:5.10:*:*:*:*:*:*:*,VERSION_NOT_IN_DICTIONARY,"[""VENDOR"", ""VERSION""]",false,ethtool,5.10,cpe:2.3:a:kernel:ethtool:5.10:*:*:*:*:*:*:*,VERSION_NOT_IN_DICTIONARY,"[""VENDOR"", ""VERSION""]",NO_CHANGE,ACCEPTED,false,false,false,false,false,{},,"Pass A received no Original CPE, control CPE-ID, current GT CPE, or current validation result. Current values were introduced only after independent Pass B resolution."
199665,exfat-mkfs,1.1.3-4,package/utils/exfatprogs,exfat-mkfs,Utility for creating an exFAT File System,/usr/sbin/mkfs.exfat,PRODUCT_VERSION_CONFIRMED,exfatprogs,exfatprogs project,1.1.3,Exact firmware metadata names exfat-mkfs; Source=package/utils/exfatprogs; Description=Utility for creating an exFAT File System; installed payload=/usr/sbin/mkfs.exfat. These fields identify the exfatprogs product boundary without Original CPE or control CPE-ID input.,Exact installed Version 1.1.3-4 and Source package/utils/exfatprogs identify upstream version 1.1.3; only the product-specific OpenWrt package-release portion is removed.,"[""LOCAL-01"", ""LOCAL-02"", ""UP-OPENWRT-POLICY""]",MODERATE,false,a:namjaejeon:exfatprogs,12,0,1,1,0,12,ACTIVE_EXACT,cpe:2.3:a:namjaejeon:exfatprogs:1.1.3:*:*:*:*:*:*:*,OFFICIAL_CPE_MAPPED,"[""VENDOR"", ""PRODUCT"", ""VERSION""]",false,exfatprogs,1.1.3,cpe:2.3:a:namjaejeon:exfatprogs:1.1.3:*:*:*:*:*:*:*,OFFICIAL_CPE_MAPPED,"[""VENDOR"", ""PRODUCT"", ""VERSION""]",NO_CHANGE,ACCEPTED,false,false,false,false,false,{},,"Pass A received no Original CPE, control CPE-ID, current GT CPE, or current validation result. Current values were introduced only after independent Pass B resolution."
199683,ip-full,5.19.0-8,package/network/utils/iproute2,ip-full,Routing control utility (full),/usr/libexec/ip-full,PRODUCT_VERSION_CONFIRMED,iproute2,iproute2 project,5.19.0,Exact firmware metadata names ip-full; Source=package/network/utils/iproute2; Description=Routing control utility (full); installed payload=/usr/libexec/ip-full. These fields identify the iproute2 product boundary without Original CPE or control CPE-ID input.,Exact installed Version 5.19.0-8 and Source package/network/utils/iproute2 identify upstream version 5.19.0; only the product-specific OpenWrt package-release portion is removed.,"[""LOCAL-01"", ""LOCAL-02"", ""UP-OPENWRT-POLICY""]",MODERATE,false,a:iproute2_project:iproute2,49,0,0,0,0,49,VERSION_NOT_IN_DICTIONARY,cpe:2.3:a:iproute2_project:iproute2:5.19.0:*:*:*:*:*:*:*,VERSION_NOT_IN_DICTIONARY,"[""VENDOR"", ""PRODUCT"", ""VERSION""]",false,iproute2,5.19.0,cpe:2.3:a:iproute2_project:iproute2:5.19.0:*:*:*:*:*:*:*,VERSION_NOT_IN_DICTIONARY,"[""VENDOR"", ""PRODUCT"", ""VERSION""]",NO_CHANGE,ACCEPTED,false,false,false,false,false,{},,"Pass A received no Original CPE, control CPE-ID, current GT CPE, or current validation result. Current values were introduced only after independent Pass B resolution."
199686,ipset,7.6-1,package/network/utils/ipset,ipset,IPset administration utility,/usr/sbin/ipset,PRODUCT_VERSION_CONFIRMED,ipset,Netfilter,7.6,Exact firmware metadata names ipset; Source=package/network/utils/ipset; Description=IPset administration utility; installed payload=/usr/sbin/ipset. These fields identify the ipset product boundary without Original CPE or control CPE-ID input.,Exact installed Version 7.6-1 and Source package/network/utils/ipset identify upstream version 7.6; only the product-specific OpenWrt package-release portion is removed.,"[""LOCAL-01"", ""LOCAL-02"", ""UP-OPENWRT-POLICY"", ""UP-IPSET-7.6"", ""UP-IPSET-STRUCTURE""]",STRONG,false,a:netfilter:ipset,79,0,0,0,0,68,VERSION_NOT_IN_DICTIONARY,cpe:2.3:a:netfilter:ipset:7.6:*:*:*:*:*:*:*,VERSION_NOT_IN_DICTIONARY,"[""VENDOR"", ""VERSION""]",false,ipset,7.6,cpe:2.3:a:netfilter:ipset:7.6:*:*:*:*:*:*:*,VERSION_NOT_IN_DICTIONARY,"[""VENDOR"", ""VERSION""]",NO_CHANGE,ACCEPTED,false,false,false,false,false,{},,"Pass A received no Original CPE, control CPE-ID, current GT CPE, or current validation result. Current values were introduced only after independent Pass B resolution."
199690,iptables,1.8.7-3,package/network/utils/iptables,iptables,"IP firewall administration tool.

Matches:
- icmp
- tcp
- udp
- comment
- conntrack
- limit
- mac
- mark
- multiport
- set
- state
- time

Targets:
- ACCEPT
- CT
- DNAT
- DROP
- REJECT
- FLOWOFFLOAD
- LOG
- MARK
- MASQUERADE
- REDIRECT
- SET
- SNAT
- TCPMSS

Tables:
- filter
- mangle
- nat
- raw",/usr/sbin/iptables-save | /usr/sbin/xtables-legacy-multi,PRODUCT_VERSION_CONFIRMED,iptables,Netfilter,1.8.7,"Exact firmware metadata names iptables; Source=package/network/utils/iptables; Description=IP firewall administration tool.

Matches:
- icmp
- tcp
- udp
- comment
- conntrack
- limit
- mac
- mark
- multiport
- set
- state
- time

Targets:
- ACCEPT
- CT
- DNAT
- DROP
- REJECT
- FLOWOFFLOAD
- LOG
- MARK
- MASQUERADE
- REDIRECT
- SET
- SNAT
- TCPMSS

Tables:
- filter
- mangle
- nat
- raw; installed payload=/usr/sbin/iptables-save | /usr/sbin/xtables-legacy-multi. These fields identify the iptables product boundary without Original CPE or control CPE-ID input.",Exact installed Version 1.8.7-3 and Source package/network/utils/iptables identify upstream version 1.8.7; only the product-specific OpenWrt package-release portion is removed.,"[""LOCAL-01"", ""LOCAL-02"", ""LOCAL-04"", ""LOCAL-06"", ""UP-OPENWRT-POLICY""]",STRONG,false,a:netfilter:iptables,77,0,0,0,0,68,VERSION_NOT_IN_DICTIONARY,cpe:2.3:a:netfilter:iptables:1.8.7:*:*:*:*:*:*:*,VERSION_NOT_IN_DICTIONARY,"[""VENDOR"", ""VERSION""]",false,iptables,1.8.7,cpe:2.3:a:netfilter:iptables:1.8.7:*:*:*:*:*:*:*,VERSION_NOT_IN_DICTIONARY,"[""VENDOR"", ""VERSION""]",NO_CHANGE,ACCEPTED,false,false,false,false,false,{},,"Pass A received no Original CPE, control CPE-ID, current GT CPE, or current validation result. Current values were introduced only after independent Pass B resolution."
199691,iw-515,5.19-1,package/network/utils/iw-515,iw-515,cfg80211 interface configuration utility,/usr/sbin/iw,PRODUCT_VERSION_CONFIRMED,iw,Linux wireless project,5.19,Exact firmware metadata names iw-515; Source=package/network/utils/iw-515; Description=cfg80211 interface configuration utility; installed payload=/usr/sbin/iw. These fields identify the iw product boundary without Original CPE or control CPE-ID input.,Exact installed Version 5.19-1 and Source package/network/utils/iw-515 identify upstream version 5.19; only the product-specific OpenWrt package-release portion is removed.,"[""LOCAL-01"", ""LOCAL-02"", ""UP-OPENWRT-POLICY""]",MODERATE,false,a:kernel:iw,50,0,0,0,0,50,VERSION_NOT_IN_DICTIONARY,cpe:2.3:a:kernel:iw:5.19:*:*:*:*:*:*:*,VERSION_NOT_IN_DICTIONARY,"[""VENDOR"", ""PRODUCT"", ""VERSION""]",false,iw,5.19,cpe:2.3:a:kernel:iw:5.19:*:*:*:*:*:*:*,VERSION_NOT_IN_DICTIONARY,"[""VENDOR"", ""PRODUCT"", ""VERSION""]",NO_CHANGE,ACCEPTED,false,false,false,false,false,{},,"Pass A received no Original CPE, control CPE-ID, current GT CPE, or current validation result. Current values were introduced only after independent Pass B resolution."
199845,libc,1.2.4-3,package/libs/toolchain,libc,C library,/usr/bin/ldd | /lib/ld-musl-mipsel-sf.so.1 | /lib/libc.so,PRODUCT_VERSION_CONFIRMED,musl,musl libc project,1.2.4,Exact firmware metadata names libc; Source=package/libs/toolchain; Description=C library; installed payload=/usr/bin/ldd | /lib/ld-musl-mipsel-sf.so.1 | /lib/libc.so. These fields identify the musl product boundary without Original CPE or control CPE-ID input.,Exact installed Version 1.2.4-3 and Source package/libs/toolchain identify upstream version 1.2.4; only the product-specific OpenWrt package-release portion is removed.,"[""LOCAL-01"", ""LOCAL-02"", ""UP-OPENWRT-POLICY"", ""UP-MUSL-1.2.4""]",STRONG,false,a:musl-libc:musl,74,19,0,0,0,31,VERSION_NOT_IN_DICTIONARY,cpe:2.3:a:musl-libc:musl:1.2.4:*:*:*:*:*:*:*,VERSION_NOT_IN_DICTIONARY,"[""VENDOR"", ""PRODUCT"", ""VERSION""]",false,musl,1.2.4,cpe:2.3:a:musl-libc:musl:1.2.4:*:*:*:*:*:*:*,VERSION_NOT_IN_DICTIONARY,"[""VENDOR"", ""PRODUCT"", ""VERSION""]",NO_CHANGE,ACCEPTED,false,false,false,false,false,{},,"Pass A received no Original CPE, control CPE-ID, current GT CPE, or current validation result. Current values were introduced only after independent Pass B resolution."
199847,libcap-ng,0.8.1-1,feeds/packages/libs/libcap-ng,libcap-ng,POSIX capabilities library library,/usr/lib/libcap-ng.so | /usr/lib/libcap-ng.so.0.0.0,PRODUCT_VERSION_CONFIRMED,libcap-ng,libcap-ng project,0.8.1,Exact firmware metadata names libcap-ng; Source=feeds/packages/libs/libcap-ng; Description=POSIX capabilities library library; installed payload=/usr/lib/libcap-ng.so | /usr/lib/libcap-ng.so.0.0.0. These fields identify the libcap-ng product boundary without Original CPE or control CPE-ID input.,Exact installed Version 0.8.1-1 and Source feeds/packages/libs/libcap-ng identify upstream version 0.8.1; only the product-specific OpenWrt package-release portion is removed.,"[""LOCAL-01"", ""LOCAL-02"", ""UP-OPENWRT-POLICY""]",MODERATE,false,a:libcap-ng_project:libcap-ng,11,0,0,0,0,11,VERSION_NOT_IN_DICTIONARY,cpe:2.3:a:libcap-ng_project:libcap-ng:0.8.1:*:*:*:*:*:*:*,VERSION_NOT_IN_DICTIONARY,"[""VENDOR"", ""VERSION""]",false,libcap-ng,0.8.1,cpe:2.3:a:libcap-ng_project:libcap-ng:0.8.1:*:*:*:*:*:*:*,VERSION_NOT_IN_DICTIONARY,"[""VENDOR"", ""VERSION""]",NO_CHANGE,ACCEPTED,false,false,false,false,false,{},,"Pass A received no Original CPE, control CPE-ID, current GT CPE, or current validation result. Current values were introduced only after independent Pass B resolution."
199848,libcap,2.69-1,package/libs/libcap,libcap,Linux capabilities library library,/usr/lib/libcap.so.2.69 | /usr/lib/libcap.so,PRODUCT_VERSION_CONFIRMED,libcap,libcap project,2.69,Exact firmware metadata names libcap; Source=package/libs/libcap; Description=Linux capabilities library library; installed payload=/usr/lib/libcap.so.2.69 | /usr/lib/libcap.so. These fields identify the libcap product boundary without Original CPE or control CPE-ID input.,Exact installed Version 2.69-1 and Source package/libs/libcap identify upstream version 2.69; only the product-specific OpenWrt package-release portion is removed.,"[""LOCAL-01"", ""LOCAL-02"", ""UP-OPENWRT-POLICY"", ""UP-LIBCAP-2.69""]",STRONG,false,a:libcap_project:libcap,69,0,1,1,0,69,ACTIVE_EXACT,cpe:2.3:a:libcap_project:libcap:2.69:*:*:*:*:*:*:*,OFFICIAL_CPE_MAPPED,"[""VENDOR"", ""VERSION""]",false,libcap,2.69,cpe:2.3:a:libcap_project:libcap:2.69:*:*:*:*:*:*:*,OFFICIAL_CPE_MAPPED,"[""VENDOR"", ""VERSION""]",NO_CHANGE,ACCEPTED,false,false,false,false,false,{},,"Pass A received no Original CPE, control CPE-ID, current GT CPE, or current validation result. Current values were introduced only after independent Pass B resolution."
199849,libcares,1.19.1-2,package/libs/c-ares,libcares,"c-ares is a C library for asynchronous DNS requests (including name resolves)

C89 compatibility, MIT licensed, builds for and runs on POSIX, Windows,
Netware, Android and many more operating systems.",/usr/lib/libcares.so.2 | /usr/lib/libcares.so.2.6.1,PRODUCT_VERSION_CONFIRMED,c-ares,c-ares project,1.19.1,"Exact firmware metadata names libcares; Source=package/libs/c-ares; Description=c-ares is a C library for asynchronous DNS requests (including name resolves)

C89 compatibility, MIT licensed, builds for and runs on POSIX, Windows,
Netware, Android and many more operating systems.; installed payload=/usr/lib/libcares.so.2 | /usr/lib/libcares.so.2.6.1. These fields identify the c-ares product boundary without Original CPE or control CPE-ID input.",Exact installed Version 1.19.1-2 and Source package/libs/c-ares identify upstream version 1.19.1; only the product-specific OpenWrt package-release portion is removed.,"[""LOCAL-01"", ""LOCAL-02"", ""UP-OPENWRT-POLICY""]",MODERATE,false,a:c-ares:c-ares,66,1,1,1,0,66,ACTIVE_EXACT,cpe:2.3:a:c-ares:c-ares:1.19.1:*:*:*:*:*:*:*,OFFICIAL_CPE_MAPPED,"[""VENDOR"", ""PRODUCT"", ""VERSION""]",false,c-ares,1.19.1,cpe:2.3:a:c-ares:c-ares:1.19.1:*:*:*:*:*:*:*,OFFICIAL_CPE_MAPPED,"[""VENDOR"", ""PRODUCT"", ""VERSION""]",NO_CHANGE,ACCEPTED,false,false,false,false,false,{},,"Pass A received no Original CPE, control CPE-ID, current GT CPE, or current validation result. Current values were introduced only after independent Pass B resolution."
199854,libcurl4,8.11.0-23.2,package/network/utils/curl,libcurl,A client-side URL transfer library,/usr/lib/libcurl.so.4 | /usr/lib/libcurl.so.4.8.0,PRODUCT_VERSION_CONFIRMED,libcurl,curl project,8.11.0,Exact firmware metadata names libcurl4; Source=package/network/utils/curl; Description=A client-side URL transfer library; installed payload=/usr/lib/libcurl.so.4 | /usr/lib/libcurl.so.4.8.0. These fields identify the libcurl product boundary without Original CPE or control CPE-ID input.,Exact installed Version 8.11.0-23.2 and Source package/network/utils/curl identify upstream version 8.11.0; only the product-specific OpenWrt package-release portion is removed.,"[""LOCAL-01"", ""LOCAL-02"", ""LOCAL-04"", ""LOCAL-06"", ""UP-OPENWRT-POLICY""]",STRONG,false,a:haxx:libcurl,205,0,0,0,0,202,VERSION_NOT_IN_DICTIONARY,cpe:2.3:a:haxx:libcurl:8.11.0:*:*:*:*:*:*:*,VERSION_NOT_IN_DICTIONARY,"[""VENDOR"", ""PRODUCT"", ""VERSION""]",false,libcurl,8.11.0,cpe:2.3:a:haxx:libcurl:8.11.0:*:*:*:*:*:*:*,VERSION_NOT_IN_DICTIONARY,"[""VENDOR"", ""PRODUCT"", ""VERSION""]",NO_CHANGE,ACCEPTED,false,false,false,false,false,{},,"Pass A received no Original CPE, control CPE-ID, current GT CPE, or current validation result. Current values were introduced only after independent Pass B resolution."
199866,libjson-c5,0.15-2,package/libs/libjson-c,libjson-c,This package contains a library for javascript object notation backends.,/usr/lib/libjson-c.so.5.1.0 | /usr/lib/libjson-c.so.5,PRODUCT_VERSION_CONFIRMED,json-c,json-c project,0.15,Exact firmware metadata names libjson-c5; Source=package/libs/libjson-c; Description=This package contains a library for javascript object notation backends.; installed payload=/usr/lib/libjson-c.so.5.1.0 | /usr/lib/libjson-c.so.5. These fields identify the json-c product boundary without Original CPE or control CPE-ID input.,Exact installed Version 0.15-2 and Source package/libs/libjson-c identify upstream version 0.15; only the product-specific OpenWrt package-release portion is removed.,"[""LOCAL-01"", ""LOCAL-02"", ""UP-OPENWRT-POLICY""]",MODERATE,false,a:json-c:json-c,20,10,1,1,0,20,ACTIVE_EXACT,cpe:2.3:a:json-c:json-c:0.15:*:*:*:*:*:*:*,OFFICIAL_CPE_MAPPED,"[""VENDOR"", ""PRODUCT"", ""VERSION""]",false,json-c,0.15,cpe:2.3:a:json-c:json-c:0.15:*:*:*:*:*:*:*,OFFICIAL_CPE_MAPPED,"[""VENDOR"", ""PRODUCT"", ""VERSION""]",NO_CHANGE,ACCEPTED,false,false,false,false,false,{},,"Pass A received no Original CPE, control CPE-ID, current GT CPE, or current validation result. Current values were introduced only after independent Pass B resolution."
199871,liblzo2,2.10-4,package/libs/lzo,liblzo,"LZO is a data compression library which is suitable for data de-/compression
in real-time. This means it favours speed over compression ratio.",/usr/lib/liblzo2.so.2 | /usr/lib/liblzo2.so.2.0.0,PRODUCT_VERSION_CONFIRMED,LZO,LZO project,2.10,"Exact firmware metadata names liblzo2; Source=package/libs/lzo; Description=LZO is a data compression library which is suitable for data de-/compression
in real-time. This means it favours speed over compression ratio.; installed payload=/usr/lib/liblzo2.so.2 | /usr/lib/liblzo2.so.2.0.0. These fields identify the LZO product boundary without Original CPE or control CPE-ID input.",Exact installed Version 2.10-4 and Source package/libs/lzo identify upstream version 2.10; only the product-specific OpenWrt package-release portion is removed.,"[""LOCAL-01"", ""LOCAL-02"", ""UP-OPENWRT-POLICY""]",MODERATE,false,a:lzo_project:lzo,11,0,1,1,0,11,ACTIVE_EXACT,cpe:2.3:a:lzo_project:lzo:2.10:*:*:*:*:*:*:*,OFFICIAL_CPE_MAPPED,"[""VENDOR"", ""PRODUCT"", ""VERSION""]",false,LZO,2.10,cpe:2.3:a:lzo_project:lzo:2.10:*:*:*:*:*:*:*,OFFICIAL_CPE_MAPPED,"[""VENDOR"", ""PRODUCT"", ""VERSION""]",NO_CHANGE,ACCEPTED,false,false,false,false,false,{},,"Pass A received no Original CPE, control CPE-ID, current GT CPE, or current validation result. Current values were introduced only after independent Pass B resolution."
199875,libmnl0,1.0.4-2,package/libs/libmnl,libmnl,"libmnl is a minimalistic user-space library oriented to Netlink developers.
There are a lot of common tasks in parsing, validating, constructing of
both the Netlink header and TLVs that are repetitive and easy to get wrong.
This library aims to provide simple helpers that allows you to re-use code
and to avoid re-inventing the wheel. The main features of this library are:
.
* Small: the shared library requires around 30KB for an x86-based computer.
.
* Simple: this library avoids complexity and elaborated abstractions that
tend to hide Netlink details.
.
* Easy to use: the library simplifies the work for Netlink-wise developers.
It provides functions to make socket handling, message building, validating,
parsing and sequence tracking, easier.
.
* Easy to re-use: you can use the library to build your own abstraction layer
on top of this library.
.
* Decoupling: the interdependency of the main bricks that compose the library
is reduced, i.e. the library provides many helpers, but the programmer is not
forced to use them.",/usr/lib/libmnl.so.0.2.0 | /usr/lib/libmnl.so.0,PRODUCT_VERSION_CONFIRMED,libmnl,Netfilter,1.0.4,"Exact firmware metadata names libmnl0; Source=package/libs/libmnl; Description=libmnl is a minimalistic user-space library oriented to Netlink developers.
There are a lot of common tasks in parsing, validating, constructing of
both the Netlink header and TLVs that are repetitive and easy to get wrong.
This library aims to provide simple helpers that allows you to re-use code
and to avoid re-inventing the wheel. The main features of this library are:
.
* Small: the shared library requires around 30KB for an x86-based computer.
.
* Simple: this library avoids complexity and elaborated abstractions that
tend to hide Netlink details.
.
* Easy to use: the library simplifies the work for Netlink-wise developers.
It provides functions to make socket handling, message building, validating,
parsing and sequence tracking, easier.
.
* Easy to re-use: you can use the library to build your own abstraction layer
on top of this library.
.
* Decoupling: the interdependency of the main bricks that compose the library
is reduced, i.e. the library provides many helpers, but the programmer is not
forced to use them.; installed payload=/usr/lib/libmnl.so.0.2.0 | /usr/lib/libmnl.so.0. These fields identify the libmnl product boundary without Original CPE or control CPE-ID input.",Exact installed Version 1.0.4-2 and Source package/libs/libmnl identify upstream version 1.0.4; only the product-specific OpenWrt package-release portion is removed.,"[""LOCAL-01"", ""LOCAL-02"", ""UP-OPENWRT-POLICY""]",MODERATE,false,a:netfilter:libmnl,5,0,1,1,0,5,ACTIVE_EXACT,cpe:2.3:a:netfilter:libmnl:1.0.4:*:*:*:*:*:*:*,OFFICIAL_CPE_MAPPED,"[""VENDOR"", ""PRODUCT"", ""VERSION""]",false,libmnl,1.0.4,cpe:2.3:a:netfilter:libmnl:1.0.4:*:*:*:*:*:*:*,OFFICIAL_CPE_MAPPED,"[""VENDOR"", ""PRODUCT"", ""VERSION""]",NO_CHANGE,ACCEPTED,false,false,false,false,false,{},,"Pass A received no Original CPE, control CPE-ID, current GT CPE, or current validation result. Current values were introduced only after independent Pass B resolution."
199877,libmosquitto-ssl,2.0.20-1,package/network/services/mosquitto,libmosquitto-ssl,"Library required for mosquitto's command line client tools, also for
use by any third party software that wants to communicate with _any_
MQTT server.

Should be useable for communicating with any MQTT v3.1/3.1.1/5 compatible
server, in addition to Mosquitto.
This package is built with SSL support",/usr/lib/libmosquitto.so.1 | /usr/lib/libmosquitto.so,PRODUCT_VERSION_CONFIRMED,Eclipse Mosquitto,Eclipse,2.0.20,"Exact firmware metadata names libmosquitto-ssl; Source=package/network/services/mosquitto; Description=Library required for mosquitto's command line client tools, also for
use by any third party software that wants to communicate with _any_
MQTT server.

Should be useable for communicating with any MQTT v3.1/3.1.1/5 compatible
server, in addition to Mosquitto.
This package is built with SSL support; installed payload=/usr/lib/libmosquitto.so.1 | /usr/lib/libmosquitto.so. These fields identify the Eclipse Mosquitto product boundary without Original CPE or control CPE-ID input.",Exact installed Version 2.0.20-1 and Source package/network/services/mosquitto identify upstream version 2.0.20; only the product-specific OpenWrt package-release portion is removed.,"[""LOCAL-01"", ""LOCAL-02"", ""UP-OPENWRT-POLICY""]",MODERATE,false,a:eclipse:mosquitto,125,0,1,1,0,125,ACTIVE_EXACT,cpe:2.3:a:eclipse:mosquitto:2.0.20:*:*:*:*:*:*:*,OFFICIAL_CPE_MAPPED,"[""VENDOR"", ""PRODUCT"", ""VERSION""]",false,Eclipse Mosquitto,2.0.20,cpe:2.3:a:eclipse:mosquitto:2.0.20:*:*:*:*:*:*:*,OFFICIAL_CPE_MAPPED,"[""VENDOR"", ""PRODUCT"", ""VERSION""]",NO_CHANGE,ACCEPTED,false,false,false,false,false,{},,"Pass A received no Original CPE, control CPE-ID, current GT CPE, or current validation result. Current values were introduced only after independent Pass B resolution."
199878,libnetfilter-conntrack3,1.0.8-1,package/libs/libnetfilter-conntrack,libnetfilter-conntrack,"libnetfilter_conntrack is a userspace library providing a programming
interface (API) to the in-kernel connection tracking state table. The
library libnetfilter_conntrack has been previously known as
libnfnetlink_conntrack and libctnetlink. This library is currently
used by conntrack-tools among many other applications.",/usr/lib/libnetfilter_conntrack.so.3.7.0 | /usr/lib/libnetfilter_conntrack.so.3,PRODUCT_VERSION_CONFIRMED,libnetfilter_conntrack,Netfilter,1.0.8,"Exact firmware metadata names libnetfilter-conntrack3; Source=package/libs/libnetfilter-conntrack; Description=libnetfilter_conntrack is a userspace library providing a programming
interface (API) to the in-kernel connection tracking state table. The
library libnetfilter_conntrack has been previously known as
libnfnetlink_conntrack and libctnetlink. This library is currently
used by conntrack-tools among many other applications.; installed payload=/usr/lib/libnetfilter_conntrack.so.3.7.0 | /usr/lib/libnetfilter_conntrack.so.3. These fields identify the libnetfilter_conntrack product boundary without Original CPE or control CPE-ID input.",Exact installed Version 1.0.8-1 and Source package/libs/libnetfilter-conntrack identify upstream version 1.0.8; only the product-specific OpenWrt package-release portion is removed.,"[""LOCAL-01"", ""LOCAL-02"", ""UP-OPENWRT-POLICY""]",MODERATE,false,a:netfilter:libnetfilter_conntrack,30,0,0,0,0,30,VERSION_NOT_IN_DICTIONARY,cpe:2.3:a:netfilter:libnetfilter_conntrack:1.0.8:*:*:*:*:*:*:*,VERSION_NOT_IN_DICTIONARY,"[""VENDOR"", ""PRODUCT"", ""VERSION""]",false,libnetfilter_conntrack,1.0.8,cpe:2.3:a:netfilter:libnetfilter_conntrack:1.0.8:*:*:*:*:*:*:*,VERSION_NOT_IN_DICTIONARY,"[""VENDOR"", ""PRODUCT"", ""VERSION""]",NO_CHANGE,ACCEPTED,false,false,false,false,false,{},,"Pass A received no Original CPE, control CPE-ID, current GT CPE, or current validation result. Current values were introduced only after independent Pass B resolution."
199880,libnfnetlink0,1.0.1-4,package/libs/libnfnetlink,libnfnetlink,"libnfnetlink is is the low-level library for netfilter related kernel/userspace communication.
It provides a generic messaging infrastructure for in-kernel netfilter subsystems
(such as nfnetlink_log, nfnetlink_queue, nfnetlink_conntrack) and their respective users
and/or management tools in userspace.",/usr/lib/libnfnetlink.so.0 | /usr/lib/libnfnetlink.so.0.2.0,PRODUCT_VERSION_CONFIRMED,libnfnetlink,Netfilter,1.0.1,"Exact firmware metadata names libnfnetlink0; Source=package/libs/libnfnetlink; Description=libnfnetlink is is the low-level library for netfilter related kernel/userspace communication.
It provides a generic messaging infrastructure for in-kernel netfilter subsystems
(such as nfnetlink_log, nfnetlink_queue, nfnetlink_conntrack) and their respective users
and/or management tools in userspace.; installed payload=/usr/lib/libnfnetlink.so.0 | /usr/lib/libnfnetlink.so.0.2.0. These fields identify the libnfnetlink product boundary without Original CPE or control CPE-ID input.",Exact installed Version 1.0.1-4 and Source package/libs/libnfnetlink identify upstream version 1.0.1; only the product-specific OpenWrt package-release portion is removed.,"[""LOCAL-01"", ""LOCAL-02"", ""UP-OPENWRT-POLICY""]",MODERATE,false,a:netfilter:libnfnetlink,14,0,1,1,0,14,ACTIVE_EXACT,cpe:2.3:a:netfilter:libnfnetlink:1.0.1:*:*:*:*:*:*:*,OFFICIAL_CPE_MAPPED,"[""VENDOR"", ""PRODUCT"", ""VERSION""]",false,libnfnetlink,1.0.1,cpe:2.3:a:netfilter:libnfnetlink:1.0.1:*:*:*:*:*:*:*,OFFICIAL_CPE_MAPPED,"[""VENDOR"", ""PRODUCT"", ""VERSION""]",NO_CHANGE,ACCEPTED,false,false,false,false,false,{},,"Pass A received no Original CPE, control CPE-ID, current GT CPE, or current validation result. Current values were introduced only after independent Pass B resolution."
199881,libnftnl11,1.2.5-5,package/libs/libnftnl,libnftnl,"libnftnl is a userspace library providing a low-level netlink
programming interface (API) to the in-kernel nf_tables subsystem.",/usr/lib/libnftnl.so.11 | /usr/lib/libnftnl.so.11.6.0,PRODUCT_VERSION_CONFIRMED,libnftnl,Netfilter,1.2.5,"Exact firmware metadata names libnftnl11; Source=package/libs/libnftnl; Description=libnftnl is a userspace library providing a low-level netlink
programming interface (API) to the in-kernel nf_tables subsystem.; installed payload=/usr/lib/libnftnl.so.11 | /usr/lib/libnftnl.so.11.6.0. These fields identify the libnftnl product boundary without Original CPE or control CPE-ID input.",Exact installed Version 1.2.5-5 and Source package/libs/libnftnl identify upstream version 1.2.5; only the product-specific OpenWrt package-release portion is removed.,"[""LOCAL-01"", ""LOCAL-02"", ""UP-OPENWRT-POLICY""]",MODERATE,false,a:netfilter:libnftnl,2,0,0,0,0,2,VERSION_NOT_IN_DICTIONARY,cpe:2.3:a:netfilter:libnftnl:1.2.5:*:*:*:*:*:*:*,VERSION_NOT_IN_DICTIONARY,"[""VENDOR"", ""PRODUCT"", ""VERSION""]",false,libnftnl,1.2.5,cpe:2.3:a:netfilter:libnftnl:1.2.5:*:*:*:*:*:*:*,VERSION_NOT_IN_DICTIONARY,"[""VENDOR"", ""PRODUCT"", ""VERSION""]",NO_CHANGE,ACCEPTED,false,false,false,false,false,{},,"Pass A received no Original CPE, control CPE-ID, current GT CPE, or current validation result. Current values were introduced only after independent Pass B resolution."
199882,libnghttp2-14,1.43.0-1,package/libs/nghttp2,libnghttp2,C library implementing the framing layer of the HTTP/2 protocol. It can be used to build a HTTP/2-capable HTTP client or server,/usr/lib/libnghttp2.so.14 | /usr/lib/libnghttp2.so.14.20.1,PRODUCT_VERSION_CONFIRMED,nghttp2,nghttp2 project,1.43.0,Exact firmware metadata names libnghttp2-14; Source=package/libs/nghttp2; Description=C library implementing the framing layer of the HTTP/2 protocol. It can be used to build a HTTP/2-capable HTTP client or server; installed payload=/usr/lib/libnghttp2.so.14 | /usr/lib/libnghttp2.so.14.20.1. These fields identify the nghttp2 product boundary without Original CPE or control CPE-ID input.,Exact installed Version 1.43.0-1 and Source package/libs/nghttp2 identify upstream version 1.43.0; only the product-specific OpenWrt package-release portion is removed.,"[""LOCAL-01"", ""LOCAL-02"", ""UP-OPENWRT-POLICY""]",MODERATE,false,a:nghttp2:nghttp2,134,0,1,1,0,134,ACTIVE_EXACT,cpe:2.3:a:nghttp2:nghttp2:1.43.0:*:*:*:*:*:*:*,OFFICIAL_CPE_MAPPED,"[""VENDOR"", ""PRODUCT"", ""VERSION""]",false,nghttp2,1.43.0,cpe:2.3:a:nghttp2:nghttp2:1.43.0:*:*:*:*:*:*:*,OFFICIAL_CPE_MAPPED,"[""VENDOR"", ""PRODUCT"", ""VERSION""]",NO_CHANGE,ACCEPTED,false,false,false,false,false,{},,"Pass A received no Original CPE, control CPE-ID, current GT CPE, or current validation result. Current values were introduced only after independent Pass B resolution."
199888,libopenssl3,3.0.14-3,package/libs/openssl,libopenssl,"The OpenSSL Project is a collaborative effort to develop a robust,
commercial-grade, full-featured, and Open Source toolkit implementing the
Transport Layer Security (TLS) protocol as well as a full-strength
general-purpose cryptography library.
This package contains the OpenSSL shared libraries, needed by other programs.",/usr/lib/libssl.so.3 | /usr/lib/libcrypto.so.3,PRODUCT_VERSION_CONFIRMED,OpenSSL,OpenSSL,3.0.14,"Exact firmware metadata names libopenssl3; Source=package/libs/openssl; Description=The OpenSSL Project is a collaborative effort to develop a robust,
commercial-grade, full-featured, and Open Source toolkit implementing the
Transport Layer Security (TLS) protocol as well as a full-strength
general-purpose cryptography library.
This package contains the OpenSSL shared libraries, needed by other programs.; installed payload=/usr/lib/libssl.so.3 | /usr/lib/libcrypto.so.3. These fields identify the OpenSSL product boundary without Original CPE or control CPE-ID input.",Exact installed Version 3.0.14-3 and Source package/libs/openssl identify upstream version 3.0.14; only the product-specific OpenWrt package-release portion is removed.,"[""LOCAL-01"", ""LOCAL-02"", ""LOCAL-04"", ""LOCAL-06"", ""UP-OPENWRT-POLICY""]",STRONG,false,a:openssl:openssl,339,15,1,1,0,235,ACTIVE_EXACT,cpe:2.3:a:openssl:openssl:3.0.14:*:*:*:*:*:*:*,OFFICIAL_CPE_MAPPED,"[""VENDOR"", ""PRODUCT"", ""VERSION""]",false,OpenSSL,3.0.14,cpe:2.3:a:openssl:openssl:3.0.14:*:*:*:*:*:*:*,OFFICIAL_CPE_MAPPED,"[""VENDOR"", ""PRODUCT"", ""VERSION""]",NO_CHANGE,ACCEPTED,false,false,false,false,false,{},,"Pass A received no Original CPE, control CPE-ID, current GT CPE, or current validation result. Current values were introduced only after independent Pass B resolution."
199890,libpcap1,1.9.1-3,package/libs/libpcap,libpcap,"This package contains a system-independent library for user-level network packet
capture.",/usr/lib/libpcap.so.1 | /usr/lib/libpcap.so.1.9.1,PRODUCT_VERSION_CONFIRMED,libpcap,tcpdump project,1.9.1,"Exact firmware metadata names libpcap1; Source=package/libs/libpcap; Description=This package contains a system-independent library for user-level network packet
capture.; installed payload=/usr/lib/libpcap.so.1 | /usr/lib/libpcap.so.1.9.1. These fields identify the libpcap product boundary without Original CPE or control CPE-ID input.",Exact installed Version 1.9.1-3 and Source package/libs/libpcap identify upstream version 1.9.1; only the product-specific OpenWrt package-release portion is removed.,"[""LOCAL-01"", ""LOCAL-02"", ""UP-OPENWRT-POLICY""]",MODERATE,false,a:tcpdump:libpcap,41,0,1,1,0,41,ACTIVE_EXACT,cpe:2.3:a:tcpdump:libpcap:1.9.1:*:*:*:*:*:*:*,OFFICIAL_CPE_MAPPED,"[""VENDOR"", ""PRODUCT"", ""VERSION""]",false,libpcap,1.9.1,cpe:2.3:a:tcpdump:libpcap:1.9.1:*:*:*:*:*:*:*,OFFICIAL_CPE_MAPPED,"[""VENDOR"", ""PRODUCT"", ""VERSION""]",NO_CHANGE,ACCEPTED,false,false,false,false,false,{},,"Pass A received no Original CPE, control CPE-ID, current GT CPE, or current validation result. Current values were introduced only after independent Pass B resolution."
199891,libpcre2,10.37-5,package/libs/pcre2,libpcre2,A Perl Compatible Regular Expression library,/usr/lib/libpcre2-8.so.0.10.2 | /usr/lib/libpcre2-posix.so.3.0.0,PRODUCT_VERSION_CONFIRMED,PCRE2,PCRE project,10.37,Exact firmware metadata names libpcre2; Source=package/libs/pcre2; Description=A Perl Compatible Regular Expression library; installed payload=/usr/lib/libpcre2-8.so.0.10.2 | /usr/lib/libpcre2-posix.so.3.0.0. These fields identify the PCRE2 product boundary without Original CPE or control CPE-ID input.,Exact installed Version 10.37-5 and Source package/libs/pcre2 identify upstream version 10.37; only the product-specific OpenWrt package-release portion is removed.,"[""LOCAL-01"", ""LOCAL-02"", ""UP-OPENWRT-POLICY""]",MODERATE,false,a:pcre:pcre2,19,0,1,1,0,17,ACTIVE_EXACT,cpe:2.3:a:pcre:pcre2:10.37:*:*:*:*:*:*:*,OFFICIAL_CPE_MAPPED,"[""VENDOR"", ""PRODUCT"", ""VERSION""]",false,PCRE2,10.37,cpe:2.3:a:pcre:pcre2:10.37:*:*:*:*:*:*:*,OFFICIAL_CPE_MAPPED,"[""VENDOR"", ""PRODUCT"", ""VERSION""]",NO_CHANGE,ACCEPTED,false,false,false,false,false,{},,"Pass A received no Original CPE, control CPE-ID, current GT CPE, or current validation result. Current values were introduced only after independent Pass B resolution."
199913,libusb-1.0-0,1.0.24-5,package/libs/libusb,libusb-1.0,"libusb is a C library that gives applications easy access to USB devices on
many different operating systems.",/usr/lib/libusb-1.0.so.0.3.0 | /usr/lib/libusb-1.0.so.0,PRODUCT_VERSION_CONFIRMED,libusb,libusb project,1.0.24,"Exact firmware metadata names libusb-1.0-0; Source=package/libs/libusb; Description=libusb is a C library that gives applications easy access to USB devices on
many different operating systems.; installed payload=/usr/lib/libusb-1.0.so.0.3.0 | /usr/lib/libusb-1.0.so.0. These fields identify the libusb product boundary without Original CPE or control CPE-ID input.",Exact installed Version 1.0.24-5 and Source package/libs/libusb identify upstream version 1.0.24; only the product-specific OpenWrt package-release portion is removed.,"[""LOCAL-01"", ""LOCAL-02"", ""UP-OPENWRT-POLICY"", ""UP-LIBUSB-1.0.24""]",STRONG,false,a:libusb:libusb,78,0,2,1,0,7,ACTIVE_EXACT,cpe:2.3:a:libusb:libusb:1.0.24:-:*:*:*:*:*:*,OFFICIAL_CPE_MAPPED,"[""VENDOR"", ""PRODUCT"", ""VERSION"", ""UPDATE""]",false,libusb,1.0.24,cpe:2.3:a:libusb:libusb:1.0.24:-:*:*:*:*:*:*,OFFICIAL_CPE_MAPPED,"[""VENDOR"", ""PRODUCT"", ""VERSION"", ""UPDATE""]",NO_CHANGE,ACCEPTED,false,false,false,false,false,{},,"Pass A received no Original CPE, control CPE-ID, current GT CPE, or current validation result. Current values were introduced only after independent Pass B resolution."
199920,lua,5.1.5-9,package/utils/lua,lua,"Lua is a powerful light-weight programming language designed for extending 
applications. Lua is also frequently used as a general-purpose, stand-alone
language. Lua is free software.
This package contains the Lua language interpreter.",/usr/bin/lua | /usr/bin/lua5.1,PRODUCT_VERSION_CONFIRMED,Lua,Lua project,5.1.5,"Exact firmware metadata names lua; Source=package/utils/lua; Description=Lua is a powerful light-weight programming language designed for extending 
applications. Lua is also frequently used as a general-purpose, stand-alone
language. Lua is free software.
This package contains the Lua language interpreter.; installed payload=/usr/bin/lua | /usr/bin/lua5.1. These fields identify the Lua product boundary without Original CPE or control CPE-ID input.",Exact installed Version 5.1.5-9 and Source package/utils/lua identify upstream version 5.1.5; only the product-specific OpenWrt package-release portion is removed.,"[""LOCAL-01"", ""LOCAL-02"", ""UP-OPENWRT-POLICY"", ""UP-LUA-5.1.5""]",STRONG,false,a:lua:lua,54,0,0,0,0,24,VERSION_NOT_IN_DICTIONARY,cpe:2.3:a:lua:lua:5.1.5:*:*:*:*:*:*:*,VERSION_NOT_IN_DICTIONARY,"[""VERSION""]",false,Lua,5.1.5,cpe:2.3:a:lua:lua:5.1.5:*:*:*:*:*:*:*,VERSION_NOT_IN_DICTIONARY,"[""VERSION""]",NO_CHANGE,ACCEPTED,false,false,false,false,false,{},,"Pass A received no Original CPE, control CPE-ID, current GT CPE, or current validation result. Current values were introduced only after independent Pass B resolution."
199933,minizip,4.0.7-2,package/utils/minizip,minizip,"minizip is a zip manipulation library written in C that is supported on Windows, macOS, and Linux",/usr/bin/minizip,PRODUCT_VERSION_CONFIRMED,minizip-ng,zlib-ng project,4.0.7,"Exact firmware metadata names minizip; Source=package/utils/minizip; Description=minizip is a zip manipulation library written in C that is supported on Windows, macOS, and Linux; installed payload=/usr/bin/minizip. These fields identify the minizip-ng product boundary without Original CPE or control CPE-ID input.",Exact installed Version 4.0.7-2 and Source package/utils/minizip identify upstream version 4.0.7; only the product-specific OpenWrt package-release portion is removed.,"[""LOCAL-01"", ""LOCAL-02"", ""UP-OPENWRT-POLICY""]",MODERATE,false,a:zlib-ng:minizip-ng,85,0,1,1,0,85,ACTIVE_EXACT,cpe:2.3:a:zlib-ng:minizip-ng:4.0.7:*:*:*:*:*:*:*,OFFICIAL_CPE_MAPPED,"[""VENDOR"", ""PRODUCT"", ""VERSION""]",false,minizip-ng,4.0.7,cpe:2.3:a:zlib-ng:minizip-ng:4.0.7:*:*:*:*:*:*:*,OFFICIAL_CPE_MAPPED,"[""VENDOR"", ""PRODUCT"", ""VERSION""]",NO_CHANGE,ACCEPTED,false,false,false,false,false,{},,"Pass A received no Original CPE, control CPE-ID, current GT CPE, or current validation result. Current values were introduced only after independent Pass B resolution."
199956,open62541,v1.4.0-r,package/libs/open62541,open62541,Open source implementation of OPC UA (OPC Unified Architecture) aka IEC 62541 licensed under Mozilla Public License v2.0,/usr/lib/libopen62541.so.0.0.0 | /usr/lib/libopen62541.so,PRODUCT_VERSION_CONFIRMED,open62541,open62541 project,1.4.0,Exact firmware metadata names open62541; Source=package/libs/open62541; Description=Open source implementation of OPC UA (OPC Unified Architecture) aka IEC 62541 licensed under Mozilla Public License v2.0; installed payload=/usr/lib/libopen62541.so.0.0.0 | /usr/lib/libopen62541.so. These fields identify the open62541 product boundary without Original CPE or control CPE-ID input.,The exact installed identifier v1.4.0-r and official v1.4.0 release evidence establish upstream open62541 1.4.0; the leading v and build release marker are not upstream pre-release qualifiers.,"[""LOCAL-01"", ""LOCAL-02"", ""UP-OPENWRT-POLICY"", ""UP-OPEN62541-1.4.0""]",STRONG,false,a:open62541:open62541,48,0,0,0,0,6,VERSION_NOT_IN_DICTIONARY,cpe:2.3:a:open62541:open62541:1.4.0:-:*:*:*:*:*:*,VERSION_NOT_IN_DICTIONARY,"[""VERSION"", ""UPDATE""]",false,open62541,1.4.0,cpe:2.3:a:open62541:open62541:1.4.0:-:*:*:*:*:*:*,VERSION_NOT_IN_DICTIONARY,"[""VERSION"", ""UPDATE""]",NO_CHANGE,ACCEPTED,false,false,false,false,false,{},,"Pass A received no Original CPE, control CPE-ID, current GT CPE, or current validation result. Current values were introduced only after independent Pass B resolution."
199959,openvpn-openssl,2.6.9-5,package/network/services/openvpn,openvpn-openssl,Open source VPN solution using OpenSSL,/usr/sbin/openvpn | /usr/libexec/openvpn-hotplug | /etc/openvpn/express_template.ovpn | /etc/openvpn.user | /lib/functions/openvpn.sh | /usr/share/openvpn/openvpn.options,PRODUCT_VERSION_CONFIRMED,OpenVPN,OpenVPN,2.6.9,Exact firmware metadata names openvpn-openssl; Source=package/network/services/openvpn; Description=Open source VPN solution using OpenSSL; installed payload=/usr/sbin/openvpn | /usr/libexec/openvpn-hotplug | /etc/openvpn/express_template.ovpn | /etc/openvpn.user | /lib/functions/openvpn.sh | /usr/share/openvpn/openvpn.options. These fields identify the OpenVPN product boundary without Original CPE or control CPE-ID input.,Exact installed Version 2.6.9-5 and Source package/network/services/openvpn identify upstream version 2.6.9; only the product-specific OpenWrt package-release portion is removed.,"[""LOCAL-01"", ""LOCAL-02"", ""UP-OPENWRT-POLICY""]",MODERATE,false,a:openvpn:openvpn,279,117,1,1,0,95,ACTIVE_EXACT,cpe:2.3:a:openvpn:openvpn:2.6.9:*:*:*:community:*:*:*,OFFICIAL_CPE_MAPPED,"[""VENDOR"", ""PRODUCT"", ""VERSION"", ""SW_EDITION""]",false,OpenVPN,2.6.9,cpe:2.3:a:openvpn:openvpn:2.6.9:*:*:*:community:*:*:*,OFFICIAL_CPE_MAPPED,"[""VENDOR"", ""PRODUCT"", ""VERSION"", ""SW_EDITION""]",NO_CHANGE,ACCEPTED,false,false,false,false,false,{},,"Pass A received no Original CPE, control CPE-ID, current GT CPE, or current validation result. Current values were introduced only after independent Pass B resolution."
200023,strongswan,5.9.14-24,package/network/services/strongswan,strongswan,"StrongSwan is an OpenSource IPsec implementation for the Linux operating system.
This package contains shared libraries and scripts.",/usr/lib/ipsec/libstrongswan.so.0 | /usr/lib/ipsec/libstrongswan.so.0.0.0 | /etc/strongswan.conf | /etc/config/ipsec | /lib/upgrade/keep.d/strongswan,PRODUCT_VERSION_CONFIRMED,strongSwan,strongSwan,5.9.14,"Exact firmware metadata names strongswan; Source=package/network/services/strongswan; Description=StrongSwan is an OpenSource IPsec implementation for the Linux operating system.
This package contains shared libraries and scripts.; installed payload=/usr/lib/ipsec/libstrongswan.so.0 | /usr/lib/ipsec/libstrongswan.so.0.0.0 | /etc/strongswan.conf | /etc/config/ipsec | /lib/upgrade/keep.d/strongswan. These fields identify the strongSwan product boundary without Original CPE or control CPE-ID input.",Exact installed Version 5.9.14-24 and Source package/network/services/strongswan identify upstream version 5.9.14; only the product-specific OpenWrt package-release portion is removed.,"[""LOCAL-01"", ""LOCAL-02"", ""LOCAL-04"", ""LOCAL-06"", ""UP-OPENWRT-POLICY""]",STRONG,false,a:strongswan:strongswan,214,0,0,0,0,14,VERSION_NOT_IN_DICTIONARY,cpe:2.3:a:strongswan:strongswan:5.9.14:-:*:*:*:*:*:*,VERSION_NOT_IN_DICTIONARY,"[""VERSION"", ""UPDATE""]",false,strongSwan,5.9.14,cpe:2.3:a:strongswan:strongswan:5.9.14:-:*:*:*:*:*:*,VERSION_NOT_IN_DICTIONARY,"[""VERSION"", ""UPDATE""]",NO_CHANGE,ACCEPTED,false,false,false,false,false,{},,"Pass A received no Original CPE, control CPE-ID, current GT CPE, or current validation result. Current values were introduced only after independent Pass B resolution."
200192,zlib,1.2.11-4,package/libs/zlib,zlib,"zlib is a lossless data-compression library.
This package includes the shared library.",/usr/lib/libz.so.1.2.11 | /usr/lib/libz.so.1,PRODUCT_VERSION_CONFIRMED,zlib,zlib,1.2.11,"Exact firmware metadata names zlib; Source=package/libs/zlib; Description=zlib is a lossless data-compression library.
This package includes the shared library.; installed payload=/usr/lib/libz.so.1.2.11 | /usr/lib/libz.so.1. These fields identify the zlib product boundary without Original CPE or control CPE-ID input.",Exact installed Version 1.2.11-4 and Source package/libs/zlib identify upstream version 1.2.11; only the product-specific OpenWrt package-release portion is removed.,"[""LOCAL-01"", ""LOCAL-02"", ""UP-OPENWRT-POLICY""]",MODERATE,false,a:zlib:zlib,82,0,1,1,0,81,ACTIVE_EXACT,cpe:2.3:a:zlib:zlib:1.2.11:*:*:*:*:*:*:*,OFFICIAL_CPE_MAPPED,"[""VERSION""]",false,zlib,1.2.11,cpe:2.3:a:zlib:zlib:1.2.11:*:*:*:*:*:*:*,OFFICIAL_CPE_MAPPED,"[""VERSION""]",NO_CHANGE,ACCEPTED,false,false,false,false,false,{},,"Pass A received no Original CPE, control CPE-ID, current GT CPE, or current validation result. Current values were introduced only after independent Pass B resolution."
200193,linux_kernel,5.15.176,NON_OPKG_DIRECT_ARTIFACT,linux_kernel,properties source_path -> /logs/firmware/binwalk_extracted/firmware.extracted/0/MIPS_OpenWrt_Linux-5.15.176.bin.extracted/0/decompressed.bin; exact firmware uImage identifies Linux 5.15.176; module paths are present under /lib/modules/5.15.176,/logs/firmware/binwalk_extracted/firmware.extracted/0/MIPS_OpenWrt_Linux-5.15.176.bin.extracted/0/decompressed.bin | /logs/firmware/binwalk_extracted/firmware.extracted/260000/squashfs-root/lib/modules/5.15.176/compat.ko | /logs/firmware/binwalk_extracted/firmware.extracted/260000/squashfs-root/lib/modules/5.15.176/ovpn-dco-v2.ko | /logs/firmware/binwalk_extracted/firmware.extracted/260000/squashfs-root/lib/modules/5.15.176/cfg80211.ko | /logs/firmware/binwalk_extracted/firmware.extracted/260000/squashfs-root/lib/modules/5.15.176/pulse_counter.ko | /logs/firmware/binwalk_extracted/firmware.extracted/260000/squashfs-root/lib/modules/5.15.176/gpio-button-hotplug.ko | /logs/firmware/binwalk_extracted/firmware.extracted/260000/squashfs-root/lib/modules/5.15.176/mt7603e.ko | /logs/firmware/binwalk_extracted/firmware.extracted/260000/squashfs-root/lib/modules/5.15.176/tlt_gpio.ko | /logs/firmware/binwalk_extracted/firmware.extracted/260000/squashfs-root/lib/modules/5.15.176/mac80211.ko,PRODUCT_VERSION_CONFIRMED,Linux kernel,Linux,5.15.176,Exact firmware metadata names linux_kernel; Source=NON_OPKG_DIRECT_ARTIFACT; Description=properties source_path -> /logs/firmware/binwalk_extracted/firmware.extracted/0/MIPS_OpenWrt_Linux-5.15.176.bin.extracted/0/decompressed.bin; exact firmware uImage identifies Linux 5.15.176; module paths are present under /lib/modules/5.15.176; installed payload=/logs/firmware/binwalk_extracted/firmware.extracted/0/MIPS_OpenWrt_Linux-5.15.176.bin.extracted/0/decompressed.bin | /logs/firmware/binwalk_extracted/firmware.extracted/260000/squashfs-root/lib/modules/5.15.176/compat.ko | /logs/firmware/binwalk_extracted/firmware.extracted/260000/squashfs-root/lib/modules/5.15.176/ovpn-dco-v2.ko | /logs/firmware/binwalk_extracted/firmware.extracted/260000/squashfs-root/lib/modules/5.15.176/cfg80211.ko | /logs/firmware/binwalk_extracted/firmware.extracted/260000/squashfs-root/lib/modules/5.15.176/pulse_counter.ko | /logs/firmware/binwalk_extracted/firmware.extracted/260000/squashfs-root/lib/modules/5.15.176/gpio-button-hotplug.ko | /logs/firmware/binwalk_extracted/firmware.extracted/260000/squashfs-root/lib/modules/5.15.176/mt7603e.ko | /logs/firmware/binwalk_extracted/firmware.extracted/260000/squashfs-root/lib/modules/5.15.176/tlt_gpio.ko | /logs/firmware/binwalk_extracted/firmware.extracted/260000/squashfs-root/lib/modules/5.15.176/mac80211.ko. These fields identify the Linux kernel product boundary without Original CPE or control CPE-ID input.,The exact uImage banner identifies Linux 5.15.176 and the firmware contains a matching /lib/modules/5.15.176 tree.,"[""LOCAL-01"", ""LOCAL-04"", ""LOCAL-06""]",STRONG,false,o:linux:linux_kernel,6270,135,1,1,0,5082,ACTIVE_EXACT,cpe:2.3:o:linux:linux_kernel:5.15.176:*:*:*:*:*:*:*,CPE_CONFIRMED,[],false,Linux kernel,5.15.176,cpe:2.3:o:linux:linux_kernel:5.15.176:*:*:*:*:*:*:*,CPE_CONFIRMED,[],NO_CHANGE,ACCEPTED,false,false,false,false,false,{},,"Pass A received no Original CPE, control CPE-ID, current GT CPE, or current validation result. Current values were introduced only after independent Pass B resolution."
200196,sqlite,3.41.2,NON_OPKG_DIRECT_ARTIFACT,sqlite,properties source_path -> /usr/lib/libsqlite3.so.0.8.6; detector identity/version evidence retained from exact firmware,/logs/firmware/binwalk_extracted/firmware.extracted/260000/squashfs-root/usr/lib/libsqlite3.so.0.8.6,PRODUCT_VERSION_CONFIRMED,SQLite,SQLite,3.41.2,Exact firmware metadata names sqlite; Source=NON_OPKG_DIRECT_ARTIFACT; Description=properties source_path -> /usr/lib/libsqlite3.so.0.8.6; detector identity/version evidence retained from exact firmware; installed payload=/logs/firmware/binwalk_extracted/firmware.extracted/260000/squashfs-root/usr/lib/libsqlite3.so.0.8.6. These fields identify the SQLite product boundary without Original CPE or control CPE-ID input.,The exact libsqlite3 binary detector reports 3.41.2; the installed opkg SQLite runtime independently corroborates the same upstream release.,"[""LOCAL-01"", ""UP-SQLITE-3.41.2""]",STRONG,false,a:sqlite:sqlite,372,0,1,1,0,372,ACTIVE_EXACT,cpe:2.3:a:sqlite:sqlite:3.41.2:*:*:*:*:*:*:*,CPE_CONFIRMED,[],false,SQLite,3.41.2,cpe:2.3:a:sqlite:sqlite:3.41.2:*:*:*:*:*:*:*,CPE_CONFIRMED,[],NO_CHANGE,ACCEPTED,false,false,false,false,false,{},,"Pass A received no Original CPE, control CPE-ID, current GT CPE, or current validation result. Current values were introduced only after independent Pass B resolution."
200198,wpa_supplicant,2.11-devel,NON_OPKG_DIRECT_ARTIFACT,wpa_supplicant,properties source_path -> /usr/sbin/wpad; detector identity/version evidence retained from exact firmware,/logs/firmware/binwalk_extracted/firmware.extracted/260000/squashfs-root/usr/sbin/wpad,PRODUCT_VERSION_CONFIRMED,wpa_supplicant,w1.fi,2.11-devel,"Exact firmware binary /usr/sbin/wpad contains the direct identifier 'wpa_supplicant v2.11-devel', independently identifying the embedded wpa_supplicant implementation.","The exact binary identifier includes the upstream '-devel' qualifier. The official w1.fi archive separately publishes the final 2.11 release, so the qualifier is preserved in the product version and represented as CPE version=2.11, update=devel under the approved policy.","[""LOCAL-01"", ""LOCAL-11"", ""UP-WPA-2.11""]",STRONG,false,a:w1.fi:wpa_supplicant,77,0,0,0,0,2,VERSION_NOT_IN_DICTIONARY,cpe:2.3:a:w1.fi:wpa_supplicant:2.11:devel:*:*:*:*:*:*,VERSION_NOT_IN_DICTIONARY,"[""UPDATE""]",false,wpa_supplicant,2.11-devel,cpe:2.3:a:w1.fi:wpa_supplicant:2.11:devel:*:*:*:*:*:*,VERSION_NOT_IN_DICTIONARY,"[""UPDATE""]",NO_CHANGE,ACCEPTED,false,false,false,false,false,{},,"Pass A received no Original CPE, control CPE-ID, current GT CPE, or current validation result. Current values were introduced only after independent Pass B resolution."
200199,openwrt,21.02.0:r16279-5cc0535800,NON_OPKG_DIRECT_ARTIFACT,openwrt,properties source_path -> /etc/openwrt_release; detector identity/version evidence retained from exact firmware,/logs/firmware/binwalk_extracted/firmware.extracted/260000/squashfs-root/etc/openwrt_release,PRODUCT_VERSION_CONFIRMED,OpenWrt,OpenWrt,21.02.0,Exact firmware metadata names openwrt; Source=NON_OPKG_DIRECT_ARTIFACT; Description=properties source_path -> /etc/openwrt_release; detector identity/version evidence retained from exact firmware; installed payload=/logs/firmware/binwalk_extracted/firmware.extracted/260000/squashfs-root/etc/openwrt_release. These fields identify the OpenWrt product boundary without Original CPE or control CPE-ID input.,The exact /etc/openwrt_release value identifies release 21.02.0 and its build revision; the official release archive corroborates 21.02.0 as the product release represented by the CPE version field.,"[""LOCAL-01"", ""UP-OPENWRT-21.02.0""]",STRONG,false,o:openwrt:openwrt,100,2,5,1,0,8,ACTIVE_EXACT,cpe:2.3:o:openwrt:openwrt:21.02.0:-:*:*:*:*:*:*,OFFICIAL_CPE_MAPPED,"[""UPDATE""]",false,OpenWrt,21.02.0,cpe:2.3:o:openwrt:openwrt:21.02.0:-:*:*:*:*:*:*,OFFICIAL_CPE_MAPPED,"[""UPDATE""]",NO_CHANGE,ACCEPTED,false,false,false,false,false,{},,"Pass A received no Original CPE, control CPE-ID, current GT CPE, or current validation result. Current values were introduced only after independent Pass B resolution."
