source,package_count,packages,single_or_multi,source_name_values,version_values,cpe_id_values,cpe_id_package_count,cpe_id_consistency,product_candidate_count,direct_product_candidate_count,possible_product_candidate_count,partial_component_count,non_product_count,ambiguous_count,unresolved_count,role_distribution,main_package_candidate,has_main_product_like_package,has_library_split,has_utility_split,has_plugin_module_split,has_kernel_package,is_vendor_specific,source_structure_summary
feeds/luci/libs/luci-lib-ip,1,luci-lib-ip,SINGLE_PACKAGE_SOURCE,luci-lib-ip,git-20.250.76529-62505bd,,0,NO_CPE_ID,0,0,0,0,0,1,0,"{""PLUGIN_OR_MODULE"": 1}",,False,False,False,True,False,False,single installed package; plugin/module=1
feeds/luci/libs/luci-lib-nixio,1,luci-lib-nixio,SINGLE_PACKAGE_SOURCE,luci-lib-nixio,git-20.234.06894-c4a4e43,,0,NO_CPE_ID,0,0,0,0,0,1,0,"{""PLUGIN_OR_MODULE"": 1}",,False,False,False,True,False,False,single installed package; plugin/module=1
feeds/luci/libs/rpcd-mod-rrdns,1,rpcd-mod-rrdns,SINGLE_PACKAGE_SOURCE,rpcd-mod-rrdns,20170710,,0,NO_CPE_ID,0,0,0,0,0,1,0,"{""PLUGIN_OR_MODULE"": 1}",,False,False,False,True,False,False,single installed package; plugin/module=1
feeds/packages/lang/lua-lsqlite3,1,lsqlite3,SINGLE_PACKAGE_SOURCE,lsqlite3,0.9.5-1,,0,NO_CPE_ID,0,0,0,0,0,1,0,"{""PLUGIN_OR_MODULE"": 1}",,False,False,False,True,False,False,single installed package; plugin/module=1
feeds/packages/libs/libcap-ng,1,libcap-ng,SINGLE_PACKAGE_SOURCE,libcap-ng,0.8.1-1,cpe:/a:libcap-ng_project:libcap-ng,1,ALL_PACKAGES_SAME_CPE_ID,0,0,0,0,0,1,0,"{""LIBRARY_PACKAGE"": 1}",,False,True,False,False,False,False,single installed package; library=1
feeds/vuci/api-core,1,api-core,SINGLE_PACKAGE_SOURCE,api-core,1,,0,NO_CPE_ID,0,0,0,0,0,1,0,"{""PLUGIN_OR_MODULE"": 1}",,False,False,False,True,False,True,single installed package; plugin/module=1
feeds/vuci/api-core/packages/lrexlib,1,lrexlib,SINGLE_PACKAGE_SOURCE,lrexlib,2021-12-28,,0,NO_CPE_ID,0,0,0,0,0,1,0,"{""PLUGIN_OR_MODULE"": 1}",,False,False,False,True,False,True,single installed package; plugin/module=1
feeds/vuci/api-core/packages/lua_crypto,1,lua_crypto,SINGLE_PACKAGE_SOURCE,lua_crypto,1.0-1,,0,NO_CPE_ID,0,0,0,0,0,1,0,"{""PLUGIN_OR_MODULE"": 1}",,False,False,False,True,False,True,single installed package; plugin/module=1
feeds/vuci/api-core/packages/lua_extra_validators,1,lua_extra_validators,SINGLE_PACKAGE_SOURCE,lua_extra_validators,2021-12-28,,0,NO_CPE_ID,0,0,0,0,0,1,0,"{""PLUGIN_OR_MODULE"": 1}",,False,False,False,True,False,True,single installed package; plugin/module=1
feeds/vuci/applications/vuci-app-access-control/vuci-app-access-control-api,1,vuci-app-access-control-api,SINGLE_PACKAGE_SOURCE,vuci-app-access-control-api,1,,0,NO_CPE_ID,0,0,0,0,0,1,0,"{""PLUGIN_OR_MODULE"": 1}",,False,False,False,True,False,True,single installed package; plugin/module=1
feeds/vuci/applications/vuci-app-access-control/vuci-app-access-control-ui,1,vuci-app-access-control-ui,SINGLE_PACKAGE_SOURCE,vuci-app-access-control-ui,2025-07-02-0eab43c-1,,0,NO_CPE_ID,0,0,0,0,0,1,0,"{""PLUGIN_OR_MODULE"": 1}",,False,False,False,True,False,True,single installed package; plugin/module=1
feeds/vuci/applications/vuci-app-administration/vuci-app-administration-api,1,vuci-app-administration-api,SINGLE_PACKAGE_SOURCE,vuci-app-administration-api,1,,0,NO_CPE_ID,0,0,0,0,0,1,0,"{""PLUGIN_OR_MODULE"": 1}",,False,False,False,True,False,True,single installed package; plugin/module=1
feeds/vuci/applications/vuci-app-administration/vuci-app-administration-ui,1,vuci-app-administration-ui,SINGLE_PACKAGE_SOURCE,vuci-app-administration-ui,2025-07-02-0eab43c-1,,0,NO_CPE_ID,0,0,0,0,0,1,0,"{""PLUGIN_OR_MODULE"": 1}",,False,False,False,True,False,True,single installed package; plugin/module=1
feeds/vuci/applications/vuci-app-auto-reboot/vuci-app-auto-reboot-api,1,vuci-app-auto-reboot-api,SINGLE_PACKAGE_SOURCE,vuci-app-auto-reboot-api,1,,0,NO_CPE_ID,0,0,0,0,0,1,0,"{""PLUGIN_OR_MODULE"": 1}",,False,False,False,True,False,True,single installed package; plugin/module=1
feeds/vuci/applications/vuci-app-auto-reboot/vuci-app-auto-reboot-ui,1,vuci-app-auto-reboot-ui,SINGLE_PACKAGE_SOURCE,vuci-app-auto-reboot-ui,2025-07-02-0eab43c-1,,0,NO_CPE_ID,0,0,0,0,0,1,0,"{""PLUGIN_OR_MODULE"": 1}",,False,False,False,True,False,True,single installed package; plugin/module=1
feeds/vuci/applications/vuci-app-backup/vuci-app-backup-api,1,vuci-app-backup-api,SINGLE_PACKAGE_SOURCE,vuci-app-backup-api,1,,0,NO_CPE_ID,0,0,0,0,0,1,0,"{""PLUGIN_OR_MODULE"": 1}",,False,False,False,True,False,True,single installed package; plugin/module=1
feeds/vuci/applications/vuci-app-backup/vuci-app-backup-ui,1,vuci-app-backup-ui,SINGLE_PACKAGE_SOURCE,vuci-app-backup-ui,2025-07-02-0eab43c-1,,0,NO_CPE_ID,0,0,0,0,0,1,0,"{""PLUGIN_OR_MODULE"": 1}",,False,False,False,True,False,True,single installed package; plugin/module=1
feeds/vuci/applications/vuci-app-call-utilities/vuci-app-call-utilities-api,1,vuci-app-call-utilities-api,SINGLE_PACKAGE_SOURCE,vuci-app-call-utilities-api,1,,0,NO_CPE_ID,0,0,0,0,0,1,0,"{""PLUGIN_OR_MODULE"": 1}",,False,False,False,True,False,True,single installed package; plugin/module=1
feeds/vuci/applications/vuci-app-call-utilities/vuci-app-call-utilities-ui,1,vuci-app-call-utilities-ui,SINGLE_PACKAGE_SOURCE,vuci-app-call-utilities-ui,2025-07-02-0eab43c-1,,0,NO_CPE_ID,0,0,0,0,0,1,0,"{""PLUGIN_OR_MODULE"": 1}",,False,False,False,True,False,True,single installed package; plugin/module=1
feeds/vuci/applications/vuci-app-certificates/vuci-app-certificates-api,1,vuci-app-certificates-api,SINGLE_PACKAGE_SOURCE,vuci-app-certificates-api,1,,0,NO_CPE_ID,0,0,0,0,0,1,0,"{""PLUGIN_OR_MODULE"": 1}",,False,False,False,True,False,True,single installed package; plugin/module=1
feeds/vuci/applications/vuci-app-certificates/vuci-app-certificates-ui,1,vuci-app-certificates-ui,SINGLE_PACKAGE_SOURCE,vuci-app-certificates-ui,2025-07-02-0eab43c-1,,0,NO_CPE_ID,0,0,0,0,0,1,0,"{""PLUGIN_OR_MODULE"": 1}",,False,False,False,True,False,True,single installed package; plugin/module=1
feeds/vuci/applications/vuci-app-channel-analysis/vuci-app-channel-analysis-api,1,vuci-app-channel-analysis-api,SINGLE_PACKAGE_SOURCE,vuci-app-channel-analysis-api,1,,0,NO_CPE_ID,0,0,0,0,0,1,0,"{""PLUGIN_OR_MODULE"": 1}",,False,False,False,True,False,True,single installed package; plugin/module=1
feeds/vuci/applications/vuci-app-channel-analysis/vuci-app-channel-analysis-ui,1,vuci-app-channel-analysis-ui,SINGLE_PACKAGE_SOURCE,vuci-app-channel-analysis-ui,2025-07-02-0eab43c-1,,0,NO_CPE_ID,0,0,0,0,0,1,0,"{""PLUGIN_OR_MODULE"": 1}",,False,False,False,True,False,True,single installed package; plugin/module=1
feeds/vuci/applications/vuci-app-cli/vuci-app-cli-api,1,vuci-app-cli-api,SINGLE_PACKAGE_SOURCE,vuci-app-cli-api,1,,0,NO_CPE_ID,0,0,0,0,0,1,0,"{""PLUGIN_OR_MODULE"": 1}",,False,False,False,True,False,True,single installed package; plugin/module=1
feeds/vuci/applications/vuci-app-cli/vuci-app-cli-ui,1,vuci-app-cli-ui,SINGLE_PACKAGE_SOURCE,vuci-app-cli-ui,2025-07-02-0eab43c-1,,0,NO_CPE_ID,0,0,0,0,0,1,0,"{""PLUGIN_OR_MODULE"": 1}",,False,False,False,True,False,True,single installed package; plugin/module=1
feeds/vuci/applications/vuci-app-core/vuci-app-core-api,1,vuci-app-core-api,SINGLE_PACKAGE_SOURCE,vuci-app-core-api,1,,0,NO_CPE_ID,0,0,0,0,0,1,0,"{""PLUGIN_OR_MODULE"": 1}",,False,False,False,True,False,True,single installed package; plugin/module=1
feeds/vuci/applications/vuci-app-core/vuci-app-core-ui,1,vuci-app-core-ui,SINGLE_PACKAGE_SOURCE,vuci-app-core-ui,2025-07-02-0eab43c-1,,0,NO_CPE_ID,0,0,0,0,0,1,0,"{""PLUGIN_OR_MODULE"": 1}",,False,False,False,True,False,True,single installed package; plugin/module=1
feeds/vuci/applications/vuci-app-data-sender/vuci-app-data-sender-api,13,data-sender-api-mod-format-custom | data-sender-api-mod-gsm | data-sender-api-mod-http | data-sender-api-mod-lua-in | data-sender-api-mod-lua_format | data-sender-api-mod-mdcollect | data-sender-api-mod-modbus | data-sender-api-mod-modbus-alarm | data-sender-api-mod-mqtt-in | data-sender-api-mod-mqtt-out | data-sender-api-mod-opcua | data-sender-api-mod-ubus | vuci-app-data-sender-api,MULTI_PACKAGE_SOURCE,data-sender-api-mod-format-custom | data-sender-api-mod-gsm | data-sender-api-mod-http | data-sender-api-mod-lua-in | data-sender-api-mod-lua_format | data-sender-api-mod-mdcollect | data-sender-api-mod-modbus | data-sender-api-mod-modbus-alarm | data-sender-api-mod-mqtt-in | data-sender-api-mod-mqtt-out | data-sender-api-mod-opcua | data-sender-api-mod-ubus | vuci-app-data-sender-api,1,,0,NO_CPE_ID,0,0,0,13,0,0,0,"{""PLUGIN_OR_MODULE"": 13}",,False,False,False,True,False,True,13 installed packages; plugin/module=13
feeds/vuci/applications/vuci-app-data-sender/vuci-app-data-sender-ui,1,vuci-app-data-sender-ui,SINGLE_PACKAGE_SOURCE,vuci-app-data-sender-ui,2025-07-02-0eab43c-1,,0,NO_CPE_ID,0,0,0,0,0,1,0,"{""PLUGIN_OR_MODULE"": 1}",,False,False,False,True,False,True,single installed package; plugin/module=1
feeds/vuci/applications/vuci-app-ddns/vuci-app-ddns-api,1,vuci-app-ddns-api,SINGLE_PACKAGE_SOURCE,vuci-app-ddns-api,1,,0,NO_CPE_ID,0,0,0,0,0,1,0,"{""PLUGIN_OR_MODULE"": 1}",,False,False,False,True,False,True,single installed package; plugin/module=1
feeds/vuci/applications/vuci-app-ddns/vuci-app-ddns-ui,1,vuci-app-ddns-ui,SINGLE_PACKAGE_SOURCE,vuci-app-ddns-ui,2025-07-02-0eab43c-1,,0,NO_CPE_ID,0,0,0,0,0,1,0,"{""PLUGIN_OR_MODULE"": 1}",,False,False,False,True,False,True,single installed package; plugin/module=1
feeds/vuci/applications/vuci-app-dhcp/vuci-app-dhcp-api,1,vuci-app-dhcp-api,SINGLE_PACKAGE_SOURCE,vuci-app-dhcp-api,1,,0,NO_CPE_ID,0,0,0,0,0,1,0,"{""PLUGIN_OR_MODULE"": 1}",,False,False,False,True,False,True,single installed package; plugin/module=1
feeds/vuci/applications/vuci-app-dhcp/vuci-app-dhcp-ui,1,vuci-app-dhcp-ui,SINGLE_PACKAGE_SOURCE,vuci-app-dhcp-ui,2025-07-02-0eab43c-1,,0,NO_CPE_ID,0,0,0,0,0,1,0,"{""PLUGIN_OR_MODULE"": 1}",,False,False,False,True,False,True,single installed package; plugin/module=1
feeds/vuci/applications/vuci-app-dns/vuci-app-dns-api,1,vuci-app-dns-api,SINGLE_PACKAGE_SOURCE,vuci-app-dns-api,1,,0,NO_CPE_ID,0,0,0,0,0,1,0,"{""PLUGIN_OR_MODULE"": 1}",,False,False,False,True,False,True,single installed package; plugin/module=1
feeds/vuci/applications/vuci-app-dns/vuci-app-dns-ui,1,vuci-app-dns-ui,SINGLE_PACKAGE_SOURCE,vuci-app-dns-ui,2025-07-02-0eab43c-1,,0,NO_CPE_ID,0,0,0,0,0,1,0,"{""PLUGIN_OR_MODULE"": 1}",,False,False,False,True,False,True,single installed package; plugin/module=1
feeds/vuci/applications/vuci-app-event-juggler/vuci-app-event-juggler-api,1,vuci-app-event-juggler-api,SINGLE_PACKAGE_SOURCE,vuci-app-event-juggler-api,1,,0,NO_CPE_ID,0,0,0,0,0,1,0,"{""PLUGIN_OR_MODULE"": 1}",,False,False,False,True,False,True,single installed package; plugin/module=1
feeds/vuci/applications/vuci-app-event-juggler/vuci-app-event-juggler-ui,1,vuci-app-event-juggler-ui,SINGLE_PACKAGE_SOURCE,vuci-app-event-juggler-ui,2025-07-02-0eab43c-1,,0,NO_CPE_ID,0,0,0,0,0,1,0,"{""PLUGIN_OR_MODULE"": 1}",,False,False,False,True,False,True,single installed package; plugin/module=1
feeds/vuci/applications/vuci-app-events-reporting/vuci-app-events-reporting-api,1,vuci-app-events-reporting-api,SINGLE_PACKAGE_SOURCE,vuci-app-events-reporting-api,1,,0,NO_CPE_ID,0,0,0,0,0,1,0,"{""PLUGIN_OR_MODULE"": 1}",,False,False,False,True,False,True,single installed package; plugin/module=1
feeds/vuci/applications/vuci-app-events-reporting/vuci-app-events-reporting-ui,1,vuci-app-events-reporting-ui,SINGLE_PACKAGE_SOURCE,vuci-app-events-reporting-ui,2025-07-02-0eab43c-1,,0,NO_CPE_ID,0,0,0,0,0,1,0,"{""PLUGIN_OR_MODULE"": 1}",,False,False,False,True,False,True,single installed package; plugin/module=1
feeds/vuci/applications/vuci-app-firewall/vuci-app-firewall-api,1,vuci-app-firewall-api,SINGLE_PACKAGE_SOURCE,vuci-app-firewall-api,1,,0,NO_CPE_ID,0,0,0,0,0,1,0,"{""PLUGIN_OR_MODULE"": 1}",,False,False,False,True,False,True,single installed package; plugin/module=1
feeds/vuci/applications/vuci-app-firewall/vuci-app-firewall-ui,1,vuci-app-firewall-ui,SINGLE_PACKAGE_SOURCE,vuci-app-firewall-ui,2025-07-02-0eab43c-1,,0,NO_CPE_ID,0,0,0,0,0,1,0,"{""PLUGIN_OR_MODULE"": 1}",,False,False,False,True,False,True,single installed package; plugin/module=1
feeds/vuci/applications/vuci-app-firmware/vuci-app-firmware-api,1,vuci-app-firmware-api,SINGLE_PACKAGE_SOURCE,vuci-app-firmware-api,1,,0,NO_CPE_ID,0,0,0,0,0,1,0,"{""PLUGIN_OR_MODULE"": 1}",,False,False,False,True,False,True,single installed package; plugin/module=1
feeds/vuci/applications/vuci-app-firmware/vuci-app-firmware-ui,1,vuci-app-firmware-ui,SINGLE_PACKAGE_SOURCE,vuci-app-firmware-ui,2025-07-02-0eab43c-1,,0,NO_CPE_ID,0,0,0,0,0,1,0,"{""PLUGIN_OR_MODULE"": 1}",,False,False,False,True,False,True,single installed package; plugin/module=1
feeds/vuci/applications/vuci-app-getty/vuci-app-getty-api,1,vuci-app-getty-api,SINGLE_PACKAGE_SOURCE,vuci-app-getty-api,1,,0,NO_CPE_ID,0,0,0,0,0,1,0,"{""PLUGIN_OR_MODULE"": 1}",,False,False,False,True,False,True,single installed package; plugin/module=1
feeds/vuci/applications/vuci-app-getty/vuci-app-getty-ui,1,vuci-app-getty-ui,SINGLE_PACKAGE_SOURCE,vuci-app-getty-ui,2025-07-02-0eab43c-1,,0,NO_CPE_ID,0,0,0,0,0,1,0,"{""PLUGIN_OR_MODULE"": 1}",,False,False,False,True,False,True,single installed package; plugin/module=1
feeds/vuci/applications/vuci-app-gps/vuci-app-gps-api,1,vuci-app-gps-api,SINGLE_PACKAGE_SOURCE,vuci-app-gps-api,1,,0,NO_CPE_ID,0,0,0,0,0,1,0,"{""PLUGIN_OR_MODULE"": 1}",,False,False,False,True,False,True,single installed package; plugin/module=1
feeds/vuci/applications/vuci-app-gps/vuci-app-gps-ui,1,vuci-app-gps-ui,SINGLE_PACKAGE_SOURCE,vuci-app-gps-ui,2025-07-02-0eab43c-1,,0,NO_CPE_ID,0,0,0,0,0,1,0,"{""PLUGIN_OR_MODULE"": 1}",,False,False,False,True,False,True,single installed package; plugin/module=1
feeds/vuci/applications/vuci-app-gre/vuci-app-gre-api,1,vuci-app-gre-api,SINGLE_PACKAGE_SOURCE,vuci-app-gre-api,1,,0,NO_CPE_ID,0,0,0,0,0,1,0,"{""PLUGIN_OR_MODULE"": 1}",,False,False,False,True,False,True,single installed package; plugin/module=1
feeds/vuci/applications/vuci-app-gre/vuci-app-gre-ui,1,vuci-app-gre-ui,SINGLE_PACKAGE_SOURCE,vuci-app-gre-ui,2025-07-02-0eab43c-1,,0,NO_CPE_ID,0,0,0,0,0,1,0,"{""PLUGIN_OR_MODULE"": 1}",,False,False,False,True,False,True,single installed package; plugin/module=1
feeds/vuci/applications/vuci-app-io-post-get/vuci-app-io-post-get-api,1,vuci-app-io-post-get-api,SINGLE_PACKAGE_SOURCE,vuci-app-io-post-get-api,1,,0,NO_CPE_ID,0,0,0,0,0,1,0,"{""PLUGIN_OR_MODULE"": 1}",,False,False,False,True,False,True,single installed package; plugin/module=1
feeds/vuci/applications/vuci-app-io-post-get/vuci-app-io-post-get-ui,1,vuci-app-io-post-get-ui,SINGLE_PACKAGE_SOURCE,vuci-app-io-post-get-ui,2025-07-02-0eab43c-1,,0,NO_CPE_ID,0,0,0,0,0,1,0,"{""PLUGIN_OR_MODULE"": 1}",,False,False,False,True,False,True,single installed package; plugin/module=1
feeds/vuci/applications/vuci-app-io/vuci-app-io-api,1,vuci-app-io-api,SINGLE_PACKAGE_SOURCE,vuci-app-io-api,1,,0,NO_CPE_ID,0,0,0,0,0,1,0,"{""PLUGIN_OR_MODULE"": 1}",,False,False,False,True,False,True,single installed package; plugin/module=1
feeds/vuci/applications/vuci-app-io/vuci-app-io-ui,1,vuci-app-io-ui,SINGLE_PACKAGE_SOURCE,vuci-app-io-ui,2025-07-02-0eab43c-1,,0,NO_CPE_ID,0,0,0,0,0,1,0,"{""PLUGIN_OR_MODULE"": 1}",,False,False,False,True,False,True,single installed package; plugin/module=1
feeds/vuci/applications/vuci-app-l2tp/vuci-app-l2tp-api,1,vuci-app-l2tp-api,SINGLE_PACKAGE_SOURCE,vuci-app-l2tp-api,1,,0,NO_CPE_ID,0,0,0,0,0,1,0,"{""PLUGIN_OR_MODULE"": 1}",,False,False,False,True,False,True,single installed package; plugin/module=1
feeds/vuci/applications/vuci-app-l2tp/vuci-app-l2tp-ui,1,vuci-app-l2tp-ui,SINGLE_PACKAGE_SOURCE,vuci-app-l2tp-ui,2025-07-02-0eab43c-1,,0,NO_CPE_ID,0,0,0,0,0,1,0,"{""PLUGIN_OR_MODULE"": 1}",,False,False,False,True,False,True,single installed package; plugin/module=1
feeds/vuci/applications/vuci-app-logs/vuci-app-logs-api,1,vuci-app-logs-api,SINGLE_PACKAGE_SOURCE,vuci-app-logs-api,1,,0,NO_CPE_ID,0,0,0,0,0,1,0,"{""PLUGIN_OR_MODULE"": 1}",,False,False,False,True,False,True,single installed package; plugin/module=1
feeds/vuci/applications/vuci-app-logs/vuci-app-logs-ui,1,vuci-app-logs-ui,SINGLE_PACKAGE_SOURCE,vuci-app-logs-ui,2025-07-02-0eab43c-1,,0,NO_CPE_ID,0,0,0,0,0,1,0,"{""PLUGIN_OR_MODULE"": 1}",,False,False,False,True,False,True,single installed package; plugin/module=1
feeds/vuci/applications/vuci-app-memory-expansion/vuci-app-memory-expansion-api,1,vuci-app-memory-expansion-api,SINGLE_PACKAGE_SOURCE,vuci-app-memory-expansion-api,1,,0,NO_CPE_ID,0,0,0,0,0,1,0,"{""PLUGIN_OR_MODULE"": 1}",,False,False,False,True,False,True,single installed package; plugin/module=1
feeds/vuci/applications/vuci-app-memory-expansion/vuci-app-memory-expansion-ui,1,vuci-app-memory-expansion-ui,SINGLE_PACKAGE_SOURCE,vuci-app-memory-expansion-ui,2025-07-02-0eab43c-1,,0,NO_CPE_ID,0,0,0,0,0,1,0,"{""PLUGIN_OR_MODULE"": 1}",,False,False,False,True,False,True,single installed package; plugin/module=1
feeds/vuci/applications/vuci-app-mobile-post-get/vuci-app-mobile-post-get-api,1,vuci-app-mobile-post-get-api,SINGLE_PACKAGE_SOURCE,vuci-app-mobile-post-get-api,1,,0,NO_CPE_ID,0,0,0,0,0,1,0,"{""PLUGIN_OR_MODULE"": 1}",,False,False,False,True,False,True,single installed package; plugin/module=1
feeds/vuci/applications/vuci-app-mobile-post-get/vuci-app-mobile-post-get-ui,1,vuci-app-mobile-post-get-ui,SINGLE_PACKAGE_SOURCE,vuci-app-mobile-post-get-ui,2025-07-02-0eab43c-1,,0,NO_CPE_ID,0,0,0,0,0,1,0,"{""PLUGIN_OR_MODULE"": 1}",,False,False,False,True,False,True,single installed package; plugin/module=1
feeds/vuci/applications/vuci-app-mobile-usage/vuci-app-mobile-usage-api,1,vuci-app-mobile-usage-api,SINGLE_PACKAGE_SOURCE,vuci-app-mobile-usage-api,1,,0,NO_CPE_ID,0,0,0,0,0,1,0,"{""PLUGIN_OR_MODULE"": 1}",,False,False,False,True,False,True,single installed package; plugin/module=1
feeds/vuci/applications/vuci-app-mobile-usage/vuci-app-mobile-usage-ui,1,vuci-app-mobile-usage-ui,SINGLE_PACKAGE_SOURCE,vuci-app-mobile-usage-ui,2025-07-02-0eab43c-1,,0,NO_CPE_ID,0,0,0,0,0,1,0,"{""PLUGIN_OR_MODULE"": 1}",,False,False,False,True,False,True,single installed package; plugin/module=1
feeds/vuci/applications/vuci-app-mobile-utilities/vuci-app-mobile-utilities-api,1,vuci-app-mobile-utilities-api,SINGLE_PACKAGE_SOURCE,vuci-app-mobile-utilities-api,1,,0,NO_CPE_ID,0,0,0,0,0,1,0,"{""PLUGIN_OR_MODULE"": 1}",,False,False,False,True,False,True,single installed package; plugin/module=1
feeds/vuci/applications/vuci-app-mobile-utilities/vuci-app-mobile-utilities-ui,1,vuci-app-mobile-utilities-ui,SINGLE_PACKAGE_SOURCE,vuci-app-mobile-utilities-ui,2025-07-02-0eab43c-1,,0,NO_CPE_ID,0,0,0,0,0,1,0,"{""PLUGIN_OR_MODULE"": 1}",,False,False,False,True,False,True,single installed package; plugin/module=1
feeds/vuci/applications/vuci-app-mobile/vuci-app-mobile-api,1,vuci-app-mobile-api,SINGLE_PACKAGE_SOURCE,vuci-app-mobile-api,1,,0,NO_CPE_ID,0,0,0,0,0,1,0,"{""PLUGIN_OR_MODULE"": 1}",,False,False,False,True,False,True,single installed package; plugin/module=1
feeds/vuci/applications/vuci-app-mobile/vuci-app-mobile-ui,1,vuci-app-mobile-ui,SINGLE_PACKAGE_SOURCE,vuci-app-mobile-ui,2025-07-02-0eab43c-1,,0,NO_CPE_ID,0,0,0,0,0,1,0,"{""PLUGIN_OR_MODULE"": 1}",,False,False,False,True,False,True,single installed package; plugin/module=1
feeds/vuci/applications/vuci-app-modbus-client/vuci-app-modbus-client-api,1,vuci-app-modbus-client-api,SINGLE_PACKAGE_SOURCE,vuci-app-modbus-client-api,1,,0,NO_CPE_ID,0,0,0,0,0,1,0,"{""PLUGIN_OR_MODULE"": 1}",,False,False,False,True,False,True,single installed package; plugin/module=1
feeds/vuci/applications/vuci-app-modbus-client/vuci-app-modbus-client-ui,1,vuci-app-modbus-client-ui,SINGLE_PACKAGE_SOURCE,vuci-app-modbus-client-ui,2025-07-02-0eab43c-1,,0,NO_CPE_ID,0,0,0,0,0,1,0,"{""PLUGIN_OR_MODULE"": 1}",,False,False,False,True,False,True,single installed package; plugin/module=1
feeds/vuci/applications/vuci-app-modbus-gateway/vuci-app-modbus-gateway-api,1,vuci-app-modbus-gateway-api,SINGLE_PACKAGE_SOURCE,vuci-app-modbus-gateway-api,1,,0,NO_CPE_ID,0,0,0,0,0,1,0,"{""PLUGIN_OR_MODULE"": 1}",,False,False,False,True,False,True,single installed package; plugin/module=1
feeds/vuci/applications/vuci-app-modbus-gateway/vuci-app-modbus-gateway-ui,1,vuci-app-modbus-gateway-ui,SINGLE_PACKAGE_SOURCE,vuci-app-modbus-gateway-ui,2025-07-02-0eab43c-1,,0,NO_CPE_ID,0,0,0,0,0,1,0,"{""PLUGIN_OR_MODULE"": 1}",,False,False,False,True,False,True,single installed package; plugin/module=1
feeds/vuci/applications/vuci-app-modbus-serial-gateway/vuci-app-modbus-serial-gateway-api,1,vuci-app-modbus-serial-gateway-api,SINGLE_PACKAGE_SOURCE,vuci-app-modbus-serial-gateway-api,1,,0,NO_CPE_ID,0,0,0,0,0,1,0,"{""PLUGIN_OR_MODULE"": 1}",,False,False,False,True,False,True,single installed package; plugin/module=1
feeds/vuci/applications/vuci-app-modbus-serial-gateway/vuci-app-modbus-serial-gateway-ui,1,vuci-app-modbus-serial-gateway-ui,SINGLE_PACKAGE_SOURCE,vuci-app-modbus-serial-gateway-ui,2025-07-02-0eab43c-1,,0,NO_CPE_ID,0,0,0,0,0,1,0,"{""PLUGIN_OR_MODULE"": 1}",,False,False,False,True,False,True,single installed package; plugin/module=1
feeds/vuci/applications/vuci-app-modbus-serial/vuci-app-modbus-serial-api,1,vuci-app-modbus-serial-api,SINGLE_PACKAGE_SOURCE,vuci-app-modbus-serial-api,1,,0,NO_CPE_ID,0,0,0,0,0,1,0,"{""PLUGIN_OR_MODULE"": 1}",,False,False,False,True,False,True,single installed package; plugin/module=1
feeds/vuci/applications/vuci-app-modbus-serial/vuci-app-modbus-serial-ui,1,vuci-app-modbus-serial-ui,SINGLE_PACKAGE_SOURCE,vuci-app-modbus-serial-ui,2025-07-02-0eab43c-1,,0,NO_CPE_ID,0,0,0,0,0,1,0,"{""PLUGIN_OR_MODULE"": 1}",,False,False,False,True,False,True,single installed package; plugin/module=1
feeds/vuci/applications/vuci-app-modbus-server/vuci-app-modbus-server-api,1,vuci-app-modbus-server-api,SINGLE_PACKAGE_SOURCE,vuci-app-modbus-server-api,1,,0,NO_CPE_ID,0,0,0,0,0,1,0,"{""PLUGIN_OR_MODULE"": 1}",,False,False,False,True,False,True,single installed package; plugin/module=1
feeds/vuci/applications/vuci-app-modbus-server/vuci-app-modbus-server-ui,1,vuci-app-modbus-server-ui,SINGLE_PACKAGE_SOURCE,vuci-app-modbus-server-ui,2025-07-02-0eab43c-1,,0,NO_CPE_ID,0,0,0,0,0,1,0,"{""PLUGIN_OR_MODULE"": 1}",,False,False,False,True,False,True,single installed package; plugin/module=1
feeds/vuci/applications/vuci-app-modem-control/vuci-app-modem-control-api,1,vuci-app-modem-control-api,SINGLE_PACKAGE_SOURCE,vuci-app-modem-control-api,1,,0,NO_CPE_ID,0,0,0,0,0,1,0,"{""PLUGIN_OR_MODULE"": 1}",,False,False,False,True,False,True,single installed package; plugin/module=1
feeds/vuci/applications/vuci-app-modem-control/vuci-app-modem-control-ui,1,vuci-app-modem-control-ui,SINGLE_PACKAGE_SOURCE,vuci-app-modem-control-ui,2025-07-02-0eab43c-1,,0,NO_CPE_ID,0,0,0,0,0,1,0,"{""PLUGIN_OR_MODULE"": 1}",,False,False,False,True,False,True,single installed package; plugin/module=1
feeds/vuci/applications/vuci-app-multiusers/vuci-app-multiusers-api,1,vuci-app-multiusers-api,SINGLE_PACKAGE_SOURCE,vuci-app-multiusers-api,1,,0,NO_CPE_ID,0,0,0,0,0,1,0,"{""PLUGIN_OR_MODULE"": 1}",,False,False,False,True,False,True,single installed package; plugin/module=1
feeds/vuci/applications/vuci-app-multiusers/vuci-app-multiusers-ui,1,vuci-app-multiusers-ui,SINGLE_PACKAGE_SOURCE,vuci-app-multiusers-ui,2025-07-02-0eab43c-1,,0,NO_CPE_ID,0,0,0,0,0,1,0,"{""PLUGIN_OR_MODULE"": 1}",,False,False,False,True,False,True,single installed package; plugin/module=1
feeds/vuci/applications/vuci-app-mwan3/vuci-app-mwan3-api,1,vuci-app-mwan3-api,SINGLE_PACKAGE_SOURCE,vuci-app-mwan3-api,1,,0,NO_CPE_ID,0,0,0,0,0,1,0,"{""PLUGIN_OR_MODULE"": 1}",,False,False,False,True,False,True,single installed package; plugin/module=1
feeds/vuci/applications/vuci-app-mwan3/vuci-app-mwan3-ui,1,vuci-app-mwan3-ui,SINGLE_PACKAGE_SOURCE,vuci-app-mwan3-ui,2025-07-02-0eab43c-1,,0,NO_CPE_ID,0,0,0,0,0,1,0,"{""PLUGIN_OR_MODULE"": 1}",,False,False,False,True,False,True,single installed package; plugin/module=1
feeds/vuci/applications/vuci-app-network-devices/vuci-app-network-devices-api,1,vuci-app-network-devices-api,SINGLE_PACKAGE_SOURCE,vuci-app-network-devices-api,1,,0,NO_CPE_ID,0,0,0,0,0,1,0,"{""PLUGIN_OR_MODULE"": 1}",,False,False,False,True,False,True,single installed package; plugin/module=1
feeds/vuci/applications/vuci-app-network/vuci-app-network-api,1,vuci-app-network-api,SINGLE_PACKAGE_SOURCE,vuci-app-network-api,1,,0,NO_CPE_ID,0,0,0,0,0,1,0,"{""PLUGIN_OR_MODULE"": 1}",,False,False,False,True,False,True,single installed package; plugin/module=1
feeds/vuci/applications/vuci-app-network/vuci-app-network-ui,1,vuci-app-network-ui,SINGLE_PACKAGE_SOURCE,vuci-app-network-ui,2025-07-02-0eab43c-1,,0,NO_CPE_ID,0,0,0,0,0,1,0,"{""PLUGIN_OR_MODULE"": 1}",,False,False,False,True,False,True,single installed package; plugin/module=1
feeds/vuci/applications/vuci-app-ntp/vuci-app-ntp-api,1,vuci-app-ntp-api,SINGLE_PACKAGE_SOURCE,vuci-app-ntp-api,1,,0,NO_CPE_ID,0,0,0,0,0,1,0,"{""PLUGIN_OR_MODULE"": 1}",,False,False,False,True,False,True,single installed package; plugin/module=1
feeds/vuci/applications/vuci-app-ntp/vuci-app-ntp-ui,1,vuci-app-ntp-ui,SINGLE_PACKAGE_SOURCE,vuci-app-ntp-ui,2025-07-02-0eab43c-1,,0,NO_CPE_ID,0,0,0,0,0,1,0,"{""PLUGIN_OR_MODULE"": 1}",,False,False,False,True,False,True,single installed package; plugin/module=1
feeds/vuci/applications/vuci-app-opcua-server/vuci-app-opcua-server-api,1,vuci-app-opcua-server-api,SINGLE_PACKAGE_SOURCE,vuci-app-opcua-server-api,1,,0,NO_CPE_ID,0,0,0,0,0,1,0,"{""PLUGIN_OR_MODULE"": 1}",,False,False,False,True,False,True,single installed package; plugin/module=1
feeds/vuci/applications/vuci-app-opcua-server/vuci-app-opcua-server-ui,1,vuci-app-opcua-server-ui,SINGLE_PACKAGE_SOURCE,vuci-app-opcua-server-ui,2025-07-02-0eab43c-1,,0,NO_CPE_ID,0,0,0,0,0,1,0,"{""PLUGIN_OR_MODULE"": 1}",,False,False,False,True,False,True,single installed package; plugin/module=1
feeds/vuci/applications/vuci-app-opcua/vuci-app-opcua-api,1,vuci-app-opcua-api,SINGLE_PACKAGE_SOURCE,vuci-app-opcua-api,1,,0,NO_CPE_ID,0,0,0,0,0,1,0,"{""PLUGIN_OR_MODULE"": 1}",,False,False,False,True,False,True,single installed package; plugin/module=1
feeds/vuci/applications/vuci-app-opcua/vuci-app-opcua-ui,1,vuci-app-opcua-ui,SINGLE_PACKAGE_SOURCE,vuci-app-opcua-ui,2025-07-02-0eab43c-1,,0,NO_CPE_ID,0,0,0,0,0,1,0,"{""PLUGIN_OR_MODULE"": 1}",,False,False,False,True,False,True,single installed package; plugin/module=1
feeds/vuci/applications/vuci-app-openvpn/vuci-app-openvpn-api,1,vuci-app-openvpn-api,SINGLE_PACKAGE_SOURCE,vuci-app-openvpn-api,1,,0,NO_CPE_ID,0,0,0,0,0,1,0,"{""PLUGIN_OR_MODULE"": 1}",,False,False,False,True,False,True,single installed package; plugin/module=1
feeds/vuci/applications/vuci-app-openvpn/vuci-app-openvpn-ui,1,vuci-app-openvpn-ui,SINGLE_PACKAGE_SOURCE,vuci-app-openvpn-ui,2025-07-02-0eab43c-1,,0,NO_CPE_ID,0,0,0,0,0,1,0,"{""PLUGIN_OR_MODULE"": 1}",,False,False,False,True,False,True,single installed package; plugin/module=1
feeds/vuci/applications/vuci-app-overip/vuci-app-overip-api,1,vuci-app-overip-api,SINGLE_PACKAGE_SOURCE,vuci-app-overip-api,1,,0,NO_CPE_ID,0,0,0,0,0,1,0,"{""PLUGIN_OR_MODULE"": 1}",,False,False,False,True,False,True,single installed package; plugin/module=1
feeds/vuci/applications/vuci-app-overip/vuci-app-overip-ui,1,vuci-app-overip-ui,SINGLE_PACKAGE_SOURCE,vuci-app-overip-ui,2025-07-02-0eab43c-1,,0,NO_CPE_ID,0,0,0,0,0,1,0,"{""PLUGIN_OR_MODULE"": 1}",,False,False,False,True,False,True,single installed package; plugin/module=1
feeds/vuci/applications/vuci-app-overview/vuci-app-overview-api,1,vuci-app-overview-api,SINGLE_PACKAGE_SOURCE,vuci-app-overview-api,1,,0,NO_CPE_ID,0,0,0,0,0,1,0,"{""PLUGIN_OR_MODULE"": 1}",,False,False,False,True,False,True,single installed package; plugin/module=1
feeds/vuci/applications/vuci-app-overview/vuci-app-overview-ui,1,vuci-app-overview-ui,SINGLE_PACKAGE_SOURCE,vuci-app-overview-ui,2025-07-02-0eab43c-1,,0,NO_CPE_ID,0,0,0,0,0,1,0,"{""PLUGIN_OR_MODULE"": 1}",,False,False,False,True,False,True,single installed package; plugin/module=1
feeds/vuci/applications/vuci-app-package-manager/vuci-app-package-manager-api,1,vuci-app-package-manager-api,SINGLE_PACKAGE_SOURCE,vuci-app-package-manager-api,1,,0,NO_CPE_ID,0,0,0,0,0,1,0,"{""PLUGIN_OR_MODULE"": 1}",,False,False,False,True,False,True,single installed package; plugin/module=1
feeds/vuci/applications/vuci-app-package-manager/vuci-app-package-manager-ui,1,vuci-app-package-manager-ui,SINGLE_PACKAGE_SOURCE,vuci-app-package-manager-ui,2025-07-02-0eab43c-1,,0,NO_CPE_ID,0,0,0,0,0,1,0,"{""PLUGIN_OR_MODULE"": 1}",,False,False,False,True,False,True,single installed package; plugin/module=1
feeds/vuci/applications/vuci-app-password-policy/vuci-app-password-policy-api,1,vuci-app-password-policy-api,SINGLE_PACKAGE_SOURCE,vuci-app-password-policy-api,1,,0,NO_CPE_ID,0,0,0,0,0,1,0,"{""PLUGIN_OR_MODULE"": 1}",,False,False,False,True,False,True,single installed package; plugin/module=1
feeds/vuci/applications/vuci-app-password-policy/vuci-app-password-policy-ui,1,vuci-app-password-policy-ui,SINGLE_PACKAGE_SOURCE,vuci-app-password-policy-ui,2025-07-02-0eab43c-1,,0,NO_CPE_ID,0,0,0,0,0,1,0,"{""PLUGIN_OR_MODULE"": 1}",,False,False,False,True,False,True,single installed package; plugin/module=1
feeds/vuci/applications/vuci-app-pcom/vuci-app-pcom-api,1,vuci-app-pcom-api,SINGLE_PACKAGE_SOURCE,vuci-app-pcom-api,1,,0,NO_CPE_ID,0,0,0,0,0,1,0,"{""PLUGIN_OR_MODULE"": 1}",,False,False,False,True,False,True,single installed package; plugin/module=1
feeds/vuci/applications/vuci-app-pcom/vuci-app-pcom-ui,1,vuci-app-pcom-ui,SINGLE_PACKAGE_SOURCE,vuci-app-pcom-ui,2025-07-02-0eab43c-1,,0,NO_CPE_ID,0,0,0,0,0,1,0,"{""PLUGIN_OR_MODULE"": 1}",,False,False,False,True,False,True,single installed package; plugin/module=1
feeds/vuci/applications/vuci-app-ports-settings/vuci-app-ports-settings-api,1,vuci-app-ports-settings-api,SINGLE_PACKAGE_SOURCE,vuci-app-ports-settings-api,1,,0,NO_CPE_ID,0,0,0,0,0,1,0,"{""PLUGIN_OR_MODULE"": 1}",,False,False,False,True,False,True,single installed package; plugin/module=1
feeds/vuci/applications/vuci-app-ports-settings/vuci-app-ports-settings-ui,1,vuci-app-ports-settings-ui,SINGLE_PACKAGE_SOURCE,vuci-app-ports-settings-ui,2025-07-02-0eab43c-1,,0,NO_CPE_ID,0,0,0,0,0,1,0,"{""PLUGIN_OR_MODULE"": 1}",,False,False,False,True,False,True,single installed package; plugin/module=1
feeds/vuci/applications/vuci-app-pptp/vuci-app-pptp-api,1,vuci-app-pptp-api,SINGLE_PACKAGE_SOURCE,vuci-app-pptp-api,1,,0,NO_CPE_ID,0,0,0,0,0,1,0,"{""PLUGIN_OR_MODULE"": 1}",,False,False,False,True,False,True,single installed package; plugin/module=1
feeds/vuci/applications/vuci-app-pptp/vuci-app-pptp-ui,1,vuci-app-pptp-ui,SINGLE_PACKAGE_SOURCE,vuci-app-pptp-ui,2025-07-02-0eab43c-1,,0,NO_CPE_ID,0,0,0,0,0,1,0,"{""PLUGIN_OR_MODULE"": 1}",,False,False,False,True,False,True,single installed package; plugin/module=1
feeds/vuci/applications/vuci-app-profiles/vuci-app-profiles-api,1,vuci-app-profiles-api,SINGLE_PACKAGE_SOURCE,vuci-app-profiles-api,1,,0,NO_CPE_ID,0,0,0,0,0,1,0,"{""PLUGIN_OR_MODULE"": 1}",,False,False,False,True,False,True,single installed package; plugin/module=1
feeds/vuci/applications/vuci-app-profiles/vuci-app-profiles-ui,1,vuci-app-profiles-ui,SINGLE_PACKAGE_SOURCE,vuci-app-profiles-ui,2025-07-02-0eab43c-1,,0,NO_CPE_ID,0,0,0,0,0,1,0,"{""PLUGIN_OR_MODULE"": 1}",,False,False,False,True,False,True,single installed package; plugin/module=1
feeds/vuci/applications/vuci-app-realtime/vuci-app-realtime-api,1,vuci-app-realtime-api,SINGLE_PACKAGE_SOURCE,vuci-app-realtime-api,1,,0,NO_CPE_ID,0,0,0,0,0,1,0,"{""PLUGIN_OR_MODULE"": 1}",,False,False,False,True,False,True,single installed package; plugin/module=1
feeds/vuci/applications/vuci-app-realtime/vuci-app-realtime-ui,1,vuci-app-realtime-ui,SINGLE_PACKAGE_SOURCE,vuci-app-realtime-ui,2025-07-02-0eab43c-1,,0,NO_CPE_ID,0,0,0,0,0,1,0,"{""PLUGIN_OR_MODULE"": 1}",,False,False,False,True,False,True,single installed package; plugin/module=1
feeds/vuci/applications/vuci-app-recipients/vuci-app-recipients-api,1,vuci-app-recipients-api,SINGLE_PACKAGE_SOURCE,vuci-app-recipients-api,1,,0,NO_CPE_ID,0,0,0,0,0,1,0,"{""PLUGIN_OR_MODULE"": 1}",,False,False,False,True,False,True,single installed package; plugin/module=1
feeds/vuci/applications/vuci-app-recipients/vuci-app-recipients-ui,1,vuci-app-recipients-ui,SINGLE_PACKAGE_SOURCE,vuci-app-recipients-ui,2025-07-02-0eab43c-1,,0,NO_CPE_ID,0,0,0,0,0,1,0,"{""PLUGIN_OR_MODULE"": 1}",,False,False,False,True,False,True,single installed package; plugin/module=1
feeds/vuci/applications/vuci-app-reset/vuci-app-reset-ui,1,vuci-app-reset-ui,SINGLE_PACKAGE_SOURCE,vuci-app-reset-ui,2025-07-02-0eab43c-1,,0,NO_CPE_ID,0,0,0,0,0,1,0,"{""PLUGIN_OR_MODULE"": 1}",,False,False,False,True,False,True,single installed package; plugin/module=1
feeds/vuci/applications/vuci-app-routes/vuci-app-routes-api,1,vuci-app-routes-api,SINGLE_PACKAGE_SOURCE,vuci-app-routes-api,1,,0,NO_CPE_ID,0,0,0,0,0,1,0,"{""PLUGIN_OR_MODULE"": 1}",,False,False,False,True,False,True,single installed package; plugin/module=1
feeds/vuci/applications/vuci-app-routes/vuci-app-routes-ui,1,vuci-app-routes-ui,SINGLE_PACKAGE_SOURCE,vuci-app-routes-ui,2025-07-02-0eab43c-1,,0,NO_CPE_ID,0,0,0,0,0,1,0,"{""PLUGIN_OR_MODULE"": 1}",,False,False,False,True,False,True,single installed package; plugin/module=1
feeds/vuci/applications/vuci-app-rut-fota/vuci-app-rut-fota-api,1,vuci-app-rut-fota-api,SINGLE_PACKAGE_SOURCE,vuci-app-rut-fota-api,1,,0,NO_CPE_ID,0,0,0,0,0,1,0,"{""PLUGIN_OR_MODULE"": 1}",,False,False,False,True,False,True,single installed package; plugin/module=1
feeds/vuci/applications/vuci-app-rut-fota/vuci-app-rut-fota-ui,1,vuci-app-rut-fota-ui,SINGLE_PACKAGE_SOURCE,vuci-app-rut-fota-ui,2025-07-02-0eab43c-1,,0,NO_CPE_ID,0,0,0,0,0,1,0,"{""PLUGIN_OR_MODULE"": 1}",,False,False,False,True,False,True,single installed package; plugin/module=1
feeds/vuci/applications/vuci-app-services-status/vuci-app-services-status-api,1,vuci-app-services-status-api,SINGLE_PACKAGE_SOURCE,vuci-app-services-status-api,1,,0,NO_CPE_ID,0,0,0,0,0,1,0,"{""PLUGIN_OR_MODULE"": 1}",,False,False,False,True,False,True,single installed package; plugin/module=1
feeds/vuci/applications/vuci-app-services-status/vuci-app-services-status-ui,1,vuci-app-services-status-ui,SINGLE_PACKAGE_SOURCE,vuci-app-services-status-ui,2025-07-02-0eab43c-1,,0,NO_CPE_ID,0,0,0,0,0,1,0,"{""PLUGIN_OR_MODULE"": 1}",,False,False,False,True,False,True,single installed package; plugin/module=1
feeds/vuci/applications/vuci-app-setup-wizard/vuci-app-setup-wizard-api,1,vuci-app-setup-wizard-api,SINGLE_PACKAGE_SOURCE,vuci-app-setup-wizard-api,1,,0,NO_CPE_ID,0,0,0,0,0,1,0,"{""PLUGIN_OR_MODULE"": 1}",,False,False,False,True,False,True,single installed package; plugin/module=1
feeds/vuci/applications/vuci-app-setup-wizard/vuci-app-setup-wizard-ui,1,vuci-app-setup-wizard-ui,SINGLE_PACKAGE_SOURCE,vuci-app-setup-wizard-ui,2025-07-02-0eab43c-1,,0,NO_CPE_ID,0,0,0,0,0,1,0,"{""PLUGIN_OR_MODULE"": 1}",,False,False,False,True,False,True,single installed package; plugin/module=1
feeds/vuci/applications/vuci-app-side-widget/vuci-app-side-widget-api,1,vuci-app-side-widget-api,SINGLE_PACKAGE_SOURCE,vuci-app-side-widget-api,1,,0,NO_CPE_ID,0,0,0,0,0,1,0,"{""PLUGIN_OR_MODULE"": 1}",,False,False,False,True,False,True,single installed package; plugin/module=1
feeds/vuci/applications/vuci-app-side-widget/vuci-app-side-widget-ui,1,vuci-app-side-widget-ui,SINGLE_PACKAGE_SOURCE,vuci-app-side-widget-ui,2025-07-02-0eab43c-1,,0,NO_CPE_ID,0,0,0,0,0,1,0,"{""PLUGIN_OR_MODULE"": 1}",,False,False,False,True,False,True,single installed package; plugin/module=1
feeds/vuci/applications/vuci-app-strong-swan/vuci-app-strong-swan-api,1,vuci-app-strong-swan-api,SINGLE_PACKAGE_SOURCE,vuci-app-strong-swan-api,1,,0,NO_CPE_ID,0,0,0,0,0,1,0,"{""PLUGIN_OR_MODULE"": 1}",,False,False,False,True,False,True,single installed package; plugin/module=1
feeds/vuci/applications/vuci-app-strong-swan/vuci-app-strong-swan-ui,1,vuci-app-strong-swan-ui,SINGLE_PACKAGE_SOURCE,vuci-app-strong-swan-ui,2025-07-02-0eab43c-1,,0,NO_CPE_ID,0,0,0,0,0,1,0,"{""PLUGIN_OR_MODULE"": 1}",,False,False,False,True,False,True,single installed package; plugin/module=1
feeds/vuci/applications/vuci-app-system-info/vuci-app-system-info-api,1,vuci-app-system-info-api,SINGLE_PACKAGE_SOURCE,vuci-app-system-info-api,1,,0,NO_CPE_ID,0,0,0,0,0,1,0,"{""PLUGIN_OR_MODULE"": 1}",,False,False,False,True,False,True,single installed package; plugin/module=1
feeds/vuci/applications/vuci-app-system-status/vuci-app-system-status-api,1,vuci-app-system-status-api,SINGLE_PACKAGE_SOURCE,vuci-app-system-status-api,1,,0,NO_CPE_ID,0,0,0,0,0,1,0,"{""PLUGIN_OR_MODULE"": 1}",,False,False,False,True,False,True,single installed package; plugin/module=1
feeds/vuci/applications/vuci-app-system-status/vuci-app-system-status-ui,1,vuci-app-system-status-ui,SINGLE_PACKAGE_SOURCE,vuci-app-system-status-ui,2025-07-02-0eab43c-1,,0,NO_CPE_ID,0,0,0,0,0,1,0,"{""PLUGIN_OR_MODULE"": 1}",,False,False,False,True,False,True,single installed package; plugin/module=1
feeds/vuci/applications/vuci-app-topology/vuci-app-topology-api,1,vuci-app-topology-api,SINGLE_PACKAGE_SOURCE,vuci-app-topology-api,1,,0,NO_CPE_ID,0,0,0,0,0,1,0,"{""PLUGIN_OR_MODULE"": 1}",,False,False,False,True,False,True,single installed package; plugin/module=1
feeds/vuci/applications/vuci-app-troubleshoot/vuci-app-troubleshoot-api,1,vuci-app-troubleshoot-api,SINGLE_PACKAGE_SOURCE,vuci-app-troubleshoot-api,1,,0,NO_CPE_ID,0,0,0,0,0,1,0,"{""PLUGIN_OR_MODULE"": 1}",,False,False,False,True,False,True,single installed package; plugin/module=1
feeds/vuci/applications/vuci-app-troubleshoot/vuci-app-troubleshoot-ui,1,vuci-app-troubleshoot-ui,SINGLE_PACKAGE_SOURCE,vuci-app-troubleshoot-ui,2025-07-02-0eab43c-1,,0,NO_CPE_ID,0,0,0,0,0,1,0,"{""PLUGIN_OR_MODULE"": 1}",,False,False,False,True,False,True,single installed package; plugin/module=1
feeds/vuci/applications/vuci-app-ui/vuci-app-ui-api,1,vuci-app-ui-api,SINGLE_PACKAGE_SOURCE,vuci-app-ui-api,1,,0,NO_CPE_ID,0,0,0,0,0,1,0,"{""PLUGIN_OR_MODULE"": 1}",,False,False,False,True,False,True,single installed package; plugin/module=1
feeds/vuci/applications/vuci-app-usb-tools/vuci-app-usb-tools-api,1,vuci-app-usb-tools-api,SINGLE_PACKAGE_SOURCE,vuci-app-usb-tools-api,1,,0,NO_CPE_ID,0,0,0,0,0,1,0,"{""PLUGIN_OR_MODULE"": 1}",,False,False,False,True,False,True,single installed package; plugin/module=1
feeds/vuci/applications/vuci-app-usb-tools/vuci-app-usb-tools-ui,1,vuci-app-usb-tools-ui,SINGLE_PACKAGE_SOURCE,vuci-app-usb-tools-ui,2025-07-02-0eab43c-1,,0,NO_CPE_ID,0,0,0,0,0,1,0,"{""PLUGIN_OR_MODULE"": 1}",,False,False,False,True,False,True,single installed package; plugin/module=1
feeds/vuci/applications/vuci-app-uscripts/vuci-app-uscripts-api,1,vuci-app-uscripts-api,SINGLE_PACKAGE_SOURCE,vuci-app-uscripts-api,1,,0,NO_CPE_ID,0,0,0,0,0,1,0,"{""PLUGIN_OR_MODULE"": 1}",,False,False,False,True,False,True,single installed package; plugin/module=1
feeds/vuci/applications/vuci-app-uscripts/vuci-app-uscripts-ui,1,vuci-app-uscripts-ui,SINGLE_PACKAGE_SOURCE,vuci-app-uscripts-ui,2025-07-02-0eab43c-1,,0,NO_CPE_ID,0,0,0,0,0,1,0,"{""PLUGIN_OR_MODULE"": 1}",,False,False,False,True,False,True,single installed package; plugin/module=1
feeds/vuci/applications/vuci-app-vlan/vuci-app-vlan-api,1,vuci-app-vlan-api,SINGLE_PACKAGE_SOURCE,vuci-app-vlan-api,1,,0,NO_CPE_ID,0,0,0,0,0,1,0,"{""PLUGIN_OR_MODULE"": 1}",,False,False,False,True,False,True,single installed package; plugin/module=1
feeds/vuci/applications/vuci-app-vlan/vuci-app-vlan-ui,1,vuci-app-vlan-ui,SINGLE_PACKAGE_SOURCE,vuci-app-vlan-ui,2025-07-02-0eab43c-1,,0,NO_CPE_ID,0,0,0,0,0,1,0,"{""PLUGIN_OR_MODULE"": 1}",,False,False,False,True,False,True,single installed package; plugin/module=1
feeds/vuci/applications/vuci-app-wireguard/vuci-app-wireguard-api,1,vuci-app-wireguard-api,SINGLE_PACKAGE_SOURCE,vuci-app-wireguard-api,1,,0,NO_CPE_ID,0,0,0,0,0,1,0,"{""PLUGIN_OR_MODULE"": 1}",,False,False,False,True,False,True,single installed package; plugin/module=1
feeds/vuci/applications/vuci-app-wireguard/vuci-app-wireguard-ui,1,vuci-app-wireguard-ui,SINGLE_PACKAGE_SOURCE,vuci-app-wireguard-ui,2025-07-02-0eab43c-1,,0,NO_CPE_ID,0,0,0,0,0,1,0,"{""PLUGIN_OR_MODULE"": 1}",,False,False,False,True,False,True,single installed package; plugin/module=1
feeds/vuci/applications/vuci-app-wireless/vuci-app-wireless-api,1,vuci-app-wireless-api,SINGLE_PACKAGE_SOURCE,vuci-app-wireless-api,1,,0,NO_CPE_ID,0,0,0,0,0,1,0,"{""PLUGIN_OR_MODULE"": 1}",,False,False,False,True,False,True,single installed package; plugin/module=1
feeds/vuci/applications/vuci-app-wireless/vuci-app-wireless-ui,1,vuci-app-wireless-ui,SINGLE_PACKAGE_SOURCE,vuci-app-wireless-ui,2025-07-02-0eab43c-1,,0,NO_CPE_ID,0,0,0,0,0,1,0,"{""PLUGIN_OR_MODULE"": 1}",,False,False,False,True,False,True,single installed package; plugin/module=1
feeds/vuci/vuci-ui-core,1,vuci-ui-core,SINGLE_PACKAGE_SOURCE,vuci-ui-core,2025-07-02-0eab43c-3,,0,NO_CPE_ID,0,0,0,0,0,1,0,"{""PLUGIN_OR_MODULE"": 1}",,False,False,False,True,False,True,single installed package; plugin/module=1
package/base-files,1,base-files,SINGLE_PACKAGE_SOURCE,base-files,2606-r16279-5cc0535800,,0,NO_CPE_ID,1,1,0,0,0,0,0,"{""PRODUCT_OR_MAIN_PACKAGE"": 1}",base-files,True,False,False,False,False,False,single installed package; main/product-like=1
package/boot/uboot-ath79,1,uboot-ath79,SINGLE_PACKAGE_SOURCE,uboot-ath79,4.6.4,,0,NO_CPE_ID,0,0,0,0,1,0,0,"{""META_OR_HELPER_PACKAGE"": 1}",,False,False,False,False,False,False,single installed package; meta/helper=1
package/firmware/wireless-regdb,1,wireless-regdb,SINGLE_PACKAGE_SOURCE,wireless-regdb,2021.04.21-1,,0,NO_CPE_ID,0,0,0,0,1,0,0,"{""FIRMWARE_OR_DRIVER_ARTIFACT"": 1}",,False,False,False,False,False,False,single installed package
package/kernel/exfat,1,kmod-fs-exfat,SINGLE_PACKAGE_SOURCE,kmod-fs-exfat,5.15.176+5.19.1-5,,0,NO_CPE_ID,0,0,0,1,0,0,0,"{""KERNEL_OR_KMOD"": 1}",,False,False,False,False,True,False,single installed package; kernel/kmod=1
package/kernel/gpio-button-hotplug,1,kmod-gpio-button-hotplug,SINGLE_PACKAGE_SOURCE,kmod-gpio-button-hotplug,5.15.176-3,,0,NO_CPE_ID,0,0,0,1,0,0,0,"{""KERNEL_OR_KMOD"": 1}",,False,False,False,False,True,False,single installed package; kernel/kmod=1
package/kernel/linux,134,kernel | kmod-asn1-decoder | kmod-crypto-acompress | kmod-crypto-aead | kmod-crypto-arc4 | kmod-crypto-authenc | kmod-crypto-cbc | kmod-crypto-ccm | kmod-crypto-cmac | kmod-crypto-crc32c | kmod-crypto-ctr | kmod-crypto-deflate | kmod-crypto-des | kmod-crypto-ecb | kmod-crypto-echainiv | kmod-crypto-gcm | kmod-crypto-gf128 | kmod-crypto-ghash | kmod-crypto-hash | kmod-crypto-hmac | kmod-crypto-kpp | kmod-crypto-lib-blake2s | kmod-crypto-lib-chacha20 | kmod-crypto-lib-chacha20poly1305 | kmod-crypto-lib-curve25519 | kmod-crypto-lib-poly1305 | kmod-crypto-manager | kmod-crypto-md5 | kmod-crypto-null | kmod-crypto-pcompress | kmod-crypto-rng | kmod-crypto-seqiv | kmod-crypto-sha1 | kmod-crypto-sha256 | kmod-crypto-sha512 | kmod-fs-autofs4 | kmod-fs-ext4 | kmod-fs-msdos | kmod-fs-ntfs | kmod-fs-vfat | kmod-gpio-nxp-74hc164 | kmod-gre | kmod-gre6 | kmod-hwmon-core | kmod-hwmon-mcp3021 | kmod-hwmon-tla2021 | kmod-i2c-core | kmod-i2c-mt7628 | kmod-ip6-tunnel | kmod-ip6tables | kmod-ipsec | kmod-ipsec4 | kmod-ipsec6 | kmod-ipt-conntrack | kmod-ipt-conntrack-extra | kmod-ipt-core | kmod-ipt-ipopt | kmod-ipt-ipsec | kmod-ipt-ipset | kmod-ipt-nat | kmod-ipt-offload | kmod-ipt-raw | kmod-ipt-raw6 | kmod-iptunnel | kmod-iptunnel4 | kmod-iptunnel6 | kmod-l2tp | kmod-l2tp-eth | kmod-l2tp-ip | kmod-leds-gpio | kmod-lib-crc-ccitt | kmod-lib-crc16 | kmod-lib-crc32c | kmod-lib-textsearch | kmod-lib-zlib-deflate | kmod-lib-zlib-inflate | kmod-mii | kmod-mppe | kmod-nf-conntrack | kmod-nf-conntrack-netlink | kmod-nf-conntrack6 | kmod-nf-flow | kmod-nf-ipt | kmod-nf-ipt6 | kmod-nf-log | kmod-nf-log6 | kmod-nf-nat | kmod-nf-nathelper | kmod-nf-nathelper-extra | kmod-nf-reject | kmod-nf-reject6 | kmod-nfnetlink | kmod-nft-core | kmod-nft-netdev | kmod-nls-base | kmod-nls-cp437 | kmod-nls-iso8859-1 | kmod-nls-utf8 | kmod-ppp | kmod-pppoe | kmod-pppol2tp | kmod-pppox | kmod-pptp | kmod-scsi-core | kmod-slhc | kmod-spi-bitbang | kmod-spi-gpio | kmod-tun | kmod-udptunnel4 | kmod-udptunnel6 | kmod-usb-acm | kmod-usb-core | kmod-usb-ehci | kmod-usb-net | kmod-usb-net-cdc-ether | kmod-usb-net-cdc-ncm | kmod-usb-net-qmi-wwan | kmod-usb-net-rndis | kmod-usb-serial | kmod-usb-serial-ark3116 | kmod-usb-serial-belkin | kmod-usb-serial-ch341 | kmod-usb-serial-ch343 | kmod-usb-serial-cp210x | kmod-usb-serial-cypress-m8 | kmod-usb-serial-ftdi | kmod-usb-serial-option | kmod-usb-serial-pl2303 | kmod-usb-serial-wwan | kmod-usb-storage | kmod-usb-wdm | kmod-usb2 | kmod-wireguard | kmod-xfrm-interface,MULTI_PACKAGE_SOURCE,kernel | kmod-asn1-decoder | kmod-crypto-acompress | kmod-crypto-aead | kmod-crypto-arc4 | kmod-crypto-authenc | kmod-crypto-cbc | kmod-crypto-ccm | kmod-crypto-cmac | kmod-crypto-crc32c | kmod-crypto-ctr | kmod-crypto-deflate | kmod-crypto-des | kmod-crypto-ecb | kmod-crypto-echainiv | kmod-crypto-gcm | kmod-crypto-gf128 | kmod-crypto-ghash | kmod-crypto-hash | kmod-crypto-hmac | kmod-crypto-kpp | kmod-crypto-lib-blake2s | kmod-crypto-lib-chacha20 | kmod-crypto-lib-chacha20poly1305 | kmod-crypto-lib-curve25519 | kmod-crypto-lib-poly1305 | kmod-crypto-manager | kmod-crypto-md5 | kmod-crypto-null | kmod-crypto-pcompress | kmod-crypto-rng | kmod-crypto-seqiv | kmod-crypto-sha1 | kmod-crypto-sha256 | kmod-crypto-sha512 | kmod-fs-autofs4 | kmod-fs-ext4 | kmod-fs-msdos | kmod-fs-ntfs | kmod-fs-vfat | kmod-gpio-nxp-74hc164 | kmod-gre | kmod-gre6 | kmod-hwmon-core | kmod-hwmon-mcp3021 | kmod-hwmon-tla2021 | kmod-i2c-core | kmod-i2c-mt7628 | kmod-ip6-tunnel | kmod-ip6tables | kmod-ipsec | kmod-ipsec4 | kmod-ipsec6 | kmod-ipt-conntrack | kmod-ipt-conntrack-extra | kmod-ipt-core | kmod-ipt-ipopt | kmod-ipt-ipsec | kmod-ipt-ipset | kmod-ipt-nat | kmod-ipt-offload | kmod-ipt-raw | kmod-ipt-raw6 | kmod-iptunnel | kmod-iptunnel4 | kmod-iptunnel6 | kmod-l2tp | kmod-l2tp-eth | kmod-l2tp-ip | kmod-leds-gpio | kmod-lib-crc-ccitt | kmod-lib-crc16 | kmod-lib-crc32c | kmod-lib-textsearch | kmod-lib-zlib-deflate | kmod-lib-zlib-inflate | kmod-mii | kmod-mppe | kmod-nf-conntrack | kmod-nf-conntrack-netlink | kmod-nf-conntrack6 | kmod-nf-flow | kmod-nf-ipt | kmod-nf-ipt6 | kmod-nf-log | kmod-nf-log6 | kmod-nf-nat | kmod-nf-nathelper | kmod-nf-nathelper-extra | kmod-nf-reject | kmod-nf-reject6 | kmod-nfnetlink | kmod-nft-core | kmod-nft-netdev | kmod-nls-base | kmod-nls-cp437 | kmod-nls-iso8859-1 | kmod-nls-utf8 | kmod-ppp | kmod-pppoe | kmod-pppol2tp | kmod-pppox | kmod-pptp | kmod-scsi-core | kmod-slhc | kmod-spi-bitbang | kmod-spi-gpio | kmod-tun | kmod-udptunnel4 | kmod-udptunnel6 | kmod-usb-acm | kmod-usb-core | kmod-usb-ehci | kmod-usb-net | kmod-usb-net-cdc-ether | kmod-usb-net-cdc-ncm | kmod-usb-net-qmi-wwan | kmod-usb-net-rndis | kmod-usb-serial | kmod-usb-serial-ark3116 | kmod-usb-serial-belkin | kmod-usb-serial-ch341 | kmod-usb-serial-ch343 | kmod-usb-serial-cp210x | kmod-usb-serial-cypress-m8 | kmod-usb-serial-ftdi | kmod-usb-serial-option | kmod-usb-serial-pl2303 | kmod-usb-serial-wwan | kmod-usb-storage | kmod-usb-wdm | kmod-usb2 | kmod-wireguard | kmod-xfrm-interface,5.15.176-1 | 5.15.176-1-c87d2a600c553d5338b2de4b88b39f15,,0,NO_CPE_ID,0,0,0,133,1,0,0,"{""KERNEL_OR_KMOD"": 134}",,False,False,False,False,True,False,134 installed packages; kernel/kmod=134
package/kernel/mac80211_515,2,kmod-cfg80211_515 | kmod-mac80211_515,MULTI_PACKAGE_SOURCE,kmod-cfg80211_515 | kmod-mac80211_515,5.15.176+6.5-1,,0,NO_CPE_ID,0,0,0,2,0,0,0,"{""KERNEL_OR_KMOD"": 2}",,False,False,False,False,True,False,2 installed packages; kernel/kmod=2
package/kernel/mt76_515,2,kmod-mt76-core_515 | kmod-mt7603_515,MULTI_PACKAGE_SOURCE,kmod-mt76-core_515 | kmod-mt7603_515,5.15.176+2023-09-18-2afc7285-2,,0,NO_CPE_ID,0,0,0,2,0,0,0,"{""KERNEL_OR_KMOD"": 2}",,False,False,False,False,True,False,2 installed packages; kernel/kmod=2
package/kernel/ovpn-dco,1,kmod-ovpn-dco-v2,SINGLE_PACKAGE_SOURCE,kmod-ovpn-dco-v2,5.15.176+0.2.20240320-1,,0,NO_CPE_ID,0,0,0,1,0,0,0,"{""KERNEL_OR_KMOD"": 1}",,False,False,False,False,True,False,single installed package; kernel/kmod=1
package/kernel/pulse-counter,1,kmod-tlt-pulse-counter,SINGLE_PACKAGE_SOURCE,kmod-tlt-pulse-counter,5.15.176-2,,0,NO_CPE_ID,0,0,0,1,0,0,0,"{""KERNEL_OR_KMOD"": 1}",,False,False,False,False,True,False,single installed package; kernel/kmod=1
package/kernel/tlt-gpio,1,kmod-tlt-gpio,SINGLE_PACKAGE_SOURCE,kmod-tlt-gpio,5.15.176-1,,0,NO_CPE_ID,0,0,0,1,0,0,0,"{""KERNEL_OR_KMOD"": 1}",,False,False,False,False,True,False,single installed package; kernel/kmod=1
package/lang/lua/luasocket,1,luasocket,SINGLE_PACKAGE_SOURCE,luasocket,2019-04-21-733af884-1,,0,NO_CPE_ID,0,0,0,0,0,1,0,"{""PLUGIN_OR_MODULE"": 1}",,False,False,False,True,False,False,single installed package; plugin/module=1
package/libs/c-ares,1,libcares,SINGLE_PACKAGE_SOURCE,libcares,1.19.1-2,cpe:/a:c-ares:c-ares,1,ALL_PACKAGES_SAME_CPE_ID,0,0,0,0,0,1,0,"{""LIBRARY_PACKAGE"": 1}",,False,True,False,False,False,False,single installed package; library=1
package/libs/davici,1,davici,SINGLE_PACKAGE_SOURCE,davici,1.4-1,cpe:/a:strongswan:davici,1,ALL_PACKAGES_SAME_CPE_ID,0,0,0,0,0,1,0,"{""LIBRARY_PACKAGE"": 1}",,False,True,False,False,False,False,single installed package; library=1
package/libs/libcap,2,libcap | libcap-bin,MULTI_PACKAGE_SOURCE,libcap | libcap-bin,2.69-1,cpe:/a:libcap_project:libcap,2,ALL_PACKAGES_SAME_CPE_ID,0,0,0,2,0,0,0,"{""LIBRARY_PACKAGE"": 1, ""UTILITY_OR_CLI_PACKAGE"": 1}",,False,True,True,False,False,False,2 installed packages; library=1; utility=1
package/libs/libcgi,1,libcgi,SINGLE_PACKAGE_SOURCE,libcgi,1.3.0-1,,0,NO_CPE_ID,0,0,0,0,0,1,0,"{""LIBRARY_PACKAGE"": 1}",,False,True,False,False,False,False,single installed package; library=1
package/libs/libgpiod,2,gpiod-tools | libgpiod,MULTI_PACKAGE_SOURCE,gpiod-tools | libgpiod,1.6.3-1,,0,NO_CPE_ID,0,0,0,2,0,0,0,"{""LIBRARY_PACKAGE"": 1, ""UTILITY_OR_CLI_PACKAGE"": 1}",,False,True,True,False,False,False,2 installed packages; library=1; utility=1
package/libs/libjson-c,1,libjson-c5,SINGLE_PACKAGE_SOURCE,libjson-c,0.15-2,cpe:/a:json-c_project:json-c,1,ALL_PACKAGES_SAME_CPE_ID,0,0,0,0,0,1,0,"{""LIBRARY_PACKAGE"": 1}",,False,True,False,False,False,False,single installed package; library=1
package/libs/libmnl,1,libmnl0,SINGLE_PACKAGE_SOURCE,libmnl,1.0.4-2,cpe:/a:netfilter:libmnl,1,ALL_PACKAGES_SAME_CPE_ID,0,0,0,0,0,1,0,"{""LIBRARY_PACKAGE"": 1}",,False,True,False,False,False,False,single installed package; library=1
package/libs/libmodbus,1,libmodbus,SINGLE_PACKAGE_SOURCE,libmodbus,7.13,cpe:/a:libmodbus:libmodbus,1,ALL_PACKAGES_SAME_CPE_ID,0,0,0,0,0,1,0,"{""LIBRARY_PACKAGE"": 1}",,False,True,False,False,False,False,single installed package; library=1
package/libs/libnetfilter-conntrack,1,libnetfilter-conntrack3,SINGLE_PACKAGE_SOURCE,libnetfilter-conntrack,1.0.8-1,cpe:/a:netfilter:libnetfilter_conntrack,1,ALL_PACKAGES_SAME_CPE_ID,0,0,0,0,0,1,0,"{""LIBRARY_PACKAGE"": 1}",,False,True,False,False,False,False,single installed package; library=1
package/libs/libnfnetlink,1,libnfnetlink0,SINGLE_PACKAGE_SOURCE,libnfnetlink,1.0.1-4,cpe:/a:netfilter:libnfnetlink,1,ALL_PACKAGES_SAME_CPE_ID,0,0,0,0,0,1,0,"{""LIBRARY_PACKAGE"": 1}",,False,True,False,False,False,False,single installed package; library=1
package/libs/libnftnl,1,libnftnl11,SINGLE_PACKAGE_SOURCE,libnftnl,1.2.5-5,cpe:/a:netfilter:libnftnl,1,ALL_PACKAGES_SAME_CPE_ID,0,0,0,0,0,1,0,"{""LIBRARY_PACKAGE"": 1}",,False,True,False,False,False,False,single installed package; library=1
package/libs/libnl,2,libnl-core200 | libnl-genl200,MULTI_PACKAGE_SOURCE,libnl-core | libnl-genl,3.9.0-1,cpe:/a:libnl_project:libnl,2,ALL_PACKAGES_SAME_CPE_ID,0,0,0,2,0,0,0,"{""LIBRARY_PACKAGE"": 2}",,False,True,False,False,False,False,2 installed packages; library=2
package/libs/libnl-tiny,1,libnl-tiny2023-04-02,SINGLE_PACKAGE_SOURCE,libnl-tiny,2023-04-02-11b7c5f0-1,,0,NO_CPE_ID,0,0,0,0,0,1,0,"{""LIBRARY_PACKAGE"": 1}",,False,True,False,False,False,False,single installed package; library=1
package/libs/libpcap,1,libpcap1,SINGLE_PACKAGE_SOURCE,libpcap,1.9.1-3,cpe:/a:tcpdump:libpcap,1,ALL_PACKAGES_SAME_CPE_ID,0,0,0,0,0,1,0,"{""LIBRARY_PACKAGE"": 1}",,False,True,False,False,False,False,single installed package; library=1
package/libs/libubox,5,jshn | libblobmsg-json20240329 | libjson-script20240329 | libubox-lua | libubox20240329,MULTI_PACKAGE_SOURCE,jshn | libblobmsg-json | libjson-script | libubox | libubox-lua,2024-03-29-eb9bcb64-2,,0,NO_CPE_ID,0,0,0,5,0,0,0,"{""LIBRARY_PACKAGE"": 3, ""PLUGIN_OR_MODULE"": 1, ""UTILITY_OR_CLI_PACKAGE"": 1}",,False,True,True,True,False,False,5 installed packages; library=3; utility=1; plugin/module=1
package/libs/libusb,1,libusb-1.0-0,SINGLE_PACKAGE_SOURCE,libusb-1.0,1.0.24-5,cpe:/a:libusb:libusb,1,ALL_PACKAGES_SAME_CPE_ID,0,0,0,0,0,1,0,"{""LIBRARY_PACKAGE"": 1}",,False,True,False,False,False,False,single installed package; library=1
package/libs/luasec,1,luasec,SINGLE_PACKAGE_SOURCE,luasec,0.9-1,,0,NO_CPE_ID,0,0,0,0,0,1,0,"{""PLUGIN_OR_MODULE"": 1}",,False,False,False,True,False,False,single installed package; plugin/module=1
package/libs/luci-lib-jsonc,1,luci-lib-jsonc,SINGLE_PACKAGE_SOURCE,luci-lib-jsonc,2025-01-06,,0,NO_CPE_ID,0,0,0,0,0,1,0,"{""PLUGIN_OR_MODULE"": 1}",,False,False,False,True,False,False,single installed package; plugin/module=1
package/libs/lzo,1,liblzo2,SINGLE_PACKAGE_SOURCE,liblzo,2.10-4,cpe:/a:oberhumer:lzo,1,ALL_PACKAGES_SAME_CPE_ID,0,0,0,0,0,1,0,"{""LIBRARY_PACKAGE"": 1}",,False,True,False,False,False,False,single installed package; library=1
package/libs/nghttp2,1,libnghttp2-14,SINGLE_PACKAGE_SOURCE,libnghttp2,1.43.0-1,cpe:/a:nghttp2:nghttp2,1,ALL_PACKAGES_SAME_CPE_ID,0,0,0,0,0,1,0,"{""LIBRARY_PACKAGE"": 1}",,False,True,False,False,False,False,single installed package; library=1
package/libs/open62541,1,open62541,SINGLE_PACKAGE_SOURCE,open62541,v1.4.0-r,,0,NO_CPE_ID,0,0,0,0,0,1,0,"{""LIBRARY_PACKAGE"": 1}",,False,True,False,False,False,False,single installed package; library=1
package/libs/openssl,4,libopenssl-conf | libopenssl-legacy | libopenssl3 | openssl-util,MULTI_PACKAGE_SOURCE,libopenssl | libopenssl-conf | libopenssl-legacy | openssl-util,3.0.14-3,cpe:/a:openssl:openssl,4,ALL_PACKAGES_SAME_CPE_ID,0,0,0,3,1,0,0,"{""LIBRARY_PACKAGE"": 1, ""META_OR_HELPER_PACKAGE"": 1, ""PLUGIN_OR_MODULE"": 1, ""UTILITY_OR_CLI_PACKAGE"": 1}",,False,True,True,True,False,False,4 installed packages; library=1; utility=1; plugin/module=1; meta/helper=1
package/libs/pcre2,1,libpcre2,SINGLE_PACKAGE_SOURCE,libpcre2,10.37-5,cpe:/a:pcre:pcre,1,ALL_PACKAGES_SAME_CPE_ID,0,0,0,0,0,1,0,"{""LIBRARY_PACKAGE"": 1}",,False,True,False,False,False,False,single installed package; library=1
package/libs/sqlite3,1,libsqlite3-0,SINGLE_PACKAGE_SOURCE,libsqlite3,3410200-1,cpe:/a:sqlite:sqlite,1,ALL_PACKAGES_SAME_CPE_ID,0,0,0,0,0,1,0,"{""LIBRARY_PACKAGE"": 1}",,False,True,False,False,False,False,single installed package; library=1
package/libs/toolchain,6,libatomic1 | libc | libgcc1 | libpthread | librt | libstdcpp6,MULTI_PACKAGE_SOURCE,libatomic | libc | libgcc | libpthread | librt | libstdcpp,1.2.4-3 | 8.4.0-3,,0,NO_CPE_ID,0,0,0,4,2,0,0,"{""LIBRARY_PACKAGE"": 3, ""META_OR_HELPER_PACKAGE"": 2, ""SPLIT_RUNTIME_PACKAGE"": 1}",,False,True,False,False,False,False,6 installed packages; library=3; meta/helper=2
package/libs/uclient,2,libuclient20201210 | uclient-fetch,MULTI_PACKAGE_SOURCE,libuclient | uclient-fetch,2021-05-14-6a6011df-1,,0,NO_CPE_ID,0,0,0,2,0,0,0,"{""LIBRARY_PACKAGE"": 1, ""SPLIT_RUNTIME_PACKAGE"": 1}",,False,True,False,False,False,False,2 installed packages; library=1
package/libs/ustream-ssl,1,libustream-openssl20201210,SINGLE_PACKAGE_SOURCE,libustream-openssl,2024-03-04-263b9a97-1,,0,NO_CPE_ID,0,0,0,0,0,1,0,"{""LIBRARY_PACKAGE"": 1}",,False,True,False,False,False,False,single installed package; library=1
package/libs/zlib,1,zlib,SINGLE_PACKAGE_SOURCE,zlib,1.2.11-4,cpe:/a:gnu:zlib,1,ALL_PACKAGES_SAME_CPE_ID,0,0,0,0,0,1,0,"{""LIBRARY_PACKAGE"": 1}",,False,True,False,False,False,False,single installed package; library=1
package/network/config/firewall,1,firewall,SINGLE_PACKAGE_SOURCE,firewall,2022-02-17-4cd7d4f3-12,,0,NO_CPE_ID,1,1,0,0,0,0,0,"{""PRODUCT_OR_MAIN_PACKAGE"": 1}",firewall,True,False,False,False,False,False,single installed package; main/product-like=1
package/network/config/gre,1,gre,SINGLE_PACKAGE_SOURCE,gre,12,,0,NO_CPE_ID,1,1,0,0,0,0,0,"{""PRODUCT_OR_MAIN_PACKAGE"": 1}",gre,True,False,False,False,False,False,single installed package; main/product-like=1
package/network/config/netifd,1,netifd,SINGLE_PACKAGE_SOURCE,netifd,2024-01-04-c18cc79d-16,,0,NO_CPE_ID,1,1,0,0,0,0,0,"{""PRODUCT_OR_MAIN_PACKAGE"": 1}",netifd,True,False,False,False,False,False,single installed package; main/product-like=1
package/network/config/swconfig,1,swconfig,SINGLE_PACKAGE_SOURCE,swconfig,13,,0,NO_CPE_ID,1,0,1,0,0,0,0,"{""UTILITY_OR_CLI_PACKAGE"": 1}",,False,False,True,False,False,False,single installed package; utility=1
package/network/config/wifi-scripts,1,wifi-scripts,SINGLE_PACKAGE_SOURCE,wifi-scripts,1.0-3,,0,NO_CPE_ID,1,0,1,0,0,0,0,"{""UTILITY_OR_CLI_PACKAGE"": 1}",,False,False,True,False,False,False,single installed package; utility=1
package/network/config/xfrm,1,xfrm,SINGLE_PACKAGE_SOURCE,xfrm,4,,0,NO_CPE_ID,1,1,0,0,0,0,0,"{""PRODUCT_OR_MAIN_PACKAGE"": 1}",xfrm,True,False,False,False,False,False,single installed package; main/product-like=1
package/network/ipv6/odhcp6c,1,odhcp6c,SINGLE_PACKAGE_SOURCE,odhcp6c,2021-01-09-53f07e90-16,,0,NO_CPE_ID,1,1,0,0,0,0,0,"{""PRODUCT_OR_MAIN_PACKAGE"": 1}",odhcp6c,True,False,False,False,False,False,single installed package; main/product-like=1
package/network/services/dnsmasq,1,dnsmasq,SINGLE_PACKAGE_SOURCE,dnsmasq,2.89-42.4,cpe:/a:thekelleys:dnsmasq,1,ALL_PACKAGES_SAME_CPE_ID,1,1,0,0,0,0,0,"{""PRODUCT_OR_MAIN_PACKAGE"": 1}",dnsmasq,True,False,False,False,False,False,single installed package; main/product-like=1
package/network/services/dropbear,1,dropbear,SINGLE_PACKAGE_SOURCE,dropbear,2020.81-3,cpe:/a:matt_johnston:dropbear_ssh_server,1,ALL_PACKAGES_SAME_CPE_ID,1,1,0,0,0,0,0,"{""PRODUCT_OR_MAIN_PACKAGE"": 1}",dropbear,True,False,False,False,False,False,single installed package; main/product-like=1
package/network/services/hostapd,2,hostapd-common | wpad-openssl,MULTI_PACKAGE_SOURCE,hostapd-common | wpad-openssl,2023-09-08-e5ccbfc6-11,cpe:/a:w1.fi:hostapd,2,ALL_PACKAGES_SAME_CPE_ID,0,0,0,2,0,0,0,"{""SPLIT_RUNTIME_PACKAGE"": 2}",,False,False,False,False,False,False,2 installed packages
package/network/services/mosquitto,1,libmosquitto-ssl,SINGLE_PACKAGE_SOURCE,libmosquitto-ssl,2.0.20-1,cpe:/a:eclipse:mosquitto,1,ALL_PACKAGES_SAME_CPE_ID,0,0,0,0,0,1,0,"{""LIBRARY_PACKAGE"": 1}",,False,True,False,False,False,False,single installed package; library=1
package/network/services/mwan3,1,mwan3,SINGLE_PACKAGE_SOURCE,mwan3,2.10.12-6,,0,NO_CPE_ID,1,1,0,0,0,0,0,"{""PRODUCT_OR_MAIN_PACKAGE"": 1}",mwan3,True,False,False,False,False,False,single installed package; main/product-like=1
package/network/services/odhcpd,1,odhcpd-ipv6only,SINGLE_PACKAGE_SOURCE,odhcpd-ipv6only,2021-07-18-bc9d317f-13,,0,NO_CPE_ID,1,0,1,0,0,0,0,"{""PRODUCT_OR_MAIN_PACKAGE"": 1}",odhcpd-ipv6only,True,False,False,False,False,False,single installed package; main/product-like=1
package/network/services/openssh,1,openssh-sftp-server,SINGLE_PACKAGE_SOURCE,openssh-sftp-server,9.6p1-1,cpe:/a:openssh:openssh,1,ALL_PACKAGES_SAME_CPE_ID,1,0,1,0,0,0,0,"{""PRODUCT_OR_MAIN_PACKAGE"": 1}",openssh-sftp-server,True,False,False,False,False,False,single installed package; main/product-like=1
package/network/services/openvpn,1,openvpn-openssl,SINGLE_PACKAGE_SOURCE,openvpn-openssl,2.6.9-5,cpe:/a:openvpn:openvpn,1,ALL_PACKAGES_SAME_CPE_ID,1,0,1,0,0,0,0,"{""PRODUCT_OR_MAIN_PACKAGE"": 1}",openvpn-openssl,True,False,False,False,False,False,single installed package; main/product-like=1
package/network/services/ppp,4,ppp | ppp-mod-pppoe | ppp-mod-pppol2tp | ppp-mod-pptp,MULTI_PACKAGE_SOURCE,ppp | ppp-mod-pppoe | ppp-mod-pppol2tp | ppp-mod-pptp,2.4.9.git-2021-01-04-4,cpe:/a:samba:ppp,4,ALL_PACKAGES_SAME_CPE_ID,1,1,0,3,0,0,0,"{""PLUGIN_OR_MODULE"": 3, ""PRODUCT_OR_MAIN_PACKAGE"": 1}",ppp,True,False,False,True,False,False,4 installed packages; main/product-like=1; plugin/module=3
package/network/services/pptpd,1,pptpd,SINGLE_PACKAGE_SOURCE,pptpd,1.4.0-5,cpe:/a:poptop:pptp_server,1,ALL_PACKAGES_SAME_CPE_ID,1,1,0,0,0,0,0,"{""PRODUCT_OR_MAIN_PACKAGE"": 1}",pptpd,True,False,False,False,False,False,single installed package; main/product-like=1
package/network/services/strongswan,28,strongswan | strongswan-charon | strongswan-minimal | strongswan-mod-connmark | strongswan-mod-constraints | strongswan-mod-des | strongswan-mod-eap-identity | strongswan-mod-eap-mschapv2 | strongswan-mod-kernel-netlink | strongswan-mod-md4 | strongswan-mod-mgf1 | strongswan-mod-nonce | strongswan-mod-openssl | strongswan-mod-pem | strongswan-mod-pgp | strongswan-mod-pkcs1 | strongswan-mod-pkcs8 | strongswan-mod-pubkey | strongswan-mod-random | strongswan-mod-revocation | strongswan-mod-sha1 | strongswan-mod-socket-default | strongswan-mod-updown | strongswan-mod-vici | strongswan-mod-x509 | strongswan-mod-xauth-generic | strongswan-mod-xcbc | strongswan-swanctl,MULTI_PACKAGE_SOURCE,strongswan | strongswan-charon | strongswan-minimal | strongswan-mod-connmark | strongswan-mod-constraints | strongswan-mod-des | strongswan-mod-eap-identity | strongswan-mod-eap-mschapv2 | strongswan-mod-kernel-netlink | strongswan-mod-md4 | strongswan-mod-mgf1 | strongswan-mod-nonce | strongswan-mod-openssl | strongswan-mod-pem | strongswan-mod-pgp | strongswan-mod-pkcs1 | strongswan-mod-pkcs8 | strongswan-mod-pubkey | strongswan-mod-random | strongswan-mod-revocation | strongswan-mod-sha1 | strongswan-mod-socket-default | strongswan-mod-updown | strongswan-mod-vici | strongswan-mod-x509 | strongswan-mod-xauth-generic | strongswan-mod-xcbc | strongswan-swanctl,5.9.14-24,cpe:/a:strongswan:strongswan,28,ALL_PACKAGES_SAME_CPE_ID,1,1,0,26,1,0,0,"{""META_OR_HELPER_PACKAGE"": 1, ""PLUGIN_OR_MODULE"": 24, ""PRODUCT_OR_MAIN_PACKAGE"": 1, ""SPLIT_RUNTIME_PACKAGE"": 1, ""UTILITY_OR_CLI_PACKAGE"": 1}",strongswan,True,False,True,True,False,False,28 installed packages; main/product-like=1; utility=1; plugin/module=24; meta/helper=1
package/network/services/uhttpd,3,uhttpd | uhttpd-mod-lua | uhttpd-mod-ubus,MULTI_PACKAGE_SOURCE,uhttpd | uhttpd-mod-lua | uhttpd-mod-ubus,2021-03-21-15346de8-9,,0,NO_CPE_ID,1,1,0,2,0,0,0,"{""PLUGIN_OR_MODULE"": 2, ""PRODUCT_OR_MAIN_PACKAGE"": 1}",uhttpd,True,False,False,True,False,False,3 installed packages; main/product-like=1; plugin/module=2
package/network/services/xl2tpd,1,xl2tpd,SINGLE_PACKAGE_SOURCE,xl2tpd,1.3.16-5,,0,NO_CPE_ID,1,1,0,0,0,0,0,"{""PRODUCT_OR_MAIN_PACKAGE"": 1}",xl2tpd,True,False,False,False,False,False,single installed package; main/product-like=1
package/network/utils/curl,2,curl | libcurl4,MULTI_PACKAGE_SOURCE,curl | libcurl,8.11.0-23.2,cpe:/a:haxx:libcurl,2,ALL_PACKAGES_SAME_CPE_ID,1,0,1,1,0,0,0,"{""LIBRARY_PACKAGE"": 1, ""UTILITY_OR_CLI_PACKAGE"": 1}",,False,True,True,False,False,False,2 installed packages; library=1; utility=1
package/network/utils/ethtool,1,ethtool,SINGLE_PACKAGE_SOURCE,ethtool,5.10-1,cpe:/a:kernel:ethtool,1,ALL_PACKAGES_SAME_CPE_ID,1,0,1,0,0,0,0,"{""UTILITY_OR_CLI_PACKAGE"": 1}",,False,False,True,False,False,False,single installed package; utility=1
package/network/utils/iproute2,1,ip-full,SINGLE_PACKAGE_SOURCE,ip-full,5.19.0-8,cpe:/a:iproute2_project:iproute2,1,ALL_PACKAGES_SAME_CPE_ID,1,0,1,0,0,0,0,"{""UTILITY_OR_CLI_PACKAGE"": 1}",,False,False,True,False,False,False,single installed package; utility=1
package/network/utils/ipset,2,ipset | libipset13,MULTI_PACKAGE_SOURCE,ipset | libipset,7.6-1,cpe:/a:netfilter:ipset,2,ALL_PACKAGES_SAME_CPE_ID,1,0,1,1,0,0,0,"{""LIBRARY_PACKAGE"": 1, ""UTILITY_OR_CLI_PACKAGE"": 1}",,False,True,True,False,False,False,2 installed packages; library=1; utility=1
package/network/utils/iptables,8,ip6tables | iptables | iptables-mod-conntrack-extra | iptables-mod-ipopt | iptables-mod-ipsec | libip4tc2 | libip6tc2 | libxtables12,MULTI_PACKAGE_SOURCE,ip6tables | iptables | iptables-mod-conntrack-extra | iptables-mod-ipopt | iptables-mod-ipsec | libip4tc | libip6tc | libxtables,1.8.7-3,cpe:/a:netfilter:iptables,8,ALL_PACKAGES_SAME_CPE_ID,1,0,1,7,0,0,0,"{""LIBRARY_PACKAGE"": 3, ""PLUGIN_OR_MODULE"": 3, ""UTILITY_OR_CLI_PACKAGE"": 2}",,False,True,True,True,False,False,8 installed packages; library=3; utility=2; plugin/module=3
package/network/utils/iw-515,1,iw-515,SINGLE_PACKAGE_SOURCE,iw-515,5.19-1,,0,NO_CPE_ID,1,0,1,0,0,0,0,"{""UTILITY_OR_CLI_PACKAGE"": 1}",,False,False,True,False,False,False,single installed package; utility=1
package/network/utils/iwinfo,4,iwinfo | libiwinfo-data | libiwinfo-lua | libiwinfo20230121,MULTI_PACKAGE_SOURCE,iwinfo | libiwinfo | libiwinfo-data | libiwinfo-lua,2023-05-17-c9f5c3f7-1,,0,NO_CPE_ID,1,0,1,2,1,0,0,"{""LIBRARY_PACKAGE"": 1, ""META_OR_HELPER_PACKAGE"": 1, ""PLUGIN_OR_MODULE"": 1, ""UTILITY_OR_CLI_PACKAGE"": 1}",,False,True,True,True,False,False,4 installed packages; library=1; utility=1; plugin/module=1; meta/helper=1
package/network/utils/resolveip,1,resolveip,SINGLE_PACKAGE_SOURCE,resolveip,2,,0,NO_CPE_ID,1,0,1,0,0,0,0,"{""UTILITY_OR_CLI_PACKAGE"": 1}",,False,False,True,False,False,False,single installed package; utility=1
package/network/utils/swanmon,1,swanmon,SINGLE_PACKAGE_SOURCE,swanmon,0.3-1,,0,NO_CPE_ID,1,0,1,0,0,0,0,"{""UTILITY_OR_CLI_PACKAGE"": 1}",,False,False,True,False,False,False,single installed package; utility=1
package/network/utils/wireguard-tools,1,wireguard-tools,SINGLE_PACKAGE_SOURCE,wireguard-tools,1.0.20210223-4,,0,NO_CPE_ID,1,0,1,0,0,0,0,"{""UTILITY_OR_CLI_PACKAGE"": 1}",,False,False,True,False,False,False,single installed package; utility=1
package/network/utils/wwan,1,wwan,SINGLE_PACKAGE_SOURCE,wwan,2019-04-29-6,,0,NO_CPE_ID,1,1,0,0,0,0,0,"{""PRODUCT_OR_MAIN_PACKAGE"": 1}",wwan,True,False,False,False,False,False,single installed package; main/product-like=1
package/system/ca-certificates,1,ca-bundle,SINGLE_PACKAGE_SOURCE,ca-bundle,20240203-1,,0,NO_CPE_ID,0,0,0,0,1,0,0,"{""META_OR_HELPER_PACKAGE"": 1}",,False,False,False,False,False,False,single installed package; meta/helper=1
package/system/fstools,2,block-mount | fstools,MULTI_PACKAGE_SOURCE,block-mount | fstools,2022-05-03-9e11b372-28,,0,NO_CPE_ID,1,1,0,1,0,0,0,"{""PRODUCT_OR_MAIN_PACKAGE"": 1, ""SPLIT_RUNTIME_PACKAGE"": 1}",fstools,True,False,False,False,False,False,2 installed packages; main/product-like=1
package/system/fwcert,1,fwcert,SINGLE_PACKAGE_SOURCE,fwcert,1.0,,0,NO_CPE_ID,1,0,1,0,0,0,0,"{""UTILITY_OR_CLI_PACKAGE"": 1}",,False,False,True,False,False,False,single installed package; utility=1
package/system/fwtool,1,fwtool,SINGLE_PACKAGE_SOURCE,fwtool,2019-11-12-8f7fe925-1,,0,NO_CPE_ID,1,0,1,0,0,0,0,"{""UTILITY_OR_CLI_PACKAGE"": 1}",,False,False,True,False,False,False,single installed package; utility=1
package/system/mtd,1,mtd,SINGLE_PACKAGE_SOURCE,mtd,27,,0,NO_CPE_ID,1,0,1,0,0,0,0,"{""UTILITY_OR_CLI_PACKAGE"": 1}",,False,False,True,False,False,False,single installed package; utility=1
package/system/openwrt-keyring,1,openwrt-keyring,SINGLE_PACKAGE_SOURCE,openwrt-keyring,2021-02-20-49283916-2,,0,NO_CPE_ID,0,0,0,0,1,0,0,"{""META_OR_HELPER_PACKAGE"": 1}",,False,False,False,False,False,False,single installed package; meta/helper=1
package/system/opkg,1,opkg,SINGLE_PACKAGE_SOURCE,opkg,2021-06-13-1bf042dd-2,,0,NO_CPE_ID,1,1,0,0,0,0,0,"{""PRODUCT_OR_MAIN_PACKAGE"": 1}",opkg,True,False,False,False,False,False,single installed package; main/product-like=1
package/system/procd,2,procd | procd-init,MULTI_PACKAGE_SOURCE,procd | procd-init,2021-02-23-37eed131-21,,0,NO_CPE_ID,1,1,0,1,0,0,0,"{""PRODUCT_OR_MAIN_PACKAGE"": 1, ""SPLIT_RUNTIME_PACKAGE"": 1}",procd,True,False,False,False,False,False,2 installed packages; main/product-like=1
package/system/rpcd,4,rpcd | rpcd-mod-file | rpcd-mod-iwinfo | rpcd-mod-rpcsys,MULTI_PACKAGE_SOURCE,rpcd | rpcd-mod-file | rpcd-mod-iwinfo | rpcd-mod-rpcsys,2021-03-11-ccb75178-8,,0,NO_CPE_ID,1,0,1,3,0,0,0,"{""PLUGIN_OR_MODULE"": 3, ""UTILITY_OR_CLI_PACKAGE"": 1}",,False,False,True,True,False,False,4 installed packages; utility=1; plugin/module=3
package/system/ubox,3,getrandom | logd | ubox,MULTI_PACKAGE_SOURCE,getrandom | logd | ubox,2020-10-25-9ef88681-10,,0,NO_CPE_ID,1,1,0,2,0,0,0,"{""PRODUCT_OR_MAIN_PACKAGE"": 1, ""SPLIT_RUNTIME_PACKAGE"": 2}",ubox,True,False,False,False,False,False,3 installed packages; main/product-like=1
package/system/ubus,4,libubus-lua | libubus20210630 | ubus | ubusd,MULTI_PACKAGE_SOURCE,libubus | libubus-lua | ubus | ubusd,2021-06-30-4fc532c8-6,,0,NO_CPE_ID,1,0,1,3,0,0,0,"{""LIBRARY_PACKAGE"": 1, ""PLUGIN_OR_MODULE"": 1, ""SPLIT_RUNTIME_PACKAGE"": 1, ""UTILITY_OR_CLI_PACKAGE"": 1}",,False,True,True,True,False,False,4 installed packages; library=1; utility=1; plugin/module=1
package/system/uci,3,libuci-lua | libuci20130104 | uci,MULTI_PACKAGE_SOURCE,libuci | libuci-lua | uci,2021-10-22-f84f49f0-12-12,,0,NO_CPE_ID,1,0,1,2,0,0,0,"{""LIBRARY_PACKAGE"": 1, ""PLUGIN_OR_MODULE"": 1, ""UTILITY_OR_CLI_PACKAGE"": 1}",,False,True,True,True,False,False,3 installed packages; library=1; utility=1; plugin/module=1
package/system/urandom-seed,1,urandom-seed,SINGLE_PACKAGE_SOURCE,urandom-seed,3,,0,NO_CPE_ID,1,1,0,0,0,0,0,"{""PRODUCT_OR_MAIN_PACKAGE"": 1}",urandom-seed,True,False,False,False,False,False,single installed package; main/product-like=1
package/system/urngd,1,urngd,SINGLE_PACKAGE_SOURCE,urngd,2020-01-21-c7f7b6b6-1,,0,NO_CPE_ID,1,0,1,0,0,0,0,"{""UTILITY_OR_CLI_PACKAGE"": 1}",,False,False,True,False,False,False,single installed package; utility=1
package/system/usign,1,usign,SINGLE_PACKAGE_SOURCE,usign,2020-05-23-f1f65026-1,,0,NO_CPE_ID,1,0,1,0,0,0,0,"{""UTILITY_OR_CLI_PACKAGE"": 1}",,False,False,True,False,False,False,single installed package; utility=1
package/teltonika/apn_db,1,apn_db,SINGLE_PACKAGE_SOURCE,apn_db,7.13.0.2,,0,NO_CPE_ID,1,0,1,0,0,0,0,"{""UTILITY_OR_CLI_PACKAGE"": 1}",,False,False,True,False,False,True,single installed package; utility=1
package/teltonika/cypress-serial,1,kmod-cypress-serial,SINGLE_PACKAGE_SOURCE,kmod-cypress-serial,5.15.176+1.1.1-1,,0,NO_CPE_ID,0,0,0,1,0,0,0,"{""KERNEL_OR_KMOD"": 1}",,False,False,False,False,True,True,single installed package; kernel/kmod=1
package/teltonika/data_sender,15,data-sender | data-sender-mod-base | data-sender-mod-format-custom | data-sender-mod-gsm | data-sender-mod-http | data-sender-mod-lua-in | data-sender-mod-lua_format | data-sender-mod-mdcollect | data-sender-mod-mnfinfo | data-sender-mod-modbus | data-sender-mod-modbus-alarm | data-sender-mod-mqtt-in | data-sender-mod-mqtt-out | data-sender-mod-opcua | data-sender-mod-ubus,MULTI_PACKAGE_SOURCE,data-sender | data-sender-mod-base | data-sender-mod-format-custom | data-sender-mod-gsm | data-sender-mod-http | data-sender-mod-lua-in | data-sender-mod-lua_format | data-sender-mod-mdcollect | data-sender-mod-mnfinfo | data-sender-mod-modbus | data-sender-mod-modbus-alarm | data-sender-mod-mqtt-in | data-sender-mod-mqtt-out | data-sender-mod-opcua | data-sender-mod-ubus,1.15-1,,0,NO_CPE_ID,1,0,1,14,0,0,0,"{""PLUGIN_OR_MODULE"": 14, ""PRODUCT_OR_MAIN_PACKAGE"": 1}",data-sender,True,False,False,True,False,True,15 installed packages; main/product-like=1; plugin/module=14
package/teltonika/ddns-scripts,5,ddns-scripts | ddns-scripts_cloudflare.com-v4 | ddns-scripts_no-ip_com | ddns-scripts_nsupdate | tlt-ddns,MULTI_PACKAGE_SOURCE,ddns-scripts | ddns-scripts_cloudflare.com-v4 | ddns-scripts_no-ip_com | ddns-scripts_nsupdate | tlt-ddns,2025-02-06-1,,0,NO_CPE_ID,1,0,1,3,1,0,0,"{""META_OR_HELPER_PACKAGE"": 1, ""PRODUCT_OR_MAIN_PACKAGE"": 1, ""SPLIT_RUNTIME_PACKAGE"": 3}",ddns-scripts,True,False,False,False,False,True,5 installed packages; main/product-like=1; meta/helper=1
package/teltonika/esim-lpac,4,esim-lpac | liblpac | lua_lpac | rpc_esim,MULTI_PACKAGE_SOURCE,esim-lpac | liblpac | lua_lpac | rpc_esim,1.3.11,,0,NO_CPE_ID,1,0,1,3,0,0,0,"{""LIBRARY_PACKAGE"": 2, ""PLUGIN_OR_MODULE"": 1, ""UTILITY_OR_CLI_PACKAGE"": 1}",,False,True,True,True,False,True,4 installed packages; library=2; utility=1; plugin/module=1
package/teltonika/event_juggler,1,event-juggler,SINGLE_PACKAGE_SOURCE,event-juggler,1.0,,0,NO_CPE_ID,1,0,1,0,0,0,0,"{""PRODUCT_OR_MAIN_PACKAGE"": 1}",event-juggler,True,False,False,False,False,True,single installed package; main/product-like=1
package/teltonika/fmt-usb-msd,1,fmt-usb-msd,SINGLE_PACKAGE_SOURCE,fmt-usb-msd,2023-01-11,,0,NO_CPE_ID,1,0,1,0,0,0,0,"{""UTILITY_OR_CLI_PACKAGE"": 1}",,False,False,True,False,False,True,single installed package; utility=1
package/teltonika/gkeepalive,1,gkeepalive,SINGLE_PACKAGE_SOURCE,gkeepalive,2024-06-19-1,,0,NO_CPE_ID,1,0,1,0,0,0,0,"{""PRODUCT_OR_MAIN_PACKAGE"": 1}",gkeepalive,True,False,False,False,False,True,single installed package; main/product-like=1
package/teltonika/gps,5,avl | gpsctl | gpsd | libgps | ntp_gps,MULTI_PACKAGE_SOURCE,avl | gpsctl | gpsd | libgps | ntp_gps,2025-04-29-2,,0,NO_CPE_ID,0,0,0,5,0,0,0,"{""LIBRARY_PACKAGE"": 1, ""SPLIT_RUNTIME_PACKAGE"": 3, ""UTILITY_OR_CLI_PACKAGE"": 1}",,False,True,True,False,False,True,5 installed packages; library=1; utility=1
package/teltonika/gsm,4,gsmctl | gsmd | libgsm1.0 | liburc,MULTI_PACKAGE_SOURCE,gsmctl | gsmd | libgsm | liburc,f61d039a,,0,NO_CPE_ID,0,0,0,4,0,0,0,"{""LIBRARY_PACKAGE"": 2, ""SPLIT_RUNTIME_PACKAGE"": 1, ""UTILITY_OR_CLI_PACKAGE"": 1}",,False,True,True,False,False,True,4 installed packages; library=2; utility=1
package/teltonika/io_scheduler,1,io_scheduler,SINGLE_PACKAGE_SOURCE,io_scheduler,1.2,,0,NO_CPE_ID,1,0,1,0,0,0,0,"{""PRODUCT_OR_MAIN_PACKAGE"": 1}",io_scheduler,True,False,False,False,False,True,single installed package; main/product-like=1
package/teltonika/iomand,1,iomand1.0,SINGLE_PACKAGE_SOURCE,iomand,2.23.0,,0,NO_CPE_ID,0,0,0,0,0,0,1,"{""VENDOR_SPECIFIC_PACKAGE"": 1}",,False,False,False,False,False,True,single installed package
package/teltonika/ip_blockd,1,ip_blockd,SINGLE_PACKAGE_SOURCE,ip_blockd,2025-02-19-2,,0,NO_CPE_ID,1,0,1,0,0,0,0,"{""PRODUCT_OR_MAIN_PACKAGE"": 1}",ip_blockd,True,False,False,False,False,True,single installed package; main/product-like=1
package/teltonika/ledman,1,ledman-full,SINGLE_PACKAGE_SOURCE,ledman-full,2.22.5,,0,NO_CPE_ID,0,0,0,0,0,0,1,"{""VENDOR_SPECIFIC_PACKAGE"": 1}",,False,False,False,False,False,True,single installed package
package/teltonika/libs/ezopcua,1,ezopcua,SINGLE_PACKAGE_SOURCE,ezopcua,2025-05-09-1,,0,NO_CPE_ID,0,0,0,0,0,1,0,"{""LIBRARY_PACKAGE"": 1}",,False,True,False,False,False,True,single installed package; library=1
package/teltonika/libs/libapi,1,libapi20241125,SINGLE_PACKAGE_SOURCE,libapi,2024-11-25-1.2,,0,NO_CPE_ID,0,0,0,0,0,1,0,"{""LIBRARY_PACKAGE"": 1}",,False,True,False,False,False,True,single installed package; library=1
package/teltonika/libs/libboardjson,1,libboardjson,SINGLE_PACKAGE_SOURCE,libboardjson,7.13,,0,NO_CPE_ID,0,0,0,0,0,1,0,"{""LIBRARY_PACKAGE"": 1}",,False,True,False,False,False,True,single installed package; library=1
package/teltonika/libs/libcfg,1,libcfg20250129,SINGLE_PACKAGE_SOURCE,libcfg,2025-01-29-1.2,,0,NO_CPE_ID,0,0,0,0,0,1,0,"{""LIBRARY_PACKAGE"": 1}",,False,True,False,False,False,True,single installed package; library=1
package/teltonika/libs/libcfgx,1,libcfgx,SINGLE_PACKAGE_SOURCE,libcfgx,7.12,,0,NO_CPE_ID,0,0,0,0,0,1,0,"{""LIBRARY_PACKAGE"": 1}",,False,True,False,False,False,True,single installed package; library=1
package/teltonika/libs/liblog,1,liblog,SINGLE_PACKAGE_SOURCE,liblog,2024-09-30,,0,NO_CPE_ID,0,0,0,0,0,1,0,"{""LIBRARY_PACKAGE"": 1}",,False,True,False,False,False,True,single installed package; library=1
package/teltonika/libs/libnetifd,1,libnetifd,SINGLE_PACKAGE_SOURCE,libnetifd,2024-06-18-1,,0,NO_CPE_ID,0,0,0,0,0,1,0,"{""LIBRARY_PACKAGE"": 1}",,False,True,False,False,False,True,single installed package; library=1
package/teltonika/libs/libparam,1,libparam,SINGLE_PACKAGE_SOURCE,libparam,2025-02-14,,0,NO_CPE_ID,0,0,0,0,0,1,0,"{""LIBRARY_PACKAGE"": 1}",,False,True,False,False,False,True,single installed package; library=1
package/teltonika/libs/libtlt-logger,1,libtlt-logger,SINGLE_PACKAGE_SOURCE,libtlt-logger,2025-01-08-1,,0,NO_CPE_ID,0,0,0,0,0,1,0,"{""LIBRARY_PACKAGE"": 1}",,False,True,False,False,False,True,single installed package; library=1
package/teltonika/libs/libtlt_smtp,1,libtlt_smtp,SINGLE_PACKAGE_SOURCE,libtlt_smtp,1.8,,0,NO_CPE_ID,0,0,0,0,0,1,0,"{""LIBRARY_PACKAGE"": 1}",,False,True,False,False,False,True,single installed package; library=1
package/teltonika/libs/libtlt_termios,1,libtlt_termios1.0,SINGLE_PACKAGE_SOURCE,libtlt_termios,7.13,,0,NO_CPE_ID,0,0,0,0,0,1,0,"{""LIBRARY_PACKAGE"": 1}",,False,True,False,False,False,True,single installed package; library=1
package/teltonika/libs/libtlt_uci,1,libtlt_uci,SINGLE_PACKAGE_SOURCE,libtlt_uci,2025-02-20-1,,0,NO_CPE_ID,0,0,0,0,0,1,0,"{""LIBRARY_PACKAGE"": 1}",,False,True,False,False,False,True,single installed package; library=1
package/teltonika/libs/modems,1,modems,SINGLE_PACKAGE_SOURCE,modems,3.14,,0,NO_CPE_ID,0,0,0,0,1,0,0,"{""META_OR_HELPER_PACKAGE"": 1}",,False,False,False,False,False,True,single installed package; meta/helper=1
package/teltonika/macchina-gateway,1,macchina-gateway,SINGLE_PACKAGE_SOURCE,macchina-gateway,0.0.1a,,0,NO_CPE_ID,1,0,1,0,0,0,0,"{""PRODUCT_OR_MAIN_PACKAGE"": 1}",macchina-gateway,True,False,False,False,False,True,single installed package; main/product-like=1
package/teltonika/macchina-sdk,1,macchina_sdk,SINGLE_PACKAGE_SOURCE,macchina_sdk,0.0.1a,,0,NO_CPE_ID,0,0,0,0,1,0,0,"{""META_OR_HELPER_PACKAGE"": 1}",,False,False,False,False,False,True,single installed package; meta/helper=1
package/teltonika/mctl,3,libmctl | mctl | modem_trackd,MULTI_PACKAGE_SOURCE,libmctl | mctl | modem_trackd,4.10,,0,NO_CPE_ID,1,0,1,2,0,0,0,"{""LIBRARY_PACKAGE"": 1, ""UTILITY_OR_CLI_PACKAGE"": 2}",,False,True,True,False,False,True,3 installed packages; library=1; utility=2
package/teltonika/mdcollect,2,libmdcollect | mdcollectd,MULTI_PACKAGE_SOURCE,libmdcollect | mdcollectd,2024-12-02-2,,0,NO_CPE_ID,0,0,0,2,0,0,0,"{""LIBRARY_PACKAGE"": 1, ""SPLIT_RUNTIME_PACKAGE"": 1}",,False,True,False,False,False,True,2 installed packages; library=1
package/teltonika/mnfinfo,3,libmnfinfo | mnfinfo | rpcd-mod-mnfinfo,MULTI_PACKAGE_SOURCE,libmnfinfo | mnfinfo | rpcd-mod-mnfinfo,2.25.1,,0,NO_CPE_ID,1,0,1,2,0,0,0,"{""LIBRARY_PACKAGE"": 1, ""PLUGIN_OR_MODULE"": 1, ""UTILITY_OR_CLI_PACKAGE"": 1}",,False,True,True,True,False,True,3 installed packages; library=1; utility=1; plugin/module=1
package/teltonika/mobifd,1,mobifd,SINGLE_PACKAGE_SOURCE,mobifd,ab396378,,0,NO_CPE_ID,1,0,1,0,0,0,0,"{""PRODUCT_OR_MAIN_PACKAGE"": 1}",mobifd,True,False,False,False,False,True,single installed package; main/product-like=1
package/teltonika/mobutils,3,mobutils | mobutils-call_utilities | mobutils-sms_utilities,MULTI_PACKAGE_SOURCE,mobutils | mobutils-call_utilities | mobutils-sms_utilities,3.14,,0,NO_CPE_ID,0,0,0,2,1,0,0,"{""META_OR_HELPER_PACKAGE"": 1, ""UTILITY_OR_CLI_PACKAGE"": 2}",,False,False,True,False,False,True,3 installed packages; utility=2; meta/helper=1
package/teltonika/modbus_client,1,modbus_client,SINGLE_PACKAGE_SOURCE,modbus_client,2025-02-20,,0,NO_CPE_ID,1,0,1,0,0,0,0,"{""PRODUCT_OR_MAIN_PACKAGE"": 1}",modbus_client,True,False,False,False,False,True,single installed package; main/product-like=1
package/teltonika/modbus_server,1,modbus_server,SINGLE_PACKAGE_SOURCE,modbus_server,2025-02-20-1,,0,NO_CPE_ID,1,0,1,0,0,0,0,"{""PRODUCT_OR_MAIN_PACKAGE"": 1}",modbus_server,True,False,False,False,False,True,single installed package; main/product-like=1
package/teltonika/modbusgwd,1,modbusgwd,SINGLE_PACKAGE_SOURCE,modbusgwd,2025-02-20,,0,NO_CPE_ID,1,0,1,0,0,0,0,"{""PRODUCT_OR_MAIN_PACKAGE"": 1}",modbusgwd,True,False,False,False,False,True,single installed package; main/product-like=1
package/teltonika/modem_control,1,modem_control,SINGLE_PACKAGE_SOURCE,modem_control,2025-02-20,,0,NO_CPE_ID,1,0,1,0,0,0,0,"{""PRODUCT_OR_MAIN_PACKAGE"": 1}",modem_control,True,False,False,False,False,True,single installed package; main/product-like=1
package/teltonika/mqtt-modbus-gateway,1,mqtt-modbus-gateway,SINGLE_PACKAGE_SOURCE,mqtt-modbus-gateway,2025-02-20,,0,NO_CPE_ID,1,0,1,0,0,0,0,"{""PRODUCT_OR_MAIN_PACKAGE"": 1}",mqtt-modbus-gateway,True,False,False,False,False,True,single installed package; main/product-like=1
package/teltonika/multiple_ap,1,multiple_ap,SINGLE_PACKAGE_SOURCE,multiple_ap,2025-01-07-1,,0,NO_CPE_ID,1,0,1,0,0,0,0,"{""PRODUCT_OR_MAIN_PACKAGE"": 1}",multiple_ap,True,False,False,False,False,True,single installed package; main/product-like=1
package/teltonika/ntpclient,1,ntpclient,SINGLE_PACKAGE_SOURCE,ntpclient,2023-04-26-1,,0,NO_CPE_ID,1,0,1,0,0,0,0,"{""PRODUCT_OR_MAIN_PACKAGE"": 1}",ntpclient,True,False,False,False,False,True,single installed package; main/product-like=1
package/teltonika/opcua_client,1,opcua_client,SINGLE_PACKAGE_SOURCE,opcua_client,2025-02-20,,0,NO_CPE_ID,1,0,1,0,0,0,0,"{""PRODUCT_OR_MAIN_PACKAGE"": 1}",opcua_client,True,False,False,False,False,True,single installed package; main/product-like=1
package/teltonika/opcua_server,1,opcua_server,SINGLE_PACKAGE_SOURCE,opcua_server,2025-02-20-1,,0,NO_CPE_ID,1,0,1,0,0,0,0,"{""PRODUCT_OR_MAIN_PACKAGE"": 1}",opcua_server,True,False,False,False,False,True,single installed package; main/product-like=1
package/teltonika/package_restore,1,package_restore,SINGLE_PACKAGE_SOURCE,package_restore,2025-01-08-1,,0,NO_CPE_ID,1,0,1,0,0,0,0,"{""PRODUCT_OR_MAIN_PACKAGE"": 1}",package_restore,True,False,False,False,False,True,single installed package; main/product-like=1
package/teltonika/pcom_master,1,pcom_master,SINGLE_PACKAGE_SOURCE,pcom_master,0.0.1,,0,NO_CPE_ID,1,0,1,0,0,0,0,"{""PRODUCT_OR_MAIN_PACKAGE"": 1}",pcom_master,True,False,False,False,False,True,single installed package; main/product-like=1
package/teltonika/port_eventsd,1,port_eventsd,SINGLE_PACKAGE_SOURCE,port_eventsd,1.12,,0,NO_CPE_ID,1,0,1,0,0,0,0,"{""PRODUCT_OR_MAIN_PACKAGE"": 1}",port_eventsd,True,False,False,False,False,True,single installed package; main/product-like=1
package/teltonika/post_get,3,post-get | post-get-io | post-get-mobile,MULTI_PACKAGE_SOURCE,post-get | post-get-io | post-get-mobile,1.5,,0,NO_CPE_ID,1,0,1,2,0,0,0,"{""PRODUCT_OR_MAIN_PACKAGE"": 1, ""SPLIT_RUNTIME_PACKAGE"": 2}",post-get,True,False,False,False,False,True,3 installed packages; main/product-like=1
package/teltonika/profiler,1,profiler,SINGLE_PACKAGE_SOURCE,profiler,2.13.3,,0,NO_CPE_ID,1,0,1,0,0,0,0,"{""PRODUCT_OR_MAIN_PACKAGE"": 1}",profiler,True,False,False,False,False,True,single installed package; main/product-like=1
package/teltonika/quectel/quectel_dfota,1,dfota,SINGLE_PACKAGE_SOURCE,dfota,2024-08-05-3,,0,NO_CPE_ID,1,0,1,0,0,0,0,"{""UTILITY_OR_CLI_PACKAGE"": 1}",,False,False,True,False,False,True,single installed package; utility=1
package/teltonika/quota_limit,1,quota_limit,SINGLE_PACKAGE_SOURCE,quota_limit,2025-02-13-1,,0,NO_CPE_ID,1,0,1,0,0,0,0,"{""PRODUCT_OR_MAIN_PACKAGE"": 1}",quota_limit,True,False,False,False,False,True,single installed package; main/product-like=1
package/teltonika/reboot_utils,3,reboot_utils | reboot_utils-periodic | reboot_utils-ping,MULTI_PACKAGE_SOURCE,reboot_utils | reboot_utils-periodic | reboot_utils-ping,2025-03-05-1,,0,NO_CPE_ID,0,0,0,2,1,0,0,"{""META_OR_HELPER_PACKAGE"": 1, ""UTILITY_OR_CLI_PACKAGE"": 2}",,False,False,True,False,False,True,3 installed packages; utility=2; meta/helper=1
package/teltonika/rms-packages,1,librms,SINGLE_PACKAGE_SOURCE,librms,2025-03-20-1,,0,NO_CPE_ID,0,0,0,0,0,1,0,"{""LIBRARY_PACKAGE"": 1}",,False,True,False,False,False,True,single installed package; library=1
package/teltonika/rut_fota,2,librut_fota | rut_fota,MULTI_PACKAGE_SOURCE,librut_fota | rut_fota,2.16.1,,0,NO_CPE_ID,1,0,1,1,0,0,0,"{""LIBRARY_PACKAGE"": 1, ""UTILITY_OR_CLI_PACKAGE"": 1}",,False,True,True,False,False,True,2 installed packages; library=1; utility=1
package/teltonika/serial,1,serial,SINGLE_PACKAGE_SOURCE,serial,2024-11-21,,0,NO_CPE_ID,1,0,1,0,0,0,0,"{""PRODUCT_OR_MAIN_PACKAGE"": 1}",serial,True,False,False,False,False,True,single installed package; main/product-like=1
package/teltonika/shellinabox,1,shellinabox,SINGLE_PACKAGE_SOURCE,shellinabox,2025-02-17-4,,0,NO_CPE_ID,1,0,1,0,0,0,0,"{""PRODUCT_OR_MAIN_PACKAGE"": 1}",shellinabox,True,False,False,False,False,True,single installed package; main/product-like=1
package/teltonika/sim_switch,1,sim_switch,SINGLE_PACKAGE_SOURCE,sim_switch,2025-02-21-1,,0,NO_CPE_ID,1,0,1,0,0,0,0,"{""PRODUCT_OR_MAIN_PACKAGE"": 1}",sim_switch,True,False,False,False,False,True,single installed package; main/product-like=1
package/teltonika/smslimit,1,rpcd-mod-smslimit,SINGLE_PACKAGE_SOURCE,rpcd-mod-smslimit,7.12,,0,NO_CPE_ID,0,0,0,0,0,1,0,"{""PLUGIN_OR_MODULE"": 1}",,False,False,False,True,False,True,single installed package; plugin/module=1
package/teltonika/snsupdate,1,snsupdate,SINGLE_PACKAGE_SOURCE,snsupdate,1.0,,0,NO_CPE_ID,1,0,1,0,0,0,0,"{""PRODUCT_OR_MAIN_PACKAGE"": 1}",snsupdate,True,False,False,False,False,True,single installed package; main/product-like=1
package/teltonika/sodog-tlt,1,sodog-tlt,SINGLE_PACKAGE_SOURCE,sodog-tlt,2025-02-20,,0,NO_CPE_ID,1,0,1,0,0,0,0,"{""PRODUCT_OR_MAIN_PACKAGE"": 1}",sodog-tlt,True,False,False,False,False,True,single installed package; main/product-like=1
package/teltonika/storage-memory-expansion,1,storage-memory-expansion,SINGLE_PACKAGE_SOURCE,storage-memory-expansion,2023-07-25-1,,0,NO_CPE_ID,1,0,1,0,0,0,0,"{""UTILITY_OR_CLI_PACKAGE"": 1}",,False,False,True,False,False,True,single installed package; utility=1
package/teltonika/troubleshoot,1,troubleshoot,SINGLE_PACKAGE_SOURCE,troubleshoot,1.4,,0,NO_CPE_ID,1,0,1,0,0,0,0,"{""PRODUCT_OR_MAIN_PACKAGE"": 1}",troubleshoot,True,False,False,False,False,True,single installed package; main/product-like=1
package/teltonika/uci-default,1,uci-default,SINGLE_PACKAGE_SOURCE,uci-default,2024-08-05-6,,0,NO_CPE_ID,0,0,0,0,1,0,0,"{""META_OR_HELPER_PACKAGE"": 1}",,False,False,False,False,False,True,single installed package; meta/helper=1
package/teltonika/uqmi,2,libtlt_uqmi | uqmi,MULTI_PACKAGE_SOURCE,libtlt_uqmi | uqmi,7.10-2,,0,NO_CPE_ID,1,0,1,1,0,0,0,"{""LIBRARY_PACKAGE"": 1, ""UTILITY_OR_CLI_PACKAGE"": 1}",,False,True,True,False,False,True,2 installed packages; library=1; utility=1
package/teltonika/urcd,1,urcd,SINGLE_PACKAGE_SOURCE,urcd,1.5,,0,NO_CPE_ID,1,0,1,0,0,0,0,"{""PRODUCT_OR_MAIN_PACKAGE"": 1}",urcd,True,False,False,False,False,True,single installed package; main/product-like=1
package/utils/busybox,1,busybox,SINGLE_PACKAGE_SOURCE,busybox,1.34.1-79.7,cpe:/a:busybox:busybox,1,ALL_PACKAGES_SAME_CPE_ID,1,1,0,0,0,0,0,"{""PRODUCT_OR_MAIN_PACKAGE"": 1}",busybox,True,False,False,False,False,False,single installed package; main/product-like=1
package/utils/e2fsprogs,4,e2fsprogs | libcomerr0 | libext2fs2 | libss2,MULTI_PACKAGE_SOURCE,e2fsprogs | libcomerr | libext2fs | libss,1.47.0-2,cpe:/a:e2fsprogs_project:e2fsprogs,4,ALL_PACKAGES_SAME_CPE_ID,1,0,1,3,0,0,0,"{""LIBRARY_PACKAGE"": 3, ""UTILITY_OR_CLI_PACKAGE"": 1}",,False,True,True,False,False,False,4 installed packages; library=3; utility=1
package/utils/exfatprogs,1,exfat-mkfs,SINGLE_PACKAGE_SOURCE,exfat-mkfs,1.1.3-4,cpe:/a:namjaejeon:exfatprogs,1,ALL_PACKAGES_SAME_CPE_ID,1,0,1,0,0,0,0,"{""UTILITY_OR_CLI_PACKAGE"": 1}",,False,False,True,False,False,False,single installed package; utility=1
package/utils/jsonfilter,1,jsonfilter,SINGLE_PACKAGE_SOURCE,jsonfilter,2018-02-04-c7e938d6-1,,0,NO_CPE_ID,1,0,1,0,0,0,0,"{""UTILITY_OR_CLI_PACKAGE"": 1}",,False,False,True,False,False,False,single installed package; utility=1
package/utils/lua,2,liblua5.1.5 | lua,MULTI_PACKAGE_SOURCE,liblua | lua,5.1.5-9,cpe:/a:lua:lua,2,ALL_PACKAGES_SAME_CPE_ID,1,0,1,1,0,0,0,"{""LIBRARY_PACKAGE"": 1, ""UTILITY_OR_CLI_PACKAGE"": 1}",,False,True,True,False,False,False,2 installed packages; library=1; utility=1
package/utils/minizip,1,minizip,SINGLE_PACKAGE_SOURCE,minizip,4.0.7-2,cpe:/a:zlib-ng:minizip-ng,1,ALL_PACKAGES_SAME_CPE_ID,0,0,0,0,0,1,0,"{""LIBRARY_PACKAGE"": 1}",,False,True,False,False,False,False,single installed package; library=1
package/utils/ucode,7,libucode20220812 | ucode | ucode-mod-fs | ucode-mod-nl80211 | ucode-mod-rtnl | ucode-mod-ubus | ucode-mod-uloop,MULTI_PACKAGE_SOURCE,libucode | ucode | ucode-mod-fs | ucode-mod-nl80211 | ucode-mod-rtnl | ucode-mod-ubus | ucode-mod-uloop,2023-06-06-c7d84aae-1,,0,NO_CPE_ID,1,0,1,6,0,0,0,"{""LIBRARY_PACKAGE"": 1, ""PLUGIN_OR_MODULE"": 5, ""UTILITY_OR_CLI_PACKAGE"": 1}",,False,True,True,True,False,False,7 installed packages; library=1; utility=1; plugin/module=5
package/utils/util-linux,2,libblkid1 | libuuid1,MULTI_PACKAGE_SOURCE,libblkid | libuuid,2.36.1-2,cpe:/a:kernel:util-linux,2,ALL_PACKAGES_SAME_CPE_ID,0,0,0,2,0,0,0,"{""LIBRARY_PACKAGE"": 2}",,False,True,False,False,False,False,2 installed packages; library=2
