cpe_name_id,raw_cpe,version,update,status,deprecated,deprecated_by,attribute_pattern,prerelease_token_location,prerelease_token,same_version_generic_update_cpe
a5836c78-fece-443b-bebb-8e05a9f9926a,cpe:2.3:a:w1.fi:wpa_supplicant:0.2.0:*:*:*:*:*:*:*,0.2.0,*,ACTIVE,false,[],GENERIC_UPDATE_ANY,,,
febe75d2-bf06-4077-adfc-c80c7abc83bd,cpe:2.3:a:w1.fi:wpa_supplicant:0.2.1:*:*:*:*:*:*:*,0.2.1,*,ACTIVE,false,[],GENERIC_UPDATE_ANY,,,
bb566b71-ce51-406f-b40e-c7279aa1e47b,cpe:2.3:a:w1.fi:wpa_supplicant:0.2.2:*:*:*:*:*:*:*,0.2.2,*,ACTIVE,false,[],GENERIC_UPDATE_ANY,,,
53de0de5-359a-4c6a-bb1c-4a2c579e5552,cpe:2.3:a:w1.fi:wpa_supplicant:0.2.3:*:*:*:*:*:*:*,0.2.3,*,ACTIVE,false,[],GENERIC_UPDATE_ANY,,,
5083c028-1cb5-4fb8-8783-f822823ad277,cpe:2.3:a:w1.fi:wpa_supplicant:0.2.3:pre1:*:*:*:*:*:*,0.2.3,pre1,ACTIVE,false,[],EXPLICIT_PRERELEASE_UPDATE,update,pre1,cpe:2.3:a:w1.fi:wpa_supplicant:0.2.3:*:*:*:*:*:*:*
a93dd540-5144-43d6-b913-8cade6fb1202,cpe:2.3:a:w1.fi:wpa_supplicant:0.2.4:*:*:*:*:*:*:*,0.2.4,*,ACTIVE,false,[],GENERIC_UPDATE_ANY,,,
64116f5f-b6fe-4a91-856a-c967e690fc5a,cpe:2.3:a:w1.fi:wpa_supplicant:0.2.5:*:*:*:*:*:*:*,0.2.5,*,ACTIVE,false,[],GENERIC_UPDATE_ANY,,,
c8fb7b9c-c235-4b81-8615-fac1cd695d9c,cpe:2.3:a:w1.fi:wpa_supplicant:0.2.6:*:*:*:*:*:*:*,0.2.6,*,ACTIVE,false,[],GENERIC_UPDATE_ANY,,,
5facff86-203f-4e63-aa6f-bf8e2b2f6a5c,cpe:2.3:a:w1.fi:wpa_supplicant:0.2.7:*:*:*:*:*:*:*,0.2.7,*,ACTIVE,false,[],GENERIC_UPDATE_ANY,,,
bb810f0b-4ace-4789-9fec-6ada25147940,cpe:2.3:a:w1.fi:wpa_supplicant:0.2.8:*:*:*:*:*:*:*,0.2.8,*,ACTIVE,false,[],GENERIC_UPDATE_ANY,,,
281e1edd-1a21-41d4-adb0-7ce428f6007b,cpe:2.3:a:w1.fi:wpa_supplicant:0.3.0:*:*:*:*:*:*:*,0.3.0,*,ACTIVE,false,[],GENERIC_UPDATE_ANY,,,
9bbbf8ad-6a6e-43c3-bb2b-576df0dc4e34,cpe:2.3:a:w1.fi:wpa_supplicant:0.3.0:pre4:*:*:*:*:*:*,0.3.0,pre4,ACTIVE,false,[],EXPLICIT_PRERELEASE_UPDATE,update,pre4,cpe:2.3:a:w1.fi:wpa_supplicant:0.3.0:*:*:*:*:*:*:*
7af89233-39a1-4098-8abc-c6f5d8571e7d,cpe:2.3:a:w1.fi:wpa_supplicant:0.3.1:*:*:*:*:*:*:*,0.3.1,*,ACTIVE,false,[],GENERIC_UPDATE_ANY,,,
30e490c5-0773-4e2f-88fa-49bed702dfe5,cpe:2.3:a:w1.fi:wpa_supplicant:0.3.10:*:*:*:*:*:*:*,0.3.10,*,ACTIVE,false,[],GENERIC_UPDATE_ANY,,,
e3d93334-b13e-488d-b972-de294dcc09c9,cpe:2.3:a:w1.fi:wpa_supplicant:0.3.11:*:*:*:*:*:*:*,0.3.11,*,ACTIVE,false,[],GENERIC_UPDATE_ANY,,,
beae4db6-1925-4fcc-a978-71cb02885879,cpe:2.3:a:w1.fi:wpa_supplicant:0.3.2:*:*:*:*:*:*:*,0.3.2,*,ACTIVE,false,[],GENERIC_UPDATE_ANY,,,
fe758279-f839-475a-bef4-87259547f080,cpe:2.3:a:w1.fi:wpa_supplicant:0.3.3:*:*:*:*:*:*:*,0.3.3,*,ACTIVE,false,[],GENERIC_UPDATE_ANY,,,
6acaa7c7-74b7-40a5-81bc-57b128b868f3,cpe:2.3:a:w1.fi:wpa_supplicant:0.3.4:*:*:*:*:*:*:*,0.3.4,*,ACTIVE,false,[],GENERIC_UPDATE_ANY,,,
84eebfde-55be-40f7-8860-70ad7a6acb82,cpe:2.3:a:w1.fi:wpa_supplicant:0.3.5:*:*:*:*:*:*:*,0.3.5,*,ACTIVE,false,[],GENERIC_UPDATE_ANY,,,
db1396a5-651f-45e0-8fa1-f7e5c7d530cb,cpe:2.3:a:w1.fi:wpa_supplicant:0.3.6:*:*:*:*:*:*:*,0.3.6,*,ACTIVE,false,[],GENERIC_UPDATE_ANY,,,
1a770c5d-21b8-4879-909b-9f0ab1a72d0d,cpe:2.3:a:w1.fi:wpa_supplicant:0.3.7:*:*:*:*:*:*:*,0.3.7,*,ACTIVE,false,[],GENERIC_UPDATE_ANY,,,
5e5fde2a-e113-49e4-a642-fff9699d3e3d,cpe:2.3:a:w1.fi:wpa_supplicant:0.3.8:*:*:*:*:*:*:*,0.3.8,*,ACTIVE,false,[],GENERIC_UPDATE_ANY,,,
08e8160b-dbd9-4bfa-a34e-e9ec3885e4cb,cpe:2.3:a:w1.fi:wpa_supplicant:0.3.9:*:*:*:*:*:*:*,0.3.9,*,ACTIVE,false,[],GENERIC_UPDATE_ANY,,,
0b5e882e-eeaa-475e-8ba6-6f20a42da8c1,cpe:2.3:a:w1.fi:wpa_supplicant:0.4.0:*:*:*:*:*:*:*,0.4.0,*,ACTIVE,false,[],GENERIC_UPDATE_ANY,,,
1f07c1e7-33d1-4cf0-995c-ef13c2bf1ddf,cpe:2.3:a:w1.fi:wpa_supplicant:0.4.1:*:*:*:*:*:*:*,0.4.1,*,ACTIVE,false,[],GENERIC_UPDATE_ANY,,,
b2a8a4e7-6a0a-4601-84af-3cb07ca83f02,cpe:2.3:a:w1.fi:wpa_supplicant:0.4.10:*:*:*:*:*:*:*,0.4.10,*,ACTIVE,false,[],GENERIC_UPDATE_ANY,,,
c7fc1311-587f-4b0c-8a4f-cd2fe95a7efb,cpe:2.3:a:w1.fi:wpa_supplicant:0.4.11:*:*:*:*:*:*:*,0.4.11,*,ACTIVE,false,[],GENERIC_UPDATE_ANY,,,
7d515eb8-8191-4a8e-a4c1-ea5b2cbb3cb3,cpe:2.3:a:w1.fi:wpa_supplicant:0.4.2:*:*:*:*:*:*:*,0.4.2,*,ACTIVE,false,[],GENERIC_UPDATE_ANY,,,
5c5022cf-f43e-48cc-b2ef-b503fa616429,cpe:2.3:a:w1.fi:wpa_supplicant:0.4.3:*:*:*:*:*:*:*,0.4.3,*,ACTIVE,false,[],GENERIC_UPDATE_ANY,,,
e7b43f08-cf88-4d1a-938a-180337ef67dc,cpe:2.3:a:w1.fi:wpa_supplicant:0.4.4:*:*:*:*:*:*:*,0.4.4,*,ACTIVE,false,[],GENERIC_UPDATE_ANY,,,
3ccae8ee-8a08-4807-a29a-e5b17e9569db,cpe:2.3:a:w1.fi:wpa_supplicant:0.4.5:*:*:*:*:*:*:*,0.4.5,*,ACTIVE,false,[],GENERIC_UPDATE_ANY,,,
b99fe7ff-85e7-45ea-be3a-ed6410686c5e,cpe:2.3:a:w1.fi:wpa_supplicant:0.4.6:*:*:*:*:*:*:*,0.4.6,*,ACTIVE,false,[],GENERIC_UPDATE_ANY,,,
66123a6d-5978-4f96-bcc2-6d0010b888a9,cpe:2.3:a:w1.fi:wpa_supplicant:0.4.7:*:*:*:*:*:*:*,0.4.7,*,ACTIVE,false,[],GENERIC_UPDATE_ANY,,,
47d6ecc3-ec26-49cf-8a2f-2d990b2b3a52,cpe:2.3:a:w1.fi:wpa_supplicant:0.4.8:*:*:*:*:*:*:*,0.4.8,*,ACTIVE,false,[],GENERIC_UPDATE_ANY,,,
0fc3f3fb-4fb3-4af4-ad93-b43fdd28676d,cpe:2.3:a:w1.fi:wpa_supplicant:0.4.9:*:*:*:*:*:*:*,0.4.9,*,ACTIVE,false,[],GENERIC_UPDATE_ANY,,,
6e19dc47-9225-4fd4-8bd6-48aa99110c79,cpe:2.3:a:w1.fi:wpa_supplicant:0.5.0:*:*:*:*:*:*:*,0.5.0,*,ACTIVE,false,[],GENERIC_UPDATE_ANY,,,
2eec2ab7-0f23-4b90-9f80-542806cbb43e,cpe:2.3:a:w1.fi:wpa_supplicant:0.5.1:*:*:*:*:*:*:*,0.5.1,*,ACTIVE,false,[],GENERIC_UPDATE_ANY,,,
57f5b718-8e89-491a-a138-ca4b83e45d49,cpe:2.3:a:w1.fi:wpa_supplicant:0.5.10:*:*:*:*:*:*:*,0.5.10,*,ACTIVE,false,[],GENERIC_UPDATE_ANY,,,
aaaa7783-622b-4016-9b1b-c46ae536a811,cpe:2.3:a:w1.fi:wpa_supplicant:0.5.11:*:*:*:*:*:*:*,0.5.11,*,ACTIVE,false,[],GENERIC_UPDATE_ANY,,,
97ff077e-af7c-4e7c-8a74-a5b01e99370f,cpe:2.3:a:w1.fi:wpa_supplicant:0.5.2:*:*:*:*:*:*:*,0.5.2,*,ACTIVE,false,[],GENERIC_UPDATE_ANY,,,
ca5f8fec-7b6f-492c-8a50-5c6d6b5e9168,cpe:2.3:a:w1.fi:wpa_supplicant:0.5.3:*:*:*:*:*:*:*,0.5.3,*,ACTIVE,false,[],GENERIC_UPDATE_ANY,,,
130c0dc5-de92-4014-a7be-913867132905,cpe:2.3:a:w1.fi:wpa_supplicant:0.5.4:*:*:*:*:*:*:*,0.5.4,*,ACTIVE,false,[],GENERIC_UPDATE_ANY,,,
ffef4a0c-76a9-4ce8-8ce2-07d37b9e91d0,cpe:2.3:a:w1.fi:wpa_supplicant:0.5.5:*:*:*:*:*:*:*,0.5.5,*,ACTIVE,false,[],GENERIC_UPDATE_ANY,,,
6130a67c-17d2-4810-897a-f5bc8f3cc6f2,cpe:2.3:a:w1.fi:wpa_supplicant:0.5.6:*:*:*:*:*:*:*,0.5.6,*,ACTIVE,false,[],GENERIC_UPDATE_ANY,,,
7b769e9d-38ce-4368-a425-d1a3bf3a453d,cpe:2.3:a:w1.fi:wpa_supplicant:0.5.7:*:*:*:*:*:*:*,0.5.7,*,ACTIVE,false,[],GENERIC_UPDATE_ANY,,,
2531bafc-8e2d-4f19-9f8e-221d3fa0628e,cpe:2.3:a:w1.fi:wpa_supplicant:0.5.8:*:*:*:*:*:*:*,0.5.8,*,ACTIVE,false,[],GENERIC_UPDATE_ANY,,,
99fb9d86-e684-498c-a279-e84f5edbd7ae,cpe:2.3:a:w1.fi:wpa_supplicant:0.5.9:*:*:*:*:*:*:*,0.5.9,*,ACTIVE,false,[],GENERIC_UPDATE_ANY,,,
29cdaba7-38a0-4076-8ad2-5e38efbbf79f,cpe:2.3:a:w1.fi:wpa_supplicant:0.6.0:*:*:*:*:*:*:*,0.6.0,*,ACTIVE,false,[],GENERIC_UPDATE_ANY,,,
2258be06-dbef-450d-92d9-f38e69fe2a8c,cpe:2.3:a:w1.fi:wpa_supplicant:0.6.1:*:*:*:*:*:*:*,0.6.1,*,ACTIVE,false,[],GENERIC_UPDATE_ANY,,,
cc95cf20-aec7-42d9-861f-9d1d9a1c6f05,cpe:2.3:a:w1.fi:wpa_supplicant:0.6.10:*:*:*:*:*:*:*,0.6.10,*,ACTIVE,false,[],GENERIC_UPDATE_ANY,,,
34fb5ee4-3af6-4874-9f9d-879d195b59f6,cpe:2.3:a:w1.fi:wpa_supplicant:0.6.2:*:*:*:*:*:*:*,0.6.2,*,ACTIVE,false,[],GENERIC_UPDATE_ANY,,,
51216922-ea8e-4c20-9bd0-ae7b7348a570,cpe:2.3:a:w1.fi:wpa_supplicant:0.6.3:*:*:*:*:*:*:*,0.6.3,*,ACTIVE,false,[],GENERIC_UPDATE_ANY,,,
d680bbfe-d2ca-48c8-b34f-a9e202887a18,cpe:2.3:a:w1.fi:wpa_supplicant:0.6.4:*:*:*:*:*:*:*,0.6.4,*,ACTIVE,false,[],GENERIC_UPDATE_ANY,,,
474ee3f3-a08d-4c84-87a3-92de21a3cf2c,cpe:2.3:a:w1.fi:wpa_supplicant:0.6.5:*:*:*:*:*:*:*,0.6.5,*,ACTIVE,false,[],GENERIC_UPDATE_ANY,,,
02954247-3d6e-4060-92d3-7aefb7242e50,cpe:2.3:a:w1.fi:wpa_supplicant:0.6.6:*:*:*:*:*:*:*,0.6.6,*,ACTIVE,false,[],GENERIC_UPDATE_ANY,,,
7b9d5e01-0a22-48c3-ba91-6742c6a98d56,cpe:2.3:a:w1.fi:wpa_supplicant:0.6.7:*:*:*:*:*:*:*,0.6.7,*,ACTIVE,false,[],GENERIC_UPDATE_ANY,,,
8aecd669-4de5-446f-893a-67b0d8e85ba1,cpe:2.3:a:w1.fi:wpa_supplicant:0.6.8:*:*:*:*:*:*:*,0.6.8,*,ACTIVE,false,[],GENERIC_UPDATE_ANY,,,
4673cedf-0589-48d5-aab8-5df237ba2db5,cpe:2.3:a:w1.fi:wpa_supplicant:0.6.9:*:*:*:*:*:*:*,0.6.9,*,ACTIVE,false,[],GENERIC_UPDATE_ANY,,,
0b602e7a-4eed-4403-bbab-19063b085f72,cpe:2.3:a:w1.fi:wpa_supplicant:0.7.0:*:*:*:*:*:*:*,0.7.0,*,ACTIVE,false,[],GENERIC_UPDATE_ANY,,,
80b6cadd-eb99-4fdc-919c-99fde0053d5e,cpe:2.3:a:w1.fi:wpa_supplicant:0.7.1:*:*:*:*:*:*:*,0.7.1,*,ACTIVE,false,[],GENERIC_UPDATE_ANY,,,
79b1fc01-b98b-4541-a943-3a3fc689282e,cpe:2.3:a:w1.fi:wpa_supplicant:0.7.2:*:*:*:*:*:*:*,0.7.2,*,ACTIVE,false,[],GENERIC_UPDATE_ANY,,,
7aed57c6-6e4f-4216-97b7-15751d6b51b0,cpe:2.3:a:w1.fi:wpa_supplicant:0.72:*:*:*:*:*:*:*,0.72,*,ACTIVE,false,[],GENERIC_UPDATE_ANY,,,
65674034-23bf-4075-ae2b-971650ed5fc7,cpe:2.3:a:w1.fi:wpa_supplicant:0.7.3:*:*:*:*:*:*:*,0.7.3,*,ACTIVE,false,[],GENERIC_UPDATE_ANY,,,
d34558af-8095-4910-b3a3-0fd6cc869766,cpe:2.3:a:w1.fi:wpa_supplicant:1.0:*:*:*:*:*:*:*,1.0,*,ACTIVE,false,[],GENERIC_UPDATE_ANY,,,
33f7d108-2cde-4a99-a1ea-2388fc90cb38,cpe:2.3:a:w1.fi:wpa_supplicant:1.1:*:*:*:*:*:*:*,1.1,*,ACTIVE,false,[],GENERIC_UPDATE_ANY,,,
3787db8d-86d8-4e66-ac9e-f343d3bb8ebb,cpe:2.3:a:w1.fi:wpa_supplicant:2.0:*:*:*:*:*:*:*,2.0,*,ACTIVE,false,[],GENERIC_UPDATE_ANY,,,
63687f06-259e-4922-90bc-16b3601e23d8,cpe:2.3:a:w1.fi:wpa_supplicant:2.0-16:*:*:*:*:*:*:*,2.0-16,*,ACTIVE,false,[],GENERIC_UPDATE_ANY,,,
69cadc67-e89a-4600-9544-5265485b0019,cpe:2.3:a:w1.fi:wpa_supplicant:2.1:*:*:*:*:*:*:*,2.1,*,ACTIVE,false,[],GENERIC_UPDATE_ANY,,,
7addfd4a-7c1e-4696-bf57-307e3c9162d6,cpe:2.3:a:w1.fi:wpa_supplicant:2.10:*:*:*:*:*:*:*,2.10,*,ACTIVE,false,[],GENERIC_UPDATE_ANY,,,
e7ed8502-286e-49bb-a517-8ea510e6c7d1,cpe:2.3:a:w1.fi:wpa_supplicant:2.2:*:*:*:*:*:*:*,2.2,*,ACTIVE,false,[],GENERIC_UPDATE_ANY,,,
c87bf061-2461-455f-8aaf-9effdbdae105,cpe:2.3:a:w1.fi:wpa_supplicant:2.3:*:*:*:*:*:*:*,2.3,*,ACTIVE,false,[],GENERIC_UPDATE_ANY,,,
ec0ec087-1fdd-4d59-a641-8053709fe465,cpe:2.3:a:w1.fi:wpa_supplicant:2.4:*:*:*:*:*:*:*,2.4,*,ACTIVE,false,[],GENERIC_UPDATE_ANY,,,
e57317cc-1944-4f93-9bd2-f88a45d692c7,cpe:2.3:a:w1.fi:wpa_supplicant:2.5:*:*:*:*:*:*:*,2.5,*,ACTIVE,false,[],GENERIC_UPDATE_ANY,,,
82dfbd1d-4bbf-4711-8e00-ac992d201e27,cpe:2.3:a:w1.fi:wpa_supplicant:2.6:*:*:*:*:*:*:*,2.6,*,ACTIVE,false,[],GENERIC_UPDATE_ANY,,,
6dcda77d-02cc-4875-9f49-cdd88cd07f98,cpe:2.3:a:w1.fi:wpa_supplicant:2.7:*:*:*:*:*:*:*,2.7,*,ACTIVE,false,[],GENERIC_UPDATE_ANY,,,
fa8a5706-6968-45e5-b12c-34c8a7212040,cpe:2.3:a:w1.fi:wpa_supplicant:2.8:*:*:*:*:*:*:*,2.8,*,ACTIVE,false,[],GENERIC_UPDATE_ANY,,,
5f7a44e8-2aee-4263-a065-539b7c8694d5,cpe:2.3:a:w1.fi:wpa_supplicant:2.9:*:*:*:*:*:*:*,2.9,*,ACTIVE,false,[],GENERIC_UPDATE_ANY,,,
