component_id,name,part,vendor,product,dictionary_active_tuple_count,dictionary_deprecated_tuple_count,configuration_gate_passed,configuration_match,criteria,match_criteria_id,criteria_version,version_start_including,version_start_excluding,version_end_including,version_end_excluding,occurrence_count,distinct_cve_count,stable_template_status,proposed_gt_cpe,human_validation_required,notes
199619,apn_db,a,teltonika,apn_db,0,0,true,false,,,,,,,,0,0,NOT_APPLICABLE_NO_MATCH,,false,Gate passed; fixed NVD snapshot contains no criteria for the verified tuple.
199620,avl,a,teltonika,avl_sender,0,0,true,false,,,,,,,,0,0,NOT_APPLICABLE_NO_MATCH,,false,Gate passed; fixed NVD snapshot contains no criteria for the verified tuple.
199652,data-sender,a,teltonika,data_sender,0,0,true,false,,,,,,,,0,0,NOT_APPLICABLE_NO_MATCH,,false,Gate passed; fixed NVD snapshot contains no criteria for the verified tuple.
199654,ddns-scripts,a,teltonika,ddns_scripts,0,0,true,false,,,,,,,,0,0,NOT_APPLICABLE_NO_MATCH,,false,Gate passed; fixed NVD snapshot contains no criteria for the verified tuple.
199658,dfota,a,teltonika,dfota,0,0,true,false,,,,,,,,0,0,NOT_APPLICABLE_NO_MATCH,,false,Gate passed; fixed NVD snapshot contains no criteria for the verified tuple.
199662,esim-lpac,a,teltonika,lpac_manager,0,0,true,false,,,,,,,,0,0,NOT_APPLICABLE_NO_MATCH,,false,Gate passed; fixed NVD snapshot contains no criteria for the verified tuple.
199664,event-juggler,a,teltonika,event_juggler,0,0,true,false,,,,,,,,0,0,NOT_APPLICABLE_NO_MATCH,,false,Gate passed; fixed NVD snapshot contains no criteria for the verified tuple.
199666,ezopcua,a,teltonika,ezopcua,0,0,true,false,,,,,,,,0,0,NOT_APPLICABLE_NO_MATCH,,false,Gate passed; fixed NVD snapshot contains no criteria for the verified tuple.
199667,firewall,a,openwrt,firewall,0,0,true,false,,,,,,,,0,0,NOT_APPLICABLE_NO_MATCH,,false,Gate passed; fixed NVD snapshot contains no criteria for the verified tuple.
199668,fmt-usb-msd,a,teltonika,fmt_usb_msd,0,0,true,false,,,,,,,,0,0,NOT_APPLICABLE_NO_MATCH,,false,Gate passed; fixed NVD snapshot contains no criteria for the verified tuple.
199669,fstools,a,openwrt,fstools,0,0,true,false,,,,,,,,0,0,NOT_APPLICABLE_NO_MATCH,,false,Gate passed; fixed NVD snapshot contains no criteria for the verified tuple.
199670,fwcert,a,openwrt,fwcert,0,0,true,false,,,,,,,,0,0,NOT_APPLICABLE_NO_MATCH,,false,Gate passed; fixed NVD snapshot contains no criteria for the verified tuple.
199671,fwtool,a,openwrt,fwtool,0,0,true,false,,,,,,,,0,0,NOT_APPLICABLE_NO_MATCH,,false,Gate passed; fixed NVD snapshot contains no criteria for the verified tuple.
199672,getrandom,a,openwrt,ubox,0,0,true,false,,,,,,,,0,0,NOT_APPLICABLE_NO_MATCH,,false,Gate passed; fixed NVD snapshot contains no criteria for the verified tuple.
199673,gkeepalive,a,teltonika,gkeepalive,0,0,true,false,,,,,,,,0,0,NOT_APPLICABLE_NO_MATCH,,false,Gate passed; fixed NVD snapshot contains no criteria for the verified tuple.
199674,gpiod-tools,a,libgpiod_project,libgpiod,0,0,true,false,,,,,,,,0,0,NOT_APPLICABLE_NO_MATCH,,false,Gate passed; fixed NVD snapshot contains no criteria for the verified tuple.
199675,gpsctl,a,teltonika,teltonika_gps_service,0,0,true,false,,,,,,,,0,0,NOT_APPLICABLE_NO_MATCH,,false,Gate passed; fixed NVD snapshot contains no criteria for the verified tuple.
199676,gpsd,a,teltonika,teltonika_gps_service,0,0,true,false,,,,,,,,0,0,NOT_APPLICABLE_NO_MATCH,,false,Gate passed; fixed NVD snapshot contains no criteria for the verified tuple.
199678,gsmctl,a,teltonika,teltonika_gsm_service,0,0,true,false,,,,,,,,0,0,NOT_APPLICABLE_NO_MATCH,,false,Gate passed; fixed NVD snapshot contains no criteria for the verified tuple.
199679,gsmd,a,teltonika,teltonika_gsm_service,0,0,true,false,,,,,,,,0,0,NOT_APPLICABLE_NO_MATCH,,false,Gate passed; fixed NVD snapshot contains no criteria for the verified tuple.
199681,io_scheduler,a,teltonika,io_scheduler,0,0,true,false,,,,,,,,0,0,NOT_APPLICABLE_NO_MATCH,,false,Gate passed; fixed NVD snapshot contains no criteria for the verified tuple.
199682,iomand1.0,a,teltonika,iomand1.0,0,0,true,false,,,,,,,,0,0,NOT_APPLICABLE_NO_MATCH,,false,Gate passed; fixed NVD snapshot contains no criteria for the verified tuple.
199685,ip_blockd,a,teltonika,ip_blockd,0,0,true,false,,,,,,,,0,0,NOT_APPLICABLE_NO_MATCH,,false,Gate passed; fixed NVD snapshot contains no criteria for the verified tuple.
199692,iwinfo,a,openwrt,iwinfo,0,0,true,false,,,,,,,,0,0,NOT_APPLICABLE_NO_MATCH,,false,Gate passed; fixed NVD snapshot contains no criteria for the verified tuple.
199693,jshn,a,openwrt,libubox,0,0,true,false,,,,,,,,0,0,NOT_APPLICABLE_NO_MATCH,,false,Gate passed; fixed NVD snapshot contains no criteria for the verified tuple.
199694,jsonfilter,a,openwrt,jsonfilter,0,0,true,false,,,,,,,,0,0,NOT_APPLICABLE_NO_MATCH,,false,Gate passed; fixed NVD snapshot contains no criteria for the verified tuple.
199839,ledman-full,a,teltonika,ledman_full,0,0,true,false,,,,,,,,0,0,NOT_APPLICABLE_NO_MATCH,,false,Gate passed; fixed NVD snapshot contains no criteria for the verified tuple.
199840,libapi20241125,a,teltonika,libapi20241125,0,0,true,false,,,,,,,,0,0,NOT_APPLICABLE_NO_MATCH,,false,Gate passed; fixed NVD snapshot contains no criteria for the verified tuple.
199843,libblobmsg-json20240329,a,openwrt,libubox,0,0,true,false,,,,,,,,0,0,NOT_APPLICABLE_NO_MATCH,,false,Gate passed; fixed NVD snapshot contains no criteria for the verified tuple.
199844,libboardjson,a,teltonika,libboardjson,0,0,true,false,,,,,,,,0,0,NOT_APPLICABLE_NO_MATCH,,false,Gate passed; fixed NVD snapshot contains no criteria for the verified tuple.
199850,libcfg20250129,a,teltonika,libcfg20250129,0,0,true,false,,,,,,,,0,0,NOT_APPLICABLE_NO_MATCH,,false,Gate passed; fixed NVD snapshot contains no criteria for the verified tuple.
199851,libcfgx,a,teltonika,libcfgx,0,0,true,false,,,,,,,,0,0,NOT_APPLICABLE_NO_MATCH,,false,Gate passed; fixed NVD snapshot contains no criteria for the verified tuple.
199852,libcgi,a,libcgi_project,libcgi,0,0,true,false,,,,,,,,0,0,NOT_APPLICABLE_NO_MATCH,,false,Gate passed; fixed NVD snapshot contains no criteria for the verified tuple.
199857,libgpiod,a,libgpiod_project,libgpiod,0,0,true,false,,,,,,,,0,0,NOT_APPLICABLE_NO_MATCH,,false,Gate passed; fixed NVD snapshot contains no criteria for the verified tuple.
199858,libgps,a,teltonika,teltonika_gps_service,0,0,true,false,,,,,,,,0,0,NOT_APPLICABLE_NO_MATCH,,false,Gate passed; fixed NVD snapshot contains no criteria for the verified tuple.
199859,libgsm1.0,a,teltonika,teltonika_gsm_service,0,0,true,false,,,,,,,,0,0,NOT_APPLICABLE_NO_MATCH,,false,Gate passed; fixed NVD snapshot contains no criteria for the verified tuple.
199865,libiwinfo20230121,a,openwrt,iwinfo,0,0,true,false,,,,,,,,0,0,NOT_APPLICABLE_NO_MATCH,,false,Gate passed; fixed NVD snapshot contains no criteria for the verified tuple.
199867,libjson-script20240329,a,openwrt,libubox,0,0,true,false,,,,,,,,0,0,NOT_APPLICABLE_NO_MATCH,,false,Gate passed; fixed NVD snapshot contains no criteria for the verified tuple.
199868,liblog,a,teltonika,liblog,0,0,true,false,,,,,,,,0,0,NOT_APPLICABLE_NO_MATCH,,false,Gate passed; fixed NVD snapshot contains no criteria for the verified tuple.
199869,liblpac,a,teltonika,lpac_manager,0,0,true,false,,,,,,,,0,0,NOT_APPLICABLE_NO_MATCH,,false,Gate passed; fixed NVD snapshot contains no criteria for the verified tuple.
199872,libmctl,a,teltonika,mctl,0,0,true,false,,,,,,,,0,0,NOT_APPLICABLE_NO_MATCH,,false,Gate passed; fixed NVD snapshot contains no criteria for the verified tuple.
199873,libmdcollect,a,teltonika,mobile_data_collector,0,0,true,false,,,,,,,,0,0,NOT_APPLICABLE_NO_MATCH,,false,Gate passed; fixed NVD snapshot contains no criteria for the verified tuple.
199874,libmnfinfo,a,teltonika,manufacturer_information,0,0,true,false,,,,,,,,0,0,NOT_APPLICABLE_NO_MATCH,,false,Gate passed; fixed NVD snapshot contains no criteria for the verified tuple.
199879,libnetifd,a,teltonika,libnetifd,0,0,true,false,,,,,,,,0,0,NOT_APPLICABLE_NO_MATCH,,false,Gate passed; fixed NVD snapshot contains no criteria for the verified tuple.
199885,libnl-tiny2023-04-02,a,openwrt,libnl_tiny2023_04_02,0,0,true,false,,,,,,,,0,0,NOT_APPLICABLE_NO_MATCH,,false,Gate passed; fixed NVD snapshot contains no criteria for the verified tuple.
199889,libparam,a,teltonika,libparam,0,0,true,false,,,,,,,,0,0,NOT_APPLICABLE_NO_MATCH,,false,Gate passed; fixed NVD snapshot contains no criteria for the verified tuple.
199893,librms,a,teltonika,librms,0,0,true,false,,,,,,,,0,0,NOT_APPLICABLE_NO_MATCH,,false,Gate passed; fixed NVD snapshot contains no criteria for the verified tuple.
199895,librut_fota,a,teltonika,rut_fota,0,0,true,false,,,,,,,,0,0,NOT_APPLICABLE_NO_MATCH,,false,Gate passed; fixed NVD snapshot contains no criteria for the verified tuple.
199899,libtlt-logger,a,teltonika,libtlt_logger,0,0,true,false,,,,,,,,0,0,NOT_APPLICABLE_NO_MATCH,,false,Gate passed; fixed NVD snapshot contains no criteria for the verified tuple.
199900,libtlt_smtp,a,teltonika,libtlt_smtp,0,0,true,false,,,,,,,,0,0,NOT_APPLICABLE_NO_MATCH,,false,Gate passed; fixed NVD snapshot contains no criteria for the verified tuple.
199901,libtlt_termios1.0,a,teltonika,libtlt_termios1.0,0,0,true,false,,,,,,,,0,0,NOT_APPLICABLE_NO_MATCH,,false,Gate passed; fixed NVD snapshot contains no criteria for the verified tuple.
199902,libtlt_uci,a,teltonika,libtlt_uci,0,0,true,false,,,,,,,,0,0,NOT_APPLICABLE_NO_MATCH,,false,Gate passed; fixed NVD snapshot contains no criteria for the verified tuple.
199903,libtlt_uqmi,a,teltonika,teltonika_uqmi,0,0,true,false,,,,,,,,0,0,NOT_APPLICABLE_NO_MATCH,,false,Gate passed; fixed NVD snapshot contains no criteria for the verified tuple.
199905,libubox20240329,a,openwrt,libubox,0,0,true,false,,,,,,,,0,0,NOT_APPLICABLE_NO_MATCH,,false,Gate passed; fixed NVD snapshot contains no criteria for the verified tuple.
199907,libubus20210630,a,openwrt,ubus,0,0,true,false,,,,,,,,0,0,NOT_APPLICABLE_NO_MATCH,,false,Gate passed; fixed NVD snapshot contains no criteria for the verified tuple.
199909,libuci20130104,a,openwrt,uci,0,0,true,false,,,,,,,,0,0,NOT_APPLICABLE_NO_MATCH,,false,Gate passed; fixed NVD snapshot contains no criteria for the verified tuple.
199910,libuclient20201210,a,openwrt,uclient,0,0,true,false,,,,,,,,0,0,NOT_APPLICABLE_NO_MATCH,,false,Gate passed; fixed NVD snapshot contains no criteria for the verified tuple.
199911,libucode20220812,a,openwrt,ucode,0,0,true,false,,,,,,,,0,0,NOT_APPLICABLE_NO_MATCH,,false,Gate passed; fixed NVD snapshot contains no criteria for the verified tuple.
199912,liburc,a,teltonika,teltonika_gsm_service,0,0,true,false,,,,,,,,0,0,NOT_APPLICABLE_NO_MATCH,,false,Gate passed; fixed NVD snapshot contains no criteria for the verified tuple.
199914,libustream-openssl20201210,a,openwrt,libustream_openssl20201210,0,0,true,false,,,,,,,,0,0,NOT_APPLICABLE_NO_MATCH,,false,Gate passed; fixed NVD snapshot contains no criteria for the verified tuple.
199917,logd,a,openwrt,ubox,0,0,true,false,,,,,,,,0,0,NOT_APPLICABLE_NO_MATCH,,false,Gate passed; fixed NVD snapshot contains no criteria for the verified tuple.
199919,lsqlite3,a,luasqlite3_project,luasqlite3,0,0,true,false,,,,,,,,0,0,NOT_APPLICABLE_NO_MATCH,,false,Gate passed; fixed NVD snapshot contains no criteria for the verified tuple.
199924,luasec,a,luasec_project,luasec,0,0,true,false,,,,,,,,0,0,NOT_APPLICABLE_NO_MATCH,,false,Gate passed; fixed NVD snapshot contains no criteria for the verified tuple.
199925,luasocket,a,luasocket_project,luasocket,0,0,true,false,,,,,,,,0,0,NOT_APPLICABLE_NO_MATCH,,false,Gate passed; fixed NVD snapshot contains no criteria for the verified tuple.
199929,macchina-gateway,a,teltonika,macchina_gateway,0,0,true,false,,,,,,,,0,0,NOT_APPLICABLE_NO_MATCH,,false,Gate passed; fixed NVD snapshot contains no criteria for the verified tuple.
199931,mctl,a,teltonika,mctl,0,0,true,false,,,,,,,,0,0,NOT_APPLICABLE_NO_MATCH,,false,Gate passed; fixed NVD snapshot contains no criteria for the verified tuple.
199932,mdcollectd,a,teltonika,mobile_data_collector,0,0,true,false,,,,,,,,0,0,NOT_APPLICABLE_NO_MATCH,,false,Gate passed; fixed NVD snapshot contains no criteria for the verified tuple.
199934,mnfinfo,a,teltonika,manufacturer_information,0,0,true,false,,,,,,,,0,0,NOT_APPLICABLE_NO_MATCH,,false,Gate passed; fixed NVD snapshot contains no criteria for the verified tuple.
199935,mobifd,a,teltonika,mobifd,0,0,true,false,,,,,,,,0,0,NOT_APPLICABLE_NO_MATCH,,false,Gate passed; fixed NVD snapshot contains no criteria for the verified tuple.
199936,mobutils-call_utilities,a,teltonika,mobile_utilities,0,0,true,false,,,,,,,,0,0,NOT_APPLICABLE_NO_MATCH,,false,Gate passed; fixed NVD snapshot contains no criteria for the verified tuple.
199937,mobutils-sms_utilities,a,teltonika,mobile_utilities,0,0,true,false,,,,,,,,0,0,NOT_APPLICABLE_NO_MATCH,,false,Gate passed; fixed NVD snapshot contains no criteria for the verified tuple.
199939,modbus_client,a,teltonika,modbus_client,0,0,true,false,,,,,,,,0,0,NOT_APPLICABLE_NO_MATCH,,false,Gate passed; fixed NVD snapshot contains no criteria for the verified tuple.
199940,modbus_server,a,teltonika,modbus_server,0,0,true,false,,,,,,,,0,0,NOT_APPLICABLE_NO_MATCH,,false,Gate passed; fixed NVD snapshot contains no criteria for the verified tuple.
199941,modbusgwd,a,teltonika,modbusgwd,0,0,true,false,,,,,,,,0,0,NOT_APPLICABLE_NO_MATCH,,false,Gate passed; fixed NVD snapshot contains no criteria for the verified tuple.
199942,modem_control,a,teltonika,modem_control,0,0,true,false,,,,,,,,0,0,NOT_APPLICABLE_NO_MATCH,,false,Gate passed; fixed NVD snapshot contains no criteria for the verified tuple.
199943,modem_trackd,a,teltonika,mctl,0,0,true,false,,,,,,,,0,0,NOT_APPLICABLE_NO_MATCH,,false,Gate passed; fixed NVD snapshot contains no criteria for the verified tuple.
199945,mqtt-modbus-gateway,a,teltonika,mqtt_modbus_gateway,0,0,true,false,,,,,,,,0,0,NOT_APPLICABLE_NO_MATCH,,false,Gate passed; fixed NVD snapshot contains no criteria for the verified tuple.
199946,mtd,a,openwrt,mtd,0,0,true,false,,,,,,,,0,0,NOT_APPLICABLE_NO_MATCH,,false,Gate passed; fixed NVD snapshot contains no criteria for the verified tuple.
199947,multiple_ap,a,teltonika,multiple_ap,0,0,true,false,,,,,,,,0,0,NOT_APPLICABLE_NO_MATCH,,false,Gate passed; fixed NVD snapshot contains no criteria for the verified tuple.
199948,mwan3,a,openwrt,mwan3,0,0,true,false,,,,,,,,0,0,NOT_APPLICABLE_NO_MATCH,,false,Gate passed; fixed NVD snapshot contains no criteria for the verified tuple.
199949,netifd,a,openwrt,netifd,0,0,true,false,,,,,,,,0,0,NOT_APPLICABLE_NO_MATCH,,false,Gate passed; fixed NVD snapshot contains no criteria for the verified tuple.
199950,ntp_gps,a,teltonika,gps_ntp_service,0,0,true,false,,,,,,,,0,0,NOT_APPLICABLE_NO_MATCH,,false,Gate passed; fixed NVD snapshot contains no criteria for the verified tuple.
199951,ntpclient,a,teltonika,ntpclient,0,0,true,false,,,,,,,,0,0,NOT_APPLICABLE_NO_MATCH,,false,Gate passed; fixed NVD snapshot contains no criteria for the verified tuple.
199952,odhcp6c,a,openwrt,odhcp6c,0,0,true,false,,,,,,,,0,0,NOT_APPLICABLE_NO_MATCH,,false,Gate passed; fixed NVD snapshot contains no criteria for the verified tuple.
199953,odhcpd-ipv6only,a,openwrt,odhcpd_ipv6only,0,0,true,false,,,,,,,,0,0,NOT_APPLICABLE_NO_MATCH,,false,Gate passed; fixed NVD snapshot contains no criteria for the verified tuple.
199954,opcua_client,a,teltonika,opcua_client,0,0,true,false,,,,,,,,0,0,NOT_APPLICABLE_NO_MATCH,,false,Gate passed; fixed NVD snapshot contains no criteria for the verified tuple.
199955,opcua_server,a,teltonika,opcua_server,0,0,true,false,,,,,,,,0,0,NOT_APPLICABLE_NO_MATCH,,false,Gate passed; fixed NVD snapshot contains no criteria for the verified tuple.
199961,opkg,a,openwrt,opkg,0,0,true,false,,,,,,,,0,0,NOT_APPLICABLE_NO_MATCH,,false,Gate passed; fixed NVD snapshot contains no criteria for the verified tuple.
199962,package_restore,a,teltonika,package_restore,0,0,true,false,,,,,,,,0,0,NOT_APPLICABLE_NO_MATCH,,false,Gate passed; fixed NVD snapshot contains no criteria for the verified tuple.
199963,pcom_master,a,teltonika,pcom_master,0,0,true,false,,,,,,,,0,0,NOT_APPLICABLE_NO_MATCH,,false,Gate passed; fixed NVD snapshot contains no criteria for the verified tuple.
199964,port_eventsd,a,teltonika,port_eventsd,0,0,true,false,,,,,,,,0,0,NOT_APPLICABLE_NO_MATCH,,false,Gate passed; fixed NVD snapshot contains no criteria for the verified tuple.
199967,post-get,a,teltonika,post_get,0,0,true,false,,,,,,,,0,0,NOT_APPLICABLE_NO_MATCH,,false,Gate passed; fixed NVD snapshot contains no criteria for the verified tuple.
199972,pptpd,a,poptop,pptpd,0,0,true,false,,,,,,,,0,0,NOT_APPLICABLE_NO_MATCH,,false,Gate passed; fixed NVD snapshot contains no criteria for the verified tuple.
199974,procd,a,openwrt,procd,0,0,true,false,,,,,,,,0,0,NOT_APPLICABLE_NO_MATCH,,false,Gate passed; fixed NVD snapshot contains no criteria for the verified tuple.
199975,profiler,a,teltonika,profiler,0,0,true,false,,,,,,,,0,0,NOT_APPLICABLE_NO_MATCH,,false,Gate passed; fixed NVD snapshot contains no criteria for the verified tuple.
199976,quota_limit,a,teltonika,quota_limit,0,0,true,false,,,,,,,,0,0,NOT_APPLICABLE_NO_MATCH,,false,Gate passed; fixed NVD snapshot contains no criteria for the verified tuple.
199977,reboot_utils-periodic,a,teltonika,reboot_utilities,0,0,true,false,,,,,,,,0,0,NOT_APPLICABLE_NO_MATCH,,false,Gate passed; fixed NVD snapshot contains no criteria for the verified tuple.
199978,reboot_utils-ping,a,teltonika,reboot_utilities,0,0,true,false,,,,,,,,0,0,NOT_APPLICABLE_NO_MATCH,,false,Gate passed; fixed NVD snapshot contains no criteria for the verified tuple.
199980,resolveip,a,openwrt,resolveip,0,0,true,false,,,,,,,,0,0,NOT_APPLICABLE_NO_MATCH,,false,Gate passed; fixed NVD snapshot contains no criteria for the verified tuple.
199981,rpc_esim,a,teltonika,rpc_esim,0,0,true,false,,,,,,,,0,0,NOT_APPLICABLE_NO_MATCH,,false,Gate passed; fixed NVD snapshot contains no criteria for the verified tuple.
199988,rpcd,a,openwrt,rpcd,0,0,true,false,,,,,,,,0,0,NOT_APPLICABLE_NO_MATCH,,false,Gate passed; fixed NVD snapshot contains no criteria for the verified tuple.
199989,rut_fota,a,teltonika,rut_fota,0,0,true,false,,,,,,,,0,0,NOT_APPLICABLE_NO_MATCH,,false,Gate passed; fixed NVD snapshot contains no criteria for the verified tuple.
199990,serial,a,teltonika,serial,0,0,true,false,,,,,,,,0,0,NOT_APPLICABLE_NO_MATCH,,false,Gate passed; fixed NVD snapshot contains no criteria for the verified tuple.
199992,sim_switch,a,teltonika,sim_switch,0,0,true,false,,,,,,,,0,0,NOT_APPLICABLE_NO_MATCH,,false,Gate passed; fixed NVD snapshot contains no criteria for the verified tuple.
199993,snsupdate,a,teltonika,snsupdate,0,0,true,false,,,,,,,,0,0,NOT_APPLICABLE_NO_MATCH,,false,Gate passed; fixed NVD snapshot contains no criteria for the verified tuple.
199994,sodog-tlt,a,teltonika,sodog_tlt,0,0,true,false,,,,,,,,0,0,NOT_APPLICABLE_NO_MATCH,,false,Gate passed; fixed NVD snapshot contains no criteria for the verified tuple.
199995,storage-memory-expansion,a,teltonika,storage_memory_expansion,0,0,true,false,,,,,,,,0,0,NOT_APPLICABLE_NO_MATCH,,false,Gate passed; fixed NVD snapshot contains no criteria for the verified tuple.
200024,swanmon,a,openwrt,swanmon,0,0,true,false,,,,,,,,0,0,NOT_APPLICABLE_NO_MATCH,,false,Gate passed; fixed NVD snapshot contains no criteria for the verified tuple.
200025,swconfig,a,openwrt,swconfig,0,0,true,false,,,,,,,,0,0,NOT_APPLICABLE_NO_MATCH,,false,Gate passed; fixed NVD snapshot contains no criteria for the verified tuple.
200027,troubleshoot,a,teltonika,troubleshoot,0,0,true,false,,,,,,,,0,0,NOT_APPLICABLE_NO_MATCH,,false,Gate passed; fixed NVD snapshot contains no criteria for the verified tuple.
200029,ubox,a,openwrt,ubox,0,0,true,false,,,,,,,,0,0,NOT_APPLICABLE_NO_MATCH,,false,Gate passed; fixed NVD snapshot contains no criteria for the verified tuple.
200030,ubus,a,openwrt,ubus,0,0,true,false,,,,,,,,0,0,NOT_APPLICABLE_NO_MATCH,,false,Gate passed; fixed NVD snapshot contains no criteria for the verified tuple.
200031,ubusd,a,openwrt,ubus,0,0,true,false,,,,,,,,0,0,NOT_APPLICABLE_NO_MATCH,,false,Gate passed; fixed NVD snapshot contains no criteria for the verified tuple.
200033,uci,a,openwrt,uci,0,0,true,false,,,,,,,,0,0,NOT_APPLICABLE_NO_MATCH,,false,Gate passed; fixed NVD snapshot contains no criteria for the verified tuple.
200034,uclient-fetch,a,openwrt,uclient,0,0,true,false,,,,,,,,0,0,NOT_APPLICABLE_NO_MATCH,,false,Gate passed; fixed NVD snapshot contains no criteria for the verified tuple.
200040,ucode,a,openwrt,ucode,0,0,true,false,,,,,,,,0,0,NOT_APPLICABLE_NO_MATCH,,false,Gate passed; fixed NVD snapshot contains no criteria for the verified tuple.
200043,uhttpd,a,openwrt,uhttpd,0,0,true,false,,,,,,,,0,0,NOT_APPLICABLE_NO_MATCH,,false,Gate passed; fixed NVD snapshot contains no criteria for the verified tuple.
200044,uqmi,a,teltonika,teltonika_uqmi,0,0,true,false,,,,,,,,0,0,NOT_APPLICABLE_NO_MATCH,,false,Gate passed; fixed NVD snapshot contains no criteria for the verified tuple.
200045,urandom-seed,a,openwrt,urandom_seed,0,0,true,false,,,,,,,,0,0,NOT_APPLICABLE_NO_MATCH,,false,Gate passed; fixed NVD snapshot contains no criteria for the verified tuple.
200046,urcd,a,teltonika,urcd,0,0,true,false,,,,,,,,0,0,NOT_APPLICABLE_NO_MATCH,,false,Gate passed; fixed NVD snapshot contains no criteria for the verified tuple.
200047,urngd,a,openwrt,urngd,0,0,true,false,,,,,,,,0,0,NOT_APPLICABLE_NO_MATCH,,false,Gate passed; fixed NVD snapshot contains no criteria for the verified tuple.
200048,usign,a,openwrt,usign,0,0,true,false,,,,,,,,0,0,NOT_APPLICABLE_NO_MATCH,,false,Gate passed; fixed NVD snapshot contains no criteria for the verified tuple.
200191,xl2tpd,a,xelerance,xl2tpd,0,0,true,false,,,,,,,,0,0,NOT_APPLICABLE_NO_MATCH,,false,Gate passed; fixed NVD snapshot contains no criteria for the verified tuple.
