component_id,component_name,sbom_version,source,source_name,description,depends,representative_paths,sibling_packages,package_role,product_identity_status,actual_product,actual_product_version,canonical_gt_cpe,group_type,duplicate_group_id,duplicate_group_status,representative_component,current_gt_cpe,recommended_gt_cpe,current_validation_result,recommended_validation_result,recommendation,reason,expected_discrepancy_after_change,exact_firmware_evidence
199623,busybox,1.34.1-79.7,package/utils/busybox,busybox,"The Swiss Army Knife of embedded Linux.
It slices, it dices, it makes Julian Fries.","libc, jsonfilter, libubus20210630, libubox20240329, liblog, liblog, libnetifd, libuci20130104",/bin/dmesg | /usr/bin/id | /etc/init.d/cron | /etc/config/ntpserver | /usr/share/acl.d/ntpd.json | /lib/upgrade/keep.d/busybox,busybox,PRODUCT_OR_MAIN_PACKAGE,DIRECT_PRODUCT_CANDIDATE,BusyBox,1.34.1,cpe:2.3:a:busybox:busybox:1.34.1:*:*:*:*:*:*:*,UNIQUE_GT_CPE,,,busybox,cpe:2.3:a:busybox:busybox:1.34.1:*:*:*:*:*:*:*,cpe:2.3:a:busybox:busybox:1.34.1:*:*:*:*:*:*:*,OFFICIAL_CPE_MAPPED,OFFICIAL_CPE_MAPPED,KEEP_GT_CPE,UNIQUE_CANONICAL_GT_CPE,UNCHANGED,control=/usr/lib/opkg/info/busybox.control; list=/usr/lib/opkg/info/busybox.list; status_version_matches=True
199625,curl,8.11.0-23.2,package/network/utils/curl,curl,A client-side URL transfer utility,"libc, libcurl4",/usr/bin/curl,curl | libcurl4,UTILITY_OR_CLI_PACKAGE,POSSIBLE_PRODUCT_CANDIDATE,curl,8.11.0,cpe:2.3:a:haxx:curl:8.11.0:*:*:*:*:*:*:*,UNIQUE_GT_CPE,,,curl,cpe:2.3:a:haxx:curl:8.11.0:*:*:*:*:*:*:*,cpe:2.3:a:haxx:curl:8.11.0:*:*:*:*:*:*:*,OFFICIAL_CPE_MAPPED,OFFICIAL_CPE_MAPPED,KEEP_GT_CPE,UNIQUE_CANONICAL_GT_CPE,UNCHANGED,control=/usr/lib/opkg/info/curl.control; list=/usr/lib/opkg/info/curl.list; status_version_matches=True
199653,davici,1.4-1,package/libs/davici,davici,"The davici library provides a client implementation of the
strongSwan VICI protocol for integration into external applications.",libc,/usr/lib/libdavici.so | /usr/lib/libdavici.so.0.1.0,davici,LIBRARY_PACKAGE,AMBIGUOUS,davici,1.4,cpe:2.3:a:strongswan:davici:1.4:*:*:*:*:*:*:*,UNIQUE_GT_CPE,,,davici,cpe:2.3:a:strongswan:davici:1.4:*:*:*:*:*:*:*,cpe:2.3:a:strongswan:davici:1.4:*:*:*:*:*:*:*,VERSION_NOT_IN_DICTIONARY,VERSION_NOT_IN_DICTIONARY,KEEP_GT_CPE,UNIQUE_CANONICAL_GT_CPE,UNCHANGED,control=/usr/lib/opkg/info/davici.control; list=/usr/lib/opkg/info/davici.list; status_version_matches=True
199659,dnsmasq,2.89-42.4,package/network/services/dnsmasq,dnsmasq,It is intended to provide coupled DNS and DHCP service to a LAN.,"libc, libubus20210630",/usr/sbin/dhcpinfo.sh | /usr/lib/dnsmasq/dhcp-script.sh | /etc/dnsmasq.conf | /etc/config/dhcp | /usr/share/dnsmasq/rfc6761.conf | /usr/share/acl.d/dnsmasq_acl.json | /lib/upgrade/keep.d/dnsmasq,dnsmasq,PRODUCT_OR_MAIN_PACKAGE,DIRECT_PRODUCT_CANDIDATE,dnsmasq,2.89,cpe:2.3:a:thekelleys:dnsmasq:2.89:*:*:*:*:*:*:*,UNIQUE_GT_CPE,,,dnsmasq,cpe:2.3:a:thekelleys:dnsmasq:2.89:*:*:*:*:*:*:*,cpe:2.3:a:thekelleys:dnsmasq:2.89:*:*:*:*:*:*:*,OFFICIAL_CPE_MAPPED,OFFICIAL_CPE_MAPPED,KEEP_GT_CPE,UNIQUE_CANONICAL_GT_CPE,UNCHANGED,control=/usr/lib/opkg/info/dnsmasq.control; list=/usr/lib/opkg/info/dnsmasq.list; status_version_matches=True
199660,dropbear,2020.81-3,package/network/services/dropbear,dropbear,A small SSH2 server/client designed for small memory environments.,"libc, libubus20210630, libubox20240329, liblog",/usr/bin/dbclient | /usr/bin/dropbearkey | /etc/dropbear/dropbear_ed25519_host_key | /etc/init.d/dropbear | /lib/preinit/99_10_failsafe_dropbear,dropbear,PRODUCT_OR_MAIN_PACKAGE,DIRECT_PRODUCT_CANDIDATE,Dropbear SSH,2020.81,cpe:2.3:a:dropbear_ssh_project:dropbear_ssh:2020.81:*:*:*:*:*:*:*,UNIQUE_GT_CPE,,,dropbear,cpe:2.3:a:dropbear_ssh_project:dropbear_ssh:2020.81:*:*:*:*:*:*:*,cpe:2.3:a:dropbear_ssh_project:dropbear_ssh:2020.81:*:*:*:*:*:*:*,OFFICIAL_CPE_MAPPED,OFFICIAL_CPE_MAPPED,KEEP_GT_CPE,UNIQUE_CANONICAL_GT_CPE,UNCHANGED,control=/usr/lib/opkg/info/dropbear.control; list=/usr/lib/opkg/info/dropbear.list; status_version_matches=True
199661,e2fsprogs,1.47.0-2,package/utils/e2fsprogs,e2fsprogs,"This package contains essential ext2 filesystem utilities which consists of
e2fsck, mke2fs and most of the other core ext2 filesystem utilities.","libc, libuuid1, libext2fs2",/usr/sbin/mkfs.ext2 | /usr/sbin/mkfs.ext3 | /usr/lib/libe2p.so.2 | /usr/lib/libe2p.so.2.3,e2fsprogs | libcomerr0 | libext2fs2 | libss2,UTILITY_OR_CLI_PACKAGE,POSSIBLE_PRODUCT_CANDIDATE,e2fsprogs,1.47.0,cpe:2.3:a:e2fsprogs_project:e2fsprogs:1.47.0:*:*:*:*:*:*:*,UNIQUE_GT_CPE,,,e2fsprogs,cpe:2.3:a:e2fsprogs_project:e2fsprogs:1.47.0:*:*:*:*:*:*:*,cpe:2.3:a:e2fsprogs_project:e2fsprogs:1.47.0:*:*:*:*:*:*:*,VERSION_NOT_IN_DICTIONARY,VERSION_NOT_IN_DICTIONARY,KEEP_GT_CPE,UNIQUE_CANONICAL_GT_CPE,UNCHANGED,control=/usr/lib/opkg/info/e2fsprogs.control; list=/usr/lib/opkg/info/e2fsprogs.list; status_version_matches=True
199663,ethtool,5.10-1,package/network/utils/ethtool,ethtool,"ethtool is a small utility for examining and tuning your ethernet-based
network interface",libc,/usr/sbin/ethtool,ethtool,UTILITY_OR_CLI_PACKAGE,POSSIBLE_PRODUCT_CANDIDATE,ethtool,5.10,cpe:2.3:a:kernel:ethtool:5.10:*:*:*:*:*:*:*,UNIQUE_GT_CPE,,,ethtool,cpe:2.3:a:kernel:ethtool:5.10:*:*:*:*:*:*:*,cpe:2.3:a:kernel:ethtool:5.10:*:*:*:*:*:*:*,VERSION_NOT_IN_DICTIONARY,VERSION_NOT_IN_DICTIONARY,KEEP_GT_CPE,UNIQUE_CANONICAL_GT_CPE,UNCHANGED,control=/usr/lib/opkg/info/ethtool.control; list=/usr/lib/opkg/info/ethtool.list; status_version_matches=True
199665,exfat-mkfs,1.1.3-4,package/utils/exfatprogs,exfat-mkfs,Utility for creating an exFAT File System,libc,/usr/sbin/mkfs.exfat,exfat-mkfs,UTILITY_OR_CLI_PACKAGE,POSSIBLE_PRODUCT_CANDIDATE,exfatprogs,1.1.3,cpe:2.3:a:namjaejeon:exfatprogs:1.1.3:*:*:*:*:*:*:*,UNIQUE_GT_CPE,,,exfat-mkfs,cpe:2.3:a:namjaejeon:exfatprogs:1.1.3:*:*:*:*:*:*:*,cpe:2.3:a:namjaejeon:exfatprogs:1.1.3:*:*:*:*:*:*:*,OFFICIAL_CPE_MAPPED,OFFICIAL_CPE_MAPPED,KEEP_GT_CPE,UNIQUE_CANONICAL_GT_CPE,UNCHANGED,control=/usr/lib/opkg/info/exfat-mkfs.control; list=/usr/lib/opkg/info/exfat-mkfs.list; status_version_matches=True
199683,ip-full,5.19.0-8,package/network/utils/iproute2,ip-full,Routing control utility (full),"libc, libnl-tiny2023-04-02",/usr/libexec/ip-full,ip-full,UTILITY_OR_CLI_PACKAGE,POSSIBLE_PRODUCT_CANDIDATE,iproute2,5.19.0,cpe:2.3:a:iproute2_project:iproute2:5.19.0:*:*:*:*:*:*:*,UNIQUE_GT_CPE,,,ip-full,cpe:2.3:a:iproute2_project:iproute2:5.19.0:*:*:*:*:*:*:*,cpe:2.3:a:iproute2_project:iproute2:5.19.0:*:*:*:*:*:*:*,VERSION_NOT_IN_DICTIONARY,VERSION_NOT_IN_DICTIONARY,KEEP_GT_CPE,UNIQUE_CANONICAL_GT_CPE,UNCHANGED,control=/usr/lib/opkg/info/ip-full.control; list=/usr/lib/opkg/info/ip-full.list; status_version_matches=True
199684,ip6tables,1.8.7-3,package/network/utils/iptables,ip6tables,IPv6 firewall administration tool,"libc, kmod-ip6tables, iptables",/usr/sbin/ip6tables-save | /usr/sbin/ip6tables,ip6tables | iptables | iptables-mod-conntrack-extra | iptables-mod-ipopt | iptables-mod-ipsec | libip4tc2 | libip6tc2 | libxtables12,UTILITY_OR_CLI_PACKAGE,PARTIAL_OR_SPLIT_COMPONENT,iptables,1.8.7,cpe:2.3:a:netfilter:iptables:1.8.7:*:*:*:*:*:*:*,DUPLICATED_GT_CPE,DUP-04,KEEP_SINGLE_REPRESENTATIVE,iptables,cpe:2.3:a:netfilter:iptables:1.8.7:*:*:*:*:*:*:*,,VERSION_NOT_IN_DICTIONARY,DIRECT_OFFICIAL_CPE_NOT_CONFIRMED,REMOVE_DUPLICATED_GT_CPE,DERIVED_SPLIT_PACKAGE_NO_CPE_INHERITANCE,N/A,control=/usr/lib/opkg/info/ip6tables.control; list=/usr/lib/opkg/info/ip6tables.list; status_version_matches=True
199686,ipset,7.6-1,package/network/utils/ipset,ipset,IPset administration utility,"libc, kmod-ipt-ipset, libmnl0, libipset13",/usr/sbin/ipset,ipset | libipset13,UTILITY_OR_CLI_PACKAGE,POSSIBLE_PRODUCT_CANDIDATE,ipset,7.6,cpe:2.3:a:netfilter:ipset:7.6:*:*:*:*:*:*:*,DUPLICATED_GT_CPE,DUP-03,KEEP_SINGLE_REPRESENTATIVE,ipset,cpe:2.3:a:netfilter:ipset:7.6:*:*:*:*:*:*:*,cpe:2.3:a:netfilter:ipset:7.6:*:*:*:*:*:*:*,VERSION_NOT_IN_DICTIONARY,VERSION_NOT_IN_DICTIONARY,KEEP_GT_CPE,UPSTREAM_PRODUCT_REPRESENTATIVE,UNCHANGED,control=/usr/lib/opkg/info/ipset.control; list=/usr/lib/opkg/info/ipset.list; status_version_matches=True
199690,iptables,1.8.7-3,package/network/utils/iptables,iptables,"IP firewall administration tool.

Matches:
- icmp
- tcp
- udp
- comment
- conntrack
- limit
- mac
- mark
- multiport
- set
- state
- time

Targets:
- ACCEPT
- CT
- DNAT
- DROP
- REJECT
- FLOWOFFLOAD
- LOG
- MARK
- MASQUERADE
- REDIRECT
- SET
- SNAT
- TCPMSS

Tables:
- filter
- mangle
- nat
- raw","libc, kmod-ipt-core, libip4tc2, libip6tc2, libxtables12",/usr/sbin/iptables-save | /usr/sbin/xtables-legacy-multi,ip6tables | iptables | iptables-mod-conntrack-extra | iptables-mod-ipopt | iptables-mod-ipsec | libip4tc2 | libip6tc2 | libxtables12,UTILITY_OR_CLI_PACKAGE,POSSIBLE_PRODUCT_CANDIDATE,iptables,1.8.7,cpe:2.3:a:netfilter:iptables:1.8.7:*:*:*:*:*:*:*,DUPLICATED_GT_CPE,DUP-04,KEEP_SINGLE_REPRESENTATIVE,iptables,cpe:2.3:a:netfilter:iptables:1.8.7:*:*:*:*:*:*:*,cpe:2.3:a:netfilter:iptables:1.8.7:*:*:*:*:*:*:*,VERSION_NOT_IN_DICTIONARY,VERSION_NOT_IN_DICTIONARY,KEEP_GT_CPE,UPSTREAM_PRODUCT_REPRESENTATIVE,UNCHANGED,control=/usr/lib/opkg/info/iptables.control; list=/usr/lib/opkg/info/iptables.list; status_version_matches=True
199691,iw-515,5.19-1,package/network/utils/iw-515,iw-515,cfg80211 interface configuration utility,"libc, libnl-tiny2023-04-02",/usr/sbin/iw,iw-515,UTILITY_OR_CLI_PACKAGE,POSSIBLE_PRODUCT_CANDIDATE,iw,5.19,cpe:2.3:a:kernel:iw:5.19:*:*:*:*:*:*:*,UNIQUE_GT_CPE,,,iw-515,cpe:2.3:a:kernel:iw:5.19:*:*:*:*:*:*:*,cpe:2.3:a:kernel:iw:5.19:*:*:*:*:*:*:*,VERSION_NOT_IN_DICTIONARY,VERSION_NOT_IN_DICTIONARY,KEEP_GT_CPE,UNIQUE_CANONICAL_GT_CPE,UNCHANGED,control=/usr/lib/opkg/info/iw-515.control; list=/usr/lib/opkg/info/iw-515.list; status_version_matches=True
199845,libc,1.2.4-3,package/libs/toolchain,libc,C library,libgcc,/usr/bin/ldd | /lib/ld-musl-mipsel-sf.so.1 | /lib/libc.so,libatomic1 | libc | libgcc1 | libpthread | librt | libstdcpp6,SPLIT_RUNTIME_PACKAGE,PARTIAL_OR_SPLIT_COMPONENT,musl,1.2.4,cpe:2.3:a:musl-libc:musl:1.2.4:*:*:*:*:*:*:*,UNIQUE_GT_CPE,,,libc,cpe:2.3:a:musl-libc:musl:1.2.4:*:*:*:*:*:*:*,cpe:2.3:a:musl-libc:musl:1.2.4:*:*:*:*:*:*:*,VERSION_NOT_IN_DICTIONARY,VERSION_NOT_IN_DICTIONARY,KEEP_GT_CPE,UNIQUE_CANONICAL_GT_CPE,UNCHANGED,control=/usr/lib/opkg/info/libc.control; list=/usr/lib/opkg/info/libc.list; status_version_matches=True
199846,libcap-bin,2.69-1,package/libs/libcap,libcap-bin,"Linux capabilities
.
This package contains the libcap utilities.","libc, libcap",/usr/sbin/setcap | /usr/sbin/getcap,libcap | libcap-bin,UTILITY_OR_CLI_PACKAGE,PARTIAL_OR_SPLIT_COMPONENT,libcap,2.69,cpe:2.3:a:libcap_project:libcap:2.69:*:*:*:*:*:*:*,DUPLICATED_GT_CPE,DUP-01,KEEP_SINGLE_REPRESENTATIVE,libcap,cpe:2.3:a:libcap_project:libcap:2.69:*:*:*:*:*:*:*,,OFFICIAL_CPE_MAPPED,DIRECT_OFFICIAL_CPE_NOT_CONFIRMED,REMOVE_DUPLICATED_GT_CPE,DERIVED_SPLIT_PACKAGE_NO_CPE_INHERITANCE,N/A,control=/usr/lib/opkg/info/libcap-bin.control; list=/usr/lib/opkg/info/libcap-bin.list; status_version_matches=True
199847,libcap-ng,0.8.1-1,feeds/packages/libs/libcap-ng,libcap-ng,POSIX capabilities library library,libc,/usr/lib/libcap-ng.so | /usr/lib/libcap-ng.so.0.0.0,libcap-ng,LIBRARY_PACKAGE,AMBIGUOUS,libcap-ng,0.8.1,cpe:2.3:a:libcap-ng_project:libcap-ng:0.8.1:*:*:*:*:*:*:*,UNIQUE_GT_CPE,,,libcap-ng,cpe:2.3:a:libcap-ng_project:libcap-ng:0.8.1:*:*:*:*:*:*:*,cpe:2.3:a:libcap-ng_project:libcap-ng:0.8.1:*:*:*:*:*:*:*,VERSION_NOT_IN_DICTIONARY,VERSION_NOT_IN_DICTIONARY,KEEP_GT_CPE,UNIQUE_CANONICAL_GT_CPE,UNCHANGED,control=/usr/lib/opkg/info/libcap-ng.control; list=/usr/lib/opkg/info/libcap-ng.list; status_version_matches=True
199848,libcap,2.69-1,package/libs/libcap,libcap,Linux capabilities library library,libc,/usr/lib/libcap.so.2.69 | /usr/lib/libcap.so,libcap | libcap-bin,LIBRARY_PACKAGE,PARTIAL_OR_SPLIT_COMPONENT,libcap,2.69,cpe:2.3:a:libcap_project:libcap:2.69:*:*:*:*:*:*:*,DUPLICATED_GT_CPE,DUP-01,KEEP_SINGLE_REPRESENTATIVE,libcap,cpe:2.3:a:libcap_project:libcap:2.69:*:*:*:*:*:*:*,cpe:2.3:a:libcap_project:libcap:2.69:*:*:*:*:*:*:*,OFFICIAL_CPE_MAPPED,OFFICIAL_CPE_MAPPED,KEEP_GT_CPE,UPSTREAM_PRODUCT_REPRESENTATIVE,UNCHANGED,control=/usr/lib/opkg/info/libcap.control; list=/usr/lib/opkg/info/libcap.list; status_version_matches=True
199849,libcares,1.19.1-2,package/libs/c-ares,libcares,"c-ares is a C library for asynchronous DNS requests (including name resolves)

C89 compatibility, MIT licensed, builds for and runs on POSIX, Windows,
Netware, Android and many more operating systems.",libc,/usr/lib/libcares.so.2 | /usr/lib/libcares.so.2.6.1,libcares,LIBRARY_PACKAGE,AMBIGUOUS,c-ares,1.19.1,cpe:2.3:a:c-ares:c-ares:1.19.1:*:*:*:*:*:*:*,UNIQUE_GT_CPE,,,libcares,cpe:2.3:a:c-ares:c-ares:1.19.1:*:*:*:*:*:*:*,cpe:2.3:a:c-ares:c-ares:1.19.1:*:*:*:*:*:*:*,OFFICIAL_CPE_MAPPED,OFFICIAL_CPE_MAPPED,KEEP_GT_CPE,UNIQUE_CANONICAL_GT_CPE,UNCHANGED,control=/usr/lib/opkg/info/libcares.control; list=/usr/lib/opkg/info/libcares.list; status_version_matches=True
199854,libcurl4,8.11.0-23.2,package/network/utils/curl,libcurl,A client-side URL transfer library,"libc, libopenssl3, libnghttp2-14, ca-bundle",/usr/lib/libcurl.so.4 | /usr/lib/libcurl.so.4.8.0,curl | libcurl4,LIBRARY_PACKAGE,PARTIAL_OR_SPLIT_COMPONENT,libcurl,8.11.0,cpe:2.3:a:haxx:libcurl:8.11.0:*:*:*:*:*:*:*,UNIQUE_GT_CPE,,,libcurl4,cpe:2.3:a:haxx:libcurl:8.11.0:*:*:*:*:*:*:*,cpe:2.3:a:haxx:libcurl:8.11.0:*:*:*:*:*:*:*,VERSION_NOT_IN_DICTIONARY,VERSION_NOT_IN_DICTIONARY,KEEP_GT_CPE,UNIQUE_CANONICAL_GT_CPE,UNCHANGED,control=/usr/lib/opkg/info/libcurl4.control; list=/usr/lib/opkg/info/libcurl4.list; status_version_matches=True
199862,libipset13,7.6-1,package/network/utils/ipset,libipset,IPset administration utility,"libc, kmod-ipt-ipset, libmnl0",/usr/lib/libipset.so.13 | /usr/lib/libipset.so.13.1.0,ipset | libipset13,LIBRARY_PACKAGE,PARTIAL_OR_SPLIT_COMPONENT,ipset,7.6,cpe:2.3:a:netfilter:ipset:7.6:*:*:*:*:*:*:*,DUPLICATED_GT_CPE,DUP-03,KEEP_SINGLE_REPRESENTATIVE,ipset,cpe:2.3:a:netfilter:ipset:7.6:*:*:*:*:*:*:*,,VERSION_NOT_IN_DICTIONARY,DIRECT_OFFICIAL_CPE_NOT_CONFIRMED,REMOVE_DUPLICATED_GT_CPE,DERIVED_SPLIT_PACKAGE_NO_CPE_INHERITANCE,N/A,control=/usr/lib/opkg/info/libipset13.control; list=/usr/lib/opkg/info/libipset13.list; status_version_matches=True
199866,libjson-c5,0.15-2,package/libs/libjson-c,libjson-c,This package contains a library for javascript object notation backends.,libc,/usr/lib/libjson-c.so.5.1.0 | /usr/lib/libjson-c.so.5,libjson-c5,LIBRARY_PACKAGE,AMBIGUOUS,json-c,0.15,cpe:2.3:a:json-c:json-c:0.15:*:*:*:*:*:*:*,UNIQUE_GT_CPE,,,libjson-c5,cpe:2.3:a:json-c:json-c:0.15:*:*:*:*:*:*:*,cpe:2.3:a:json-c:json-c:0.15:*:*:*:*:*:*:*,OFFICIAL_CPE_MAPPED,OFFICIAL_CPE_MAPPED,KEEP_GT_CPE,UNIQUE_CANONICAL_GT_CPE,UNCHANGED,control=/usr/lib/opkg/info/libjson-c5.control; list=/usr/lib/opkg/info/libjson-c5.list; status_version_matches=True
199870,liblua5.1.5,5.1.5-9,package/utils/lua,liblua,"Lua is a powerful light-weight programming language designed for extending 
applications. Lua is also frequently used as a general-purpose, stand-alone
language. Lua is free software.
This package contains the Lua shared libraries, needed by other programs.",libc,/usr/lib/liblua.so.5.1.5,liblua5.1.5 | lua,LIBRARY_PACKAGE,PARTIAL_OR_SPLIT_COMPONENT,Lua,5.1.5,cpe:2.3:a:lua:lua:5.1.5:*:*:*:*:*:*:*,DUPLICATED_GT_CPE,DUP-02,KEEP_SINGLE_REPRESENTATIVE,lua,cpe:2.3:a:lua:lua:5.1.5:*:*:*:*:*:*:*,,VERSION_NOT_IN_DICTIONARY,DIRECT_OFFICIAL_CPE_NOT_CONFIRMED,REMOVE_DUPLICATED_GT_CPE,DERIVED_SPLIT_PACKAGE_NO_CPE_INHERITANCE,N/A,control=/usr/lib/opkg/info/liblua5.1.5.control; list=/usr/lib/opkg/info/liblua5.1.5.list; status_version_matches=True
199871,liblzo2,2.10-4,package/libs/lzo,liblzo,"LZO is a data compression library which is suitable for data de-/compression
in real-time. This means it favours speed over compression ratio.",libc,/usr/lib/liblzo2.so.2 | /usr/lib/liblzo2.so.2.0.0,liblzo2,LIBRARY_PACKAGE,AMBIGUOUS,LZO,2.10,cpe:2.3:a:lzo_project:lzo:2.10:*:*:*:*:*:*:*,UNIQUE_GT_CPE,,,liblzo2,cpe:2.3:a:lzo_project:lzo:2.10:*:*:*:*:*:*:*,cpe:2.3:a:lzo_project:lzo:2.10:*:*:*:*:*:*:*,OFFICIAL_CPE_MAPPED,OFFICIAL_CPE_MAPPED,KEEP_GT_CPE,UNIQUE_CANONICAL_GT_CPE,UNCHANGED,control=/usr/lib/opkg/info/liblzo2.control; list=/usr/lib/opkg/info/liblzo2.list; status_version_matches=True
199875,libmnl0,1.0.4-2,package/libs/libmnl,libmnl,"libmnl is a minimalistic user-space library oriented to Netlink developers.
There are a lot of common tasks in parsing, validating, constructing of
both the Netlink header and TLVs that are repetitive and easy to get wrong.
This library aims to provide simple helpers that allows you to re-use code
and to avoid re-inventing the wheel. The main features of this library are:
.
* Small: the shared library requires around 30KB for an x86-based computer.
.
* Simple: this library avoids complexity and elaborated abstractions that
tend to hide Netlink details.
.
* Easy to use: the library simplifies the work for Netlink-wise developers.
It provides functions to make socket handling, message building, validating,
parsing and sequence tracking, easier.
.
* Easy to re-use: you can use the library to build your own abstraction layer
on top of this library.
.
* Decoupling: the interdependency of the main bricks that compose the library
is reduced, i.e. the library provides many helpers, but the programmer is not
forced to use them.",libc,/usr/lib/libmnl.so.0.2.0 | /usr/lib/libmnl.so.0,libmnl0,LIBRARY_PACKAGE,AMBIGUOUS,libmnl,1.0.4,cpe:2.3:a:netfilter:libmnl:1.0.4:*:*:*:*:*:*:*,UNIQUE_GT_CPE,,,libmnl0,cpe:2.3:a:netfilter:libmnl:1.0.4:*:*:*:*:*:*:*,cpe:2.3:a:netfilter:libmnl:1.0.4:*:*:*:*:*:*:*,OFFICIAL_CPE_MAPPED,OFFICIAL_CPE_MAPPED,KEEP_GT_CPE,UNIQUE_CANONICAL_GT_CPE,UNCHANGED,control=/usr/lib/opkg/info/libmnl0.control; list=/usr/lib/opkg/info/libmnl0.list; status_version_matches=True
199877,libmosquitto-ssl,2.0.20-1,package/network/services/mosquitto,libmosquitto-ssl,"Library required for mosquitto's command line client tools, also for
use by any third party software that wants to communicate with _any_
MQTT server.

Should be useable for communicating with any MQTT v3.1/3.1.1/5 compatible
server, in addition to Mosquitto.
This package is built with SSL support","libc, libpthread, librt, libcares, libuci20130104, libopenssl3, libuci20130104",/usr/lib/libmosquitto.so.1 | /usr/lib/libmosquitto.so,libmosquitto-ssl,LIBRARY_PACKAGE,AMBIGUOUS,Eclipse Mosquitto,2.0.20,cpe:2.3:a:eclipse:mosquitto:2.0.20:*:*:*:*:*:*:*,UNIQUE_GT_CPE,,,libmosquitto-ssl,cpe:2.3:a:eclipse:mosquitto:2.0.20:*:*:*:*:*:*:*,cpe:2.3:a:eclipse:mosquitto:2.0.20:*:*:*:*:*:*:*,OFFICIAL_CPE_MAPPED,OFFICIAL_CPE_MAPPED,KEEP_GT_CPE,UNIQUE_CANONICAL_GT_CPE,UNCHANGED,control=/usr/lib/opkg/info/libmosquitto-ssl.control; list=/usr/lib/opkg/info/libmosquitto-ssl.list; status_version_matches=True
199878,libnetfilter-conntrack3,1.0.8-1,package/libs/libnetfilter-conntrack,libnetfilter-conntrack,"libnetfilter_conntrack is a userspace library providing a programming
interface (API) to the in-kernel connection tracking state table. The
library libnetfilter_conntrack has been previously known as
libnfnetlink_conntrack and libctnetlink. This library is currently
used by conntrack-tools among many other applications.","libc, libnfnetlink0, kmod-nf-conntrack-netlink, libmnl0",/usr/lib/libnetfilter_conntrack.so.3.7.0 | /usr/lib/libnetfilter_conntrack.so.3,libnetfilter-conntrack3,LIBRARY_PACKAGE,AMBIGUOUS,libnetfilter_conntrack,1.0.8,cpe:2.3:a:netfilter:libnetfilter_conntrack:1.0.8:*:*:*:*:*:*:*,UNIQUE_GT_CPE,,,libnetfilter-conntrack3,cpe:2.3:a:netfilter:libnetfilter_conntrack:1.0.8:*:*:*:*:*:*:*,cpe:2.3:a:netfilter:libnetfilter_conntrack:1.0.8:*:*:*:*:*:*:*,VERSION_NOT_IN_DICTIONARY,VERSION_NOT_IN_DICTIONARY,KEEP_GT_CPE,UNIQUE_CANONICAL_GT_CPE,UNCHANGED,control=/usr/lib/opkg/info/libnetfilter-conntrack3.control; list=/usr/lib/opkg/info/libnetfilter-conntrack3.list; status_version_matches=True
199880,libnfnetlink0,1.0.1-4,package/libs/libnfnetlink,libnfnetlink,"libnfnetlink is is the low-level library for netfilter related kernel/userspace communication.
It provides a generic messaging infrastructure for in-kernel netfilter subsystems
(such as nfnetlink_log, nfnetlink_queue, nfnetlink_conntrack) and their respective users
and/or management tools in userspace.",libc,/usr/lib/libnfnetlink.so.0 | /usr/lib/libnfnetlink.so.0.2.0,libnfnetlink0,LIBRARY_PACKAGE,AMBIGUOUS,libnfnetlink,1.0.1,cpe:2.3:a:netfilter:libnfnetlink:1.0.1:*:*:*:*:*:*:*,UNIQUE_GT_CPE,,,libnfnetlink0,cpe:2.3:a:netfilter:libnfnetlink:1.0.1:*:*:*:*:*:*:*,cpe:2.3:a:netfilter:libnfnetlink:1.0.1:*:*:*:*:*:*:*,OFFICIAL_CPE_MAPPED,OFFICIAL_CPE_MAPPED,KEEP_GT_CPE,UNIQUE_CANONICAL_GT_CPE,UNCHANGED,control=/usr/lib/opkg/info/libnfnetlink0.control; list=/usr/lib/opkg/info/libnfnetlink0.list; status_version_matches=True
199881,libnftnl11,1.2.5-5,package/libs/libnftnl,libnftnl,"libnftnl is a userspace library providing a low-level netlink
programming interface (API) to the in-kernel nf_tables subsystem.","libc, libmnl0",/usr/lib/libnftnl.so.11 | /usr/lib/libnftnl.so.11.6.0,libnftnl11,LIBRARY_PACKAGE,AMBIGUOUS,libnftnl,1.2.5,cpe:2.3:a:netfilter:libnftnl:1.2.5:*:*:*:*:*:*:*,UNIQUE_GT_CPE,,,libnftnl11,cpe:2.3:a:netfilter:libnftnl:1.2.5:*:*:*:*:*:*:*,cpe:2.3:a:netfilter:libnftnl:1.2.5:*:*:*:*:*:*:*,VERSION_NOT_IN_DICTIONARY,VERSION_NOT_IN_DICTIONARY,KEEP_GT_CPE,UNIQUE_CANONICAL_GT_CPE,UNCHANGED,control=/usr/lib/opkg/info/libnftnl11.control; list=/usr/lib/opkg/info/libnftnl11.list; status_version_matches=True
199882,libnghttp2-14,1.43.0-1,package/libs/nghttp2,libnghttp2,C library implementing the framing layer of the HTTP/2 protocol. It can be used to build a HTTP/2-capable HTTP client or server,libc,/usr/lib/libnghttp2.so.14 | /usr/lib/libnghttp2.so.14.20.1,libnghttp2-14,LIBRARY_PACKAGE,AMBIGUOUS,nghttp2,1.43.0,cpe:2.3:a:nghttp2:nghttp2:1.43.0:*:*:*:*:*:*:*,UNIQUE_GT_CPE,,,libnghttp2-14,cpe:2.3:a:nghttp2:nghttp2:1.43.0:*:*:*:*:*:*:*,cpe:2.3:a:nghttp2:nghttp2:1.43.0:*:*:*:*:*:*:*,OFFICIAL_CPE_MAPPED,OFFICIAL_CPE_MAPPED,KEEP_GT_CPE,UNIQUE_CANONICAL_GT_CPE,UNCHANGED,control=/usr/lib/opkg/info/libnghttp2-14.control; list=/usr/lib/opkg/info/libnghttp2-14.list; status_version_matches=True
199888,libopenssl3,3.0.14-3,package/libs/openssl,libopenssl,"The OpenSSL Project is a collaborative effort to develop a robust,
commercial-grade, full-featured, and Open Source toolkit implementing the
Transport Layer Security (TLS) protocol as well as a full-strength
general-purpose cryptography library.
This package contains the OpenSSL shared libraries, needed by other programs.","libc, libatomic1",/usr/lib/libssl.so.3 | /usr/lib/libcrypto.so.3,libopenssl-conf | libopenssl-legacy | libopenssl3 | openssl-util,LIBRARY_PACKAGE,PARTIAL_OR_SPLIT_COMPONENT,OpenSSL,3.0.14,cpe:2.3:a:openssl:openssl:3.0.14:*:*:*:*:*:*:*,DUPLICATED_GT_CPE,DUP-05,REPRESENTATIVE_AMBIGUOUS,,cpe:2.3:a:openssl:openssl:3.0.14:*:*:*:*:*:*:*,cpe:2.3:a:openssl:openssl:3.0.14:*:*:*:*:*:*:*,OFFICIAL_CPE_MAPPED,OFFICIAL_CPE_MAPPED,REVIEW_REQUIRED,NO_UNIQUE_PRODUCT_REPRESENTATIVE_ESTABLISHED,REVIEW_REQUIRED,control=/usr/lib/opkg/info/libopenssl3.control; list=/usr/lib/opkg/info/libopenssl3.list; status_version_matches=True
199890,libpcap1,1.9.1-3,package/libs/libpcap,libpcap,"This package contains a system-independent library for user-level network packet
capture.",libc,/usr/lib/libpcap.so.1 | /usr/lib/libpcap.so.1.9.1,libpcap1,LIBRARY_PACKAGE,AMBIGUOUS,libpcap,1.9.1,cpe:2.3:a:tcpdump:libpcap:1.9.1:*:*:*:*:*:*:*,UNIQUE_GT_CPE,,,libpcap1,cpe:2.3:a:tcpdump:libpcap:1.9.1:*:*:*:*:*:*:*,cpe:2.3:a:tcpdump:libpcap:1.9.1:*:*:*:*:*:*:*,OFFICIAL_CPE_MAPPED,OFFICIAL_CPE_MAPPED,KEEP_GT_CPE,UNIQUE_CANONICAL_GT_CPE,UNCHANGED,control=/usr/lib/opkg/info/libpcap1.control; list=/usr/lib/opkg/info/libpcap1.list; status_version_matches=True
199891,libpcre2,10.37-5,package/libs/pcre2,libpcre2,A Perl Compatible Regular Expression library,libc,/usr/lib/libpcre2-8.so.0.10.2 | /usr/lib/libpcre2-posix.so.3.0.0,libpcre2,LIBRARY_PACKAGE,AMBIGUOUS,PCRE2,10.37,cpe:2.3:a:pcre:pcre2:10.37:*:*:*:*:*:*:*,UNIQUE_GT_CPE,,,libpcre2,cpe:2.3:a:pcre:pcre2:10.37:*:*:*:*:*:*:*,cpe:2.3:a:pcre:pcre2:10.37:*:*:*:*:*:*:*,OFFICIAL_CPE_MAPPED,OFFICIAL_CPE_MAPPED,KEEP_GT_CPE,UNIQUE_CANONICAL_GT_CPE,UNCHANGED,control=/usr/lib/opkg/info/libpcre2.control; list=/usr/lib/opkg/info/libpcre2.list; status_version_matches=True
199896,libsqlite3-0,3410200-1,package/libs/sqlite3,libsqlite3,"SQLite is a small C library that implements a self-contained, embeddable,
zero-configuration SQL database engine.
This package contains the SQLite (v3.x) shared library, used by other
programs.","libc, libpthread, zlib",/usr/lib/libsqlite3.so.0 | /usr/lib/libsqlite3.so.0.8.6,libsqlite3-0,LIBRARY_PACKAGE,AMBIGUOUS,SQLite,3.41.2,cpe:2.3:a:sqlite:sqlite:3.41.2:*:*:*:*:*:*:*,DUPLICATED_GT_CPE,DUP-06,KEEP_SINGLE_REPRESENTATIVE,sqlite,cpe:2.3:a:sqlite:sqlite:3.41.2:*:*:*:*:*:*:*,,OFFICIAL_CPE_MAPPED,DIRECT_OFFICIAL_CPE_NOT_CONFIRMED,REMOVE_DUPLICATED_GT_CPE,DERIVED_SPLIT_PACKAGE_NO_CPE_INHERITANCE,N/A,control=/usr/lib/opkg/info/libsqlite3-0.control; list=/usr/lib/opkg/info/libsqlite3-0.list; status_version_matches=True
199913,libusb-1.0-0,1.0.24-5,package/libs/libusb,libusb-1.0,"libusb is a C library that gives applications easy access to USB devices on
many different operating systems.","libc, libpthread, librt",/usr/lib/libusb-1.0.so.0.3.0 | /usr/lib/libusb-1.0.so.0,libusb-1.0-0,LIBRARY_PACKAGE,AMBIGUOUS,libusb,1.0.24,cpe:2.3:a:libusb:libusb:1.0.24:-:*:*:*:*:*:*,UNIQUE_GT_CPE,,,libusb-1.0-0,cpe:2.3:a:libusb:libusb:1.0.24:-:*:*:*:*:*:*,cpe:2.3:a:libusb:libusb:1.0.24:-:*:*:*:*:*:*,OFFICIAL_CPE_MAPPED,OFFICIAL_CPE_MAPPED,KEEP_GT_CPE,UNIQUE_CANONICAL_GT_CPE,UNCHANGED,control=/usr/lib/opkg/info/libusb-1.0-0.control; list=/usr/lib/opkg/info/libusb-1.0-0.list; status_version_matches=True
199920,lua,5.1.5-9,package/utils/lua,lua,"Lua is a powerful light-weight programming language designed for extending 
applications. Lua is also frequently used as a general-purpose, stand-alone
language. Lua is free software.
This package contains the Lua language interpreter.","libc, liblua5.1.5",/usr/bin/lua | /usr/bin/lua5.1,liblua5.1.5 | lua,UTILITY_OR_CLI_PACKAGE,POSSIBLE_PRODUCT_CANDIDATE,Lua,5.1.5,cpe:2.3:a:lua:lua:5.1.5:*:*:*:*:*:*:*,DUPLICATED_GT_CPE,DUP-02,KEEP_SINGLE_REPRESENTATIVE,lua,cpe:2.3:a:lua:lua:5.1.5:*:*:*:*:*:*:*,cpe:2.3:a:lua:lua:5.1.5:*:*:*:*:*:*:*,VERSION_NOT_IN_DICTIONARY,VERSION_NOT_IN_DICTIONARY,KEEP_GT_CPE,UPSTREAM_PRODUCT_REPRESENTATIVE,UNCHANGED,control=/usr/lib/opkg/info/lua.control; list=/usr/lib/opkg/info/lua.list; status_version_matches=True
199933,minizip,4.0.7-2,package/utils/minizip,minizip,"minizip is a zip manipulation library written in C that is supported on Windows, macOS, and Linux","libc, zlib, libopenssl3",/usr/bin/minizip,minizip,LIBRARY_PACKAGE,AMBIGUOUS,minizip-ng,4.0.7,cpe:2.3:a:zlib-ng:minizip-ng:4.0.7:*:*:*:*:*:*:*,UNIQUE_GT_CPE,,,minizip,cpe:2.3:a:zlib-ng:minizip-ng:4.0.7:*:*:*:*:*:*:*,cpe:2.3:a:zlib-ng:minizip-ng:4.0.7:*:*:*:*:*:*:*,OFFICIAL_CPE_MAPPED,OFFICIAL_CPE_MAPPED,KEEP_GT_CPE,UNIQUE_CANONICAL_GT_CPE,UNCHANGED,control=/usr/lib/opkg/info/minizip.control; list=/usr/lib/opkg/info/minizip.list; status_version_matches=True
199956,open62541,v1.4.0-r,package/libs/open62541,open62541,Open source implementation of OPC UA (OPC Unified Architecture) aka IEC 62541 licensed under Mozilla Public License v2.0,"libc, libopenssl3, libatomic1",/usr/lib/libopen62541.so.0.0.0 | /usr/lib/libopen62541.so,open62541,LIBRARY_PACKAGE,AMBIGUOUS,open62541,1.4.0,cpe:2.3:a:open62541:open62541:1.4.0:-:*:*:*:*:*:*,UNIQUE_GT_CPE,,,open62541,cpe:2.3:a:open62541:open62541:1.4.0:-:*:*:*:*:*:*,cpe:2.3:a:open62541:open62541:1.4.0:-:*:*:*:*:*:*,VERSION_NOT_IN_DICTIONARY,VERSION_NOT_IN_DICTIONARY,KEEP_GT_CPE,UNIQUE_CANONICAL_GT_CPE,UNCHANGED,control=/usr/lib/opkg/info/open62541.control; list=/usr/lib/opkg/info/open62541.list; status_version_matches=True
199958,openssl-util,3.0.14-3,package/libs/openssl,openssl-util,"The OpenSSL Project is a collaborative effort to develop a robust,
commercial-grade, full-featured, and Open Source toolkit implementing the
Transport Layer Security (TLS) protocol as well as a full-strength
general-purpose cryptography library.
This package contains the OpenSSL command-line utility.","libc, libopenssl3, libopenssl-conf, libopenssl-legacy",/usr/bin/openssl,libopenssl-conf | libopenssl-legacy | libopenssl3 | openssl-util,UTILITY_OR_CLI_PACKAGE,PARTIAL_OR_SPLIT_COMPONENT,OpenSSL,3.0.14,cpe:2.3:a:openssl:openssl:3.0.14:*:*:*:*:*:*:*,DUPLICATED_GT_CPE,DUP-05,REPRESENTATIVE_AMBIGUOUS,,cpe:2.3:a:openssl:openssl:3.0.14:*:*:*:*:*:*:*,cpe:2.3:a:openssl:openssl:3.0.14:*:*:*:*:*:*:*,OFFICIAL_CPE_MAPPED,OFFICIAL_CPE_MAPPED,REVIEW_REQUIRED,NO_UNIQUE_PRODUCT_REPRESENTATIVE_ESTABLISHED,REVIEW_REQUIRED,control=/usr/lib/opkg/info/openssl-util.control; list=/usr/lib/opkg/info/openssl-util.list; status_version_matches=True
199959,openvpn-openssl,2.6.9-5,package/network/services/openvpn,openvpn-openssl,Open source VPN solution using OpenSSL,"libc, kmod-tun, libcap-ng, liblzo2, libnl-genl200, kmod-ovpn-dco-v2, libopenssl3, libubus20210630, libubox20240329",/usr/sbin/openvpn | /usr/libexec/openvpn-hotplug | /etc/openvpn/express_template.ovpn | /etc/openvpn.user | /lib/functions/openvpn.sh | /usr/share/openvpn/openvpn.options,openvpn-openssl,PRODUCT_OR_MAIN_PACKAGE,POSSIBLE_PRODUCT_CANDIDATE,OpenVPN,2.6.9,cpe:2.3:a:openvpn:openvpn:2.6.9:*:*:*:community:*:*:*,UNIQUE_GT_CPE,,,openvpn-openssl,cpe:2.3:a:openvpn:openvpn:2.6.9:*:*:*:community:*:*:*,cpe:2.3:a:openvpn:openvpn:2.6.9:*:*:*:community:*:*:*,OFFICIAL_CPE_MAPPED,OFFICIAL_CPE_MAPPED,KEEP_GT_CPE,UNIQUE_CANONICAL_GT_CPE,UNCHANGED,control=/usr/lib/opkg/info/openvpn-openssl.control; list=/usr/lib/opkg/info/openvpn-openssl.list; status_version_matches=True
199996,strongswan-charon,5.9.14-24,package/network/services/strongswan,strongswan-charon,"StrongSwan is an OpenSource IPsec implementation for the Linux operating system.
This package contains charon, an IKEv2 keying daemon.","libc, strongswan",/usr/lib/ipsec/charon | /usr/lib/ipsec/libcharon.so.0.0.0 | /usr/lib/ipsec/libcharon.so.0 | /etc/strongswan.d/charon.conf | /etc/strongswan.d/charon-logging.conf,strongswan | strongswan-charon | strongswan-minimal | strongswan-mod-connmark | strongswan-mod-constraints | strongswan-mod-des | strongswan-mod-eap-identity | strongswan-mod-eap-mschapv2 | strongswan-mod-kernel-netlink | strongswan-mod-md4 | strongswan-mod-mgf1 | strongswan-mod-nonce | strongswan-mod-openssl | strongswan-mod-pem | strongswan-mod-pgp | strongswan-mod-pkcs1 | strongswan-mod-pkcs8 | strongswan-mod-pubkey | strongswan-mod-random | strongswan-mod-revocation | strongswan-mod-sha1 | strongswan-mod-socket-default | strongswan-mod-updown | strongswan-mod-vici | strongswan-mod-x509 | strongswan-mod-xauth-generic | strongswan-mod-xcbc | strongswan-swanctl,SPLIT_RUNTIME_PACKAGE,PARTIAL_OR_SPLIT_COMPONENT,strongSwan,5.9.14,cpe:2.3:a:strongswan:strongswan:5.9.14:-:*:*:*:*:*:*,DUPLICATED_GT_CPE,DUP-07,KEEP_SINGLE_REPRESENTATIVE,strongswan,cpe:2.3:a:strongswan:strongswan:5.9.14:-:*:*:*:*:*:*,,VERSION_NOT_IN_DICTIONARY,DIRECT_OFFICIAL_CPE_NOT_CONFIRMED,REMOVE_DUPLICATED_GT_CPE,DERIVED_SPLIT_PACKAGE_NO_CPE_INHERITANCE,N/A,control=/usr/lib/opkg/info/strongswan-charon.control; list=/usr/lib/opkg/info/strongswan-charon.list; status_version_matches=True
200022,strongswan-swanctl,5.9.14-24,package/network/services/strongswan,strongswan-swanctl,"StrongSwan is an OpenSource IPsec implementation for the Linux operating system.
This package contains the swanctl utility.","libc, strongswan, strongswan-mod-vici",/usr/sbin/swanctl | /etc/swanctl/swanctl.conf | /etc/init.d/swanctl | /lib/upgrade/keep.d/strongswan-swanctl,strongswan | strongswan-charon | strongswan-minimal | strongswan-mod-connmark | strongswan-mod-constraints | strongswan-mod-des | strongswan-mod-eap-identity | strongswan-mod-eap-mschapv2 | strongswan-mod-kernel-netlink | strongswan-mod-md4 | strongswan-mod-mgf1 | strongswan-mod-nonce | strongswan-mod-openssl | strongswan-mod-pem | strongswan-mod-pgp | strongswan-mod-pkcs1 | strongswan-mod-pkcs8 | strongswan-mod-pubkey | strongswan-mod-random | strongswan-mod-revocation | strongswan-mod-sha1 | strongswan-mod-socket-default | strongswan-mod-updown | strongswan-mod-vici | strongswan-mod-x509 | strongswan-mod-xauth-generic | strongswan-mod-xcbc | strongswan-swanctl,UTILITY_OR_CLI_PACKAGE,PARTIAL_OR_SPLIT_COMPONENT,strongSwan,5.9.14,cpe:2.3:a:strongswan:strongswan:5.9.14:-:*:*:*:*:*:*,DUPLICATED_GT_CPE,DUP-07,KEEP_SINGLE_REPRESENTATIVE,strongswan,cpe:2.3:a:strongswan:strongswan:5.9.14:-:*:*:*:*:*:*,,VERSION_NOT_IN_DICTIONARY,DIRECT_OFFICIAL_CPE_NOT_CONFIRMED,REMOVE_DUPLICATED_GT_CPE,DERIVED_SPLIT_PACKAGE_NO_CPE_INHERITANCE,N/A,control=/usr/lib/opkg/info/strongswan-swanctl.control; list=/usr/lib/opkg/info/strongswan-swanctl.list; status_version_matches=True
200023,strongswan,5.9.14-24,package/network/services/strongswan,strongswan,"StrongSwan is an OpenSource IPsec implementation for the Linux operating system.
This package contains shared libraries and scripts.","libc, libpthread, ip, kmod-crypto-aead, kmod-crypto-authenc, kmod-crypto-cbc, kmod-lib-zlib-inflate, kmod-lib-zlib-deflate, kmod-crypto-des, kmod-crypto-echainiv, kmod-crypto-hmac, kmod-crypto-md5, kmod-crypto-sha1, kmod-ipsec, kmod-ipsec4, kmod-ipsec6",/usr/lib/ipsec/libstrongswan.so.0 | /usr/lib/ipsec/libstrongswan.so.0.0.0 | /etc/strongswan.conf | /etc/config/ipsec | /lib/upgrade/keep.d/strongswan,strongswan | strongswan-charon | strongswan-minimal | strongswan-mod-connmark | strongswan-mod-constraints | strongswan-mod-des | strongswan-mod-eap-identity | strongswan-mod-eap-mschapv2 | strongswan-mod-kernel-netlink | strongswan-mod-md4 | strongswan-mod-mgf1 | strongswan-mod-nonce | strongswan-mod-openssl | strongswan-mod-pem | strongswan-mod-pgp | strongswan-mod-pkcs1 | strongswan-mod-pkcs8 | strongswan-mod-pubkey | strongswan-mod-random | strongswan-mod-revocation | strongswan-mod-sha1 | strongswan-mod-socket-default | strongswan-mod-updown | strongswan-mod-vici | strongswan-mod-x509 | strongswan-mod-xauth-generic | strongswan-mod-xcbc | strongswan-swanctl,PRODUCT_OR_MAIN_PACKAGE,DIRECT_PRODUCT_CANDIDATE,strongSwan,5.9.14,cpe:2.3:a:strongswan:strongswan:5.9.14:-:*:*:*:*:*:*,DUPLICATED_GT_CPE,DUP-07,KEEP_SINGLE_REPRESENTATIVE,strongswan,cpe:2.3:a:strongswan:strongswan:5.9.14:-:*:*:*:*:*:*,cpe:2.3:a:strongswan:strongswan:5.9.14:-:*:*:*:*:*:*,VERSION_NOT_IN_DICTIONARY,VERSION_NOT_IN_DICTIONARY,KEEP_GT_CPE,UPSTREAM_PRODUCT_REPRESENTATIVE,UNCHANGED,control=/usr/lib/opkg/info/strongswan.control; list=/usr/lib/opkg/info/strongswan.list; status_version_matches=True
200186,wireguard-tools,1.0.20210223-4,package/network/utils/wireguard-tools,wireguard-tools,"WireGuard is a novel VPN that runs inside the Linux Kernel and utilizes
state-of-the-art cryptography. It aims to be faster, simpler, leaner, and
more useful than IPSec, while avoiding the massive headache. It intends to
be considerably more performant than OpenVPN.  WireGuard is designed as a
general purpose VPN for running on embedded interfaces and super computers
alike, fit for many different circumstances. It uses UDP.

This package provides the userspace control program for WireGuard,
`wg(8)`, a netifd protocol helper, and a re-resolve watchdog script.","libc, kmod-wireguard",/usr/bin/wg | /lib/netifd/proto/wireguard.sh | /usr/share/wireguard/18-wireguard,wireguard-tools,UTILITY_OR_CLI_PACKAGE,POSSIBLE_PRODUCT_CANDIDATE,WireGuard,1.0.20210223,cpe:2.3:a:wireguard:wireguard:1.0.20210223:*:*:*:*:*:*:*,UNIQUE_GT_CPE,,,wireguard-tools,cpe:2.3:a:wireguard:wireguard:1.0.20210223:*:*:*:*:*:*:*,cpe:2.3:a:wireguard:wireguard:1.0.20210223:*:*:*:*:*:*:*,VERSION_NOT_IN_DICTIONARY,VERSION_NOT_IN_DICTIONARY,KEEP_GT_CPE,UNIQUE_CANONICAL_GT_CPE,UNCHANGED,control=/usr/lib/opkg/info/wireguard-tools.control; list=/usr/lib/opkg/info/wireguard-tools.list; status_version_matches=True
200192,zlib,1.2.11-4,package/libs/zlib,zlib,"zlib is a lossless data-compression library.
This package includes the shared library.",libc,/usr/lib/libz.so.1.2.11 | /usr/lib/libz.so.1,zlib,LIBRARY_PACKAGE,AMBIGUOUS,zlib,1.2.11,cpe:2.3:a:zlib:zlib:1.2.11:*:*:*:*:*:*:*,UNIQUE_GT_CPE,,,zlib,cpe:2.3:a:zlib:zlib:1.2.11:*:*:*:*:*:*:*,cpe:2.3:a:zlib:zlib:1.2.11:*:*:*:*:*:*:*,OFFICIAL_CPE_MAPPED,OFFICIAL_CPE_MAPPED,KEEP_GT_CPE,UNIQUE_CANONICAL_GT_CPE,UNCHANGED,control=/usr/lib/opkg/info/zlib.control; list=/usr/lib/opkg/info/zlib.list; status_version_matches=True
200193,linux_kernel,5.15.176,NON_OPKG_DIRECT_ARTIFACT,linux_kernel,properties source_path -> /logs/firmware/binwalk_extracted/firmware.extracted/0/MIPS_OpenWrt_Linux-5.15.176.bin.extracted/0/decompressed.bin; exact firmware uImage identifies Linux 5.15.176; module paths are present under /lib/modules/5.15.176,,/logs/firmware/binwalk_extracted/firmware.extracted/0/MIPS_OpenWrt_Linux-5.15.176.bin.extracted/0/decompressed.bin | /logs/firmware/binwalk_extracted/firmware.extracted/260000/squashfs-root/lib/modules/5.15.176/compat.ko | /logs/firmware/binwalk_extracted/firmware.extracted/260000/squashfs-root/lib/modules/5.15.176/ovpn-dco-v2.ko | /logs/firmware/binwalk_extracted/firmware.extracted/260000/squashfs-root/lib/modules/5.15.176/cfg80211.ko | /logs/firmware/binwalk_extracted/firmware.extracted/260000/squashfs-root/lib/modules/5.15.176/pulse_counter.ko | /logs/firmware/binwalk_extracted/firmware.extracted/260000/squashfs-root/lib/modules/5.15.176/gpio-button-hotplug.ko | /logs/firmware/binwalk_extracted/firmware.extracted/260000/squashfs-root/lib/modules/5.15.176/mt7603e.ko | /logs/firmware/binwalk_extracted/firmware.extracted/260000/squashfs-root/lib/modules/5.15.176/tlt_gpio.ko | /logs/firmware/binwalk_extracted/firmware.extracted/260000/squashfs-root/lib/modules/5.15.176/mac80211.ko,,KERNEL_OR_KMOD,DIRECT_PRODUCT_EVIDENCE,Linux kernel,5.15.176,cpe:2.3:o:linux:linux_kernel:5.15.176:*:*:*:*:*:*:*,UNIQUE_GT_CPE,,,linux_kernel,cpe:2.3:o:linux:linux_kernel:5.15.176:*:*:*:*:*:*:*,cpe:2.3:o:linux:linux_kernel:5.15.176:*:*:*:*:*:*:*,CPE_CONFIRMED,CPE_CONFIRMED,KEEP_GT_CPE,UNIQUE_CANONICAL_GT_CPE,UNCHANGED,/logs/firmware/binwalk_extracted/firmware.extracted/0/MIPS_OpenWrt_Linux-5.15.176.bin.extracted/0/decompressed.bin | /logs/firmware/binwalk_extracted/firmware.extracted/260000/squashfs-root/lib/modules/5.15.176/compat.ko | /logs/firmware/binwalk_extracted/firmware.extracted/260000/squashfs-root/lib/modules/5.15.176/ovpn-dco-v2.ko | /logs/firmware/binwalk_extracted/firmware.extracted/260000/squashfs-root/lib/modules/5.15.176/cfg80211.ko | /logs/firmware/binwalk_extracted/firmware.extracted/260000/squashfs-root/lib/modules/5.15.176/pulse_counter.ko | /logs/firmware/binwalk_extracted/firmware.extracted/260000/squashfs-root/lib/modules/5.15.176/gpio-button-hotplug.ko | /logs/firmware/binwalk_extracted/firmware.extracted/260000/squashfs-root/lib/modules/5.15.176/mt7603e.ko | /logs/firmware/binwalk_extracted/firmware.extracted/260000/squashfs-root/lib/modules/5.15.176/tlt_gpio.ko | /logs/firmware/binwalk_extracted/firmware.extracted/260000/squashfs-root/lib/modules/5.15.176/mac80211.ko
200196,sqlite,3.41.2,NON_OPKG_DIRECT_ARTIFACT,sqlite,properties source_path -> /usr/lib/libsqlite3.so.0.8.6; detector identity/version evidence retained from exact firmware,,/logs/firmware/binwalk_extracted/firmware.extracted/260000/squashfs-root/usr/lib/libsqlite3.so.0.8.6,,LIBRARY_PACKAGE,POSSIBLE_PRODUCT,SQLite,3.41.2,cpe:2.3:a:sqlite:sqlite:3.41.2:*:*:*:*:*:*:*,DUPLICATED_GT_CPE,DUP-06,KEEP_SINGLE_REPRESENTATIVE,sqlite,cpe:2.3:a:sqlite:sqlite:3.41.2:*:*:*:*:*:*:*,cpe:2.3:a:sqlite:sqlite:3.41.2:*:*:*:*:*:*:*,CPE_CONFIRMED,CPE_CONFIRMED,KEEP_GT_CPE,UPSTREAM_PRODUCT_REPRESENTATIVE,UNCHANGED,/logs/firmware/binwalk_extracted/firmware.extracted/260000/squashfs-root/usr/lib/libsqlite3.so.0.8.6
200198,wpa_supplicant,2.11,NON_OPKG_DIRECT_ARTIFACT,wpa_supplicant,properties source_path -> /usr/sbin/wpad; detector identity/version evidence retained from exact firmware,,/logs/firmware/binwalk_extracted/firmware.extracted/260000/squashfs-root/usr/sbin/wpad,,UTILITY_OR_CLI_PACKAGE,POSSIBLE_PRODUCT,wpa_supplicant,2.11-devel,cpe:2.3:a:w1.fi:wpa_supplicant:2.11:devel:*:*:*:*:*:*,UNIQUE_GT_CPE,,,wpa_supplicant,cpe:2.3:a:w1.fi:wpa_supplicant:2.11:devel:*:*:*:*:*:*,cpe:2.3:a:w1.fi:wpa_supplicant:2.11:devel:*:*:*:*:*:*,VERSION_NOT_IN_DICTIONARY,VERSION_NOT_IN_DICTIONARY,KEEP_GT_CPE,UNIQUE_CANONICAL_GT_CPE,UNCHANGED,/logs/firmware/binwalk_extracted/firmware.extracted/260000/squashfs-root/usr/sbin/wpad
200199,openwrt,21.02.0:r16279-5cc0535800,NON_OPKG_DIRECT_ARTIFACT,openwrt,properties source_path -> /etc/openwrt_release; detector identity/version evidence retained from exact firmware,,/logs/firmware/binwalk_extracted/firmware.extracted/260000/squashfs-root/etc/openwrt_release,,PRODUCT_OR_MAIN_PACKAGE,DIRECT_PRODUCT_EVIDENCE,OpenWrt,21.02.0,cpe:2.3:o:openwrt:openwrt:21.02.0:-:*:*:*:*:*:*,UNIQUE_GT_CPE,,,openwrt,cpe:2.3:o:openwrt:openwrt:21.02.0:-:*:*:*:*:*:*,cpe:2.3:o:openwrt:openwrt:21.02.0:-:*:*:*:*:*:*,OFFICIAL_CPE_MAPPED,OFFICIAL_CPE_MAPPED,KEEP_GT_CPE,UNIQUE_CANONICAL_GT_CPE,UNCHANGED,/logs/firmware/binwalk_extracted/firmware.extracted/260000/squashfs-root/etc/openwrt_release
