part_raw,vendor_raw,product_raw,component_count,unique_cpe_count,image_count
a,GehirnInc,crypt,1,1,1
a,JoshGlazebrook,smart-buffer,1,1,1
a,JoshGlazebrook,socks,1,1,1
a,Simple_Launcher,Simple_Launcher,6,1,1
a,TooTallNate,agent-base,1,1,1
a,\@gar\/promise-retry,\@gar\/promise-retry,1,1,1
a,\@isaacs\/fs-minipass,\@isaacs\/fs-minipass,1,1,1
a,\@isaacs\/string-locale-compare,\@isaacs\/string-locale-compare,1,1,1
a,\@npmcli\/agent,\@npmcli\/agent,1,1,1
a,\@npmcli\/config,\@npmcli\/config,1,1,1
a,\@npmcli\/fs,\@npmcli\/fs,1,1,1
a,\@npmcli\/git,\@npmcli\/git,1,1,1
a,\@npmcli\/installed-package-contents,\@npmcli\/installed-package-contents,1,1,1
a,\@npmcli\/map-workspaces,\@npmcli\/map-workspaces,1,1,1
a,\@npmcli\/metavuln-calculator,\@npmcli\/metavuln-calculator,1,1,1
a,\@npmcli\/name-from-folder,\@npmcli\/name-from-folder,1,1,1
a,\@npmcli\/node-gyp,\@npmcli\/node-gyp,1,1,1
a,\@npmcli\/package-json,\@npmcli\/package-json,1,1,1
a,\@npmcli\/promise-spawn,\@npmcli\/promise-spawn,1,1,1
a,\@npmcli\/query,\@npmcli\/query,1,1,1
a,\@npmcli\/redact,\@npmcli\/redact,1,1,1
a,\@npmcli\/run-script,\@npmcli\/run-script,1,1,1
a,\@sigstore\/bundle,\@sigstore\/bundle,1,1,1
a,\@sigstore\/core,\@sigstore\/core,1,1,1
a,\@sigstore\/protobuf-specs,\@sigstore\/protobuf-specs,1,1,1
a,\@sigstore\/sign,\@sigstore\/sign,1,1,1
a,\@sigstore\/tuf,\@sigstore\/tuf,1,1,1
a,\@sigstore\/verify,\@sigstore\/verify,1,1,1
a,\@tufjs\/canonical-json,\@tufjs\/canonical-json,1,1,1
a,abbrev,abbrev,1,1,1
a,adduser,adduser,3,2,3
a,alpine-baselayout,alpine-baselayout,1,1,1
a,alpine-baselayout-data,alpine-baselayout-data,1,1,1
a,alpine-keys,alpine-keys,1,1,1
a,alpine-release,alpine-release,1,1,1
a,apk-tools,apk-tools,1,1,1
a,aproba,aproba,1,1,1
a,apt,apt,7,3,7
a,"armin_rigo\,_maciej_fijalkowski_project",python-cffi,1,1,1
a,autoconf,autoconf,2,2,2
a,automake,automake,2,2,2
a,autotools-dev,autotools-dev,2,2,2
a,balanced-match,balanced-match,1,1,1
a,base-files,base-files,7,3,7
a,base-passwd,base-passwd,7,3,7
a,bash,bash,7,3,7
a,beaugunderson,ip-address,1,1,1
a,benjamin_peterson_project,python-six,1,1,1
a,bin-links,bin-links,1,1,1
a,binary-extensions,binary-extensions,1,1,1
a,binutils,binutils,2,2,2
a,binutils-common,binutils-common,2,2,2
a,binutils-x86-64-linux-gnu,binutils-x86-64-linux-gnu,2,2,2
a,bsdutils,bsdutils,7,3,7
a,busybox,busybox,2,2,2
a,busybox-binsh,busybox-binsh,1,1,1
a,bzip2,bzip2,2,2,2
a,ca-certificates,ca-certificates,4,3,4
a,ca-certificates-bundle,ca-certificates-bundle,1,1,1
a,cacache,cacache,1,1,1
a,canonical,go-flags,1,1,1
a,canonical,pebble,1,1,1
a,canonical,x-go,1,1,1
a,certifi,certifi,1,1,1
a,chalk,chalk,1,1,1
a,chownr,chownr,1,1,1
a,ci-info,ci-info,1,1,1
a,cidr-regex,cidr-regex,1,1,1
a,cmd-shim,cmd-shim,1,1,1
a,comerr-dev,comerr-dev,2,2,2
a,common-ancestor-path,common-ancestor-path,1,1,1
a,corepack,corepack,1,1,1
a,coreutils,coreutils,7,3,7
a,coreutils-from-uutils,coreutils-from-uutils,1,1,1
a,coreutils-single,coreutils-single,1,1,1
a,cpp,cpp,2,2,2
a,cpp-12,cpp-12,1,1,1
a,cpp-14,cpp-14,1,1,1
a,cpp-14-x86-64-linux-gnu,cpp-14-x86-64-linux-gnu,1,1,1
a,cpp-x86-64-linux-gnu,cpp-x86-64-linux-gnu,1,1,1
a,creationix,jsonparse,1,1,1
a,crypto-policies,crypto-policies,1,1,1
a,cryptography.io,cryptography,1,1,1
a,curl,curl,3,2,3
a,cyrus-sasl-lib,cyrus-sasl-lib,1,1,1
a,dash,dash,7,3,7
a,debconf,debconf,7,3,7
a,debian-archive-keyring,debian-archive-keyring,6,2,6
a,debianutils,debianutils,7,3,7
a,debug_project,debug,1,1,1
a,default-libmysqlclient-dev,default-libmysqlclient-dev,2,2,2
a,diffutils,diffutils,7,3,7
a,dirmngr,dirmngr,3,2,3
a,donald_stufft_\<donald_project,python-packaging,1,1,1
a,dpkg,dpkg,7,3,7
a,dpkg-dev,dpkg-dev,2,2,2
a,e2fsprogs,e2fsprogs,2,2,2
a,eli_bendersky_\<eliben_project,python-pycparser,1,1,1
a,env-paths,env-paths,1,1,1
a,eric_vergnaud_\<eric_vergnaud_project,python-antlr4-python3-runtime,1,1,1
a,exponential-backoff,exponential-backoff,1,1,1
a,fabian_fuelling_project,python-circuitbreaker,1,1,1
a,fastest-levenshtein,fastest-levenshtein,1,1,1
a,file,file,2,2,2
a,findutils,findutils,7,3,7
a,fontconfig,fontconfig,2,2,2
a,fontconfig-config,fontconfig-config,3,2,3
a,fonts-dejavu-core,fonts-dejavu-core,3,2,3
a,fonts-dejavu-mono,fonts-dejavu-mono,2,1,2
a,fs-minipass,fs-minipass,1,1,1
a,g\+\+,g\+\+,2,2,2
a,g\+\+-12,g\+\+-12,1,1,1
a,g\+\+-14,g\+\+-14,1,1,1
a,g\+\+-14-x86-64-linux-gnu,g\+\+-14-x86-64-linux-gnu,1,1,1
a,g\+\+-x86-64-linux-gnu,g\+\+-x86-64-linux-gnu,1,1,1
a,gcc,gcc,2,2,2
a,gcc-12,gcc-12,1,1,1
a,gcc-12-base,gcc-12-base,1,1,1
a,gcc-14,gcc-14,1,1,1
a,gcc-14-base,gcc-14-base,5,1,5
a,gcc-14-x86-64-linux-gnu,gcc-14-x86-64-linux-gnu,1,1,1
a,gcc-16-base,gcc-16-base,1,1,1
a,gcc-x86-64-linux-gnu,gcc-x86-64-linux-gnu,1,1,1
a,gettext-base,gettext-base,1,1,1
a,gir1.2-freedesktop,gir1.2-freedesktop,2,2,2
a,gir1.2-freedesktop-dev,gir1.2-freedesktop-dev,1,1,1
a,gir1.2-gdkpixbuf-2.0,gir1.2-gdkpixbuf-2.0,2,2,2
a,gir1.2-glib-2.0,gir1.2-glib-2.0,2,2,2
a,gir1.2-glib-2.0-dev,gir1.2-glib-2.0-dev,1,1,1
a,gir1.2-harfbuzz-0.0,gir1.2-harfbuzz-0.0,1,1,1
a,gir1.2-pango-1.0,gir1.2-pango-1.0,1,1,1
a,gir1.2-rsvg-2.0,gir1.2-rsvg-2.0,2,2,2
a,girepository-tools,girepository-tools,1,1,1
a,git,git,2,2,2
a,git-man,git-man,2,2,2
a,glibc-minimal-langpack,glibc-minimal-langpack,1,1,1
a,gnu-coreutils,gnu-coreutils,1,1,1
a,gnupg,gnupg,3,2,3
a,gnupg-l10n,gnupg-l10n,3,2,3
a,gnupg-utils,gnupg-utils,1,1,1
a,gobject-introspection,gobject-introspection,1,1,1
a,golang,go,3,2,3
a,golang,networking,1,1,1
a,golang,x\/sys,3,2,3
a,golang,x\/term,1,1,1
a,gorilla,mux,1,1,1
a,gorilla,websocket,1,1,1
a,gpg,gpg,3,2,3
a,gpg-agent,gpg-agent,3,2,3
a,gpg-pubkey,gpg-pubkey,2,2,1
a,gpg-wks-client,gpg-wks-client,1,1,1
a,gpg-wks-server,gpg-wks-server,1,1,1
a,gpgconf,gpgconf,3,2,3
a,gpgsm,gpgsm,3,2,3
a,gpgv,gpgv,2,2,2
a,graceful-fs,graceful-fs,1,1,1
a,grep,grep,7,3,7
a,gustavo_niemeyer_project,python-dateutil,1,1,1
a,gzip,gzip,7,3,7
a,heatwave-chat,heatwave-chat,1,1,1
a,hicolor-icon-theme,hicolor-icon-theme,2,2,2
a,hosted-git-info,hosted-git-info,1,1,1
a,hostname,hostname,7,3,7
a,http-cache-semantics_project,http-cache-semantics,1,1,1
a,http-proxy-agent,http-proxy-agent,1,1,1
a,https-proxy-agent_project,https-proxy-agent,1,1,1
a,iconv-lite,iconv-lite,1,1,1
a,icu-devtools,icu-devtools,2,2,2
a,ignore-walk,ignore-walk,1,1,1
a,imagemagick,imagemagick,2,2,2
a,imagemagick-6-common,imagemagick-6-common,1,1,1
a,imagemagick-6.q16,imagemagick-6.q16,1,1,1
a,imagemagick-7-common,imagemagick-7-common,1,1,1
a,imagemagick-7.q16,imagemagick-7.q16,1,1,1
a,ini_project,ini,1,1,1
a,init-package-json,init-package-json,1,1,1
a,init-system-helpers,init-system-helpers,7,3,7
a,is-cidr,is-cidr,1,1,1
a,isaacs,glob,1,1,1
a,isaacs,isexe,1,1,1
a,isaacs,lru-cache,1,1,1
a,jeff_forcier_\<jeff_project,python-paramiko,1,1,1
a,jeff_forcier_project,python-invoke,1,1,1
a,jonschlinkert,picomatch,1,1,1
a,json-parse-even-better-errors,json-parse-even-better-errors,1,1,1
a,json-stringify-nice,json-stringify-nice,1,1,1
a,juliangruber,brace-expansion,1,1,1
a,just-diff,just-diff,1,1,1
a,just-diff-apply,just-diff-apply,1,1,1
a,keyutils-libs,keyutils-libs,1,1,1
a,kirill_simonov_project,python-pyyaml,1,1,1
a,kpdecker,jsdiff,1,1,1
a,krb5-multidev,krb5-multidev,2,2,2
a,less,less,1,1,1
a,libabsl20240722,libabsl20240722,1,1,1
a,libacl1,libacl1,7,3,7
a,libaom3,libaom3,2,2,2
a,libapk,libapk,1,1,1
a,libapr1,libapr1,1,1,1
a,libapr1t64,libapr1t64,1,1,1
a,libaprutil1,libaprutil1,1,1,1
a,libaprutil1t64,libaprutil1t64,1,1,1
a,libapt-pkg6.0,libapt-pkg6.0,1,1,1
a,libapt-pkg7.0,libapt-pkg7.0,6,2,6
a,libasan8,libasan8,2,2,2
a,libassuan0,libassuan0,1,1,1
a,libassuan9,libassuan9,2,1,2
a,libatomic1,libatomic1,2,2,2
a,libattr1,libattr1,7,3,7
a,libaudit-common,libaudit-common,7,3,7
a,libaudit1,libaudit1,7,3,7
a,libavif16,libavif16,1,1,1
a,libbinutils,libbinutils,2,2,2
a,libblkid-dev,libblkid-dev,2,2,2
a,libblkid1,libblkid1,7,3,7
a,libbluetooth-dev,libbluetooth-dev,1,1,1
a,libbluetooth3,libbluetooth3,1,1,1
a,libbrotli-dev,libbrotli-dev,2,2,2
a,libbrotli1,libbrotli1,3,2,3
a,libbsd0,libbsd0,7,3,7
a,libbz2-1.0,libbz2-1.0,7,3,7
a,libbz2-dev,libbz2-dev,2,2,2
a,libc-bin,libc-bin,7,3,7
a,libc-dev-bin,libc-dev-bin,2,2,2
a,libc-gconv-modules-extra,libc-gconv-modules-extra,1,1,1
a,libc-l10n,libc-l10n,1,1,1
a,libc6,libc6,7,3,7
a,libc6-dev,libc6-dev,2,2,2
a,libcairo-gobject2,libcairo-gobject2,2,2,2
a,libcairo-script-interpreter2,libcairo-script-interpreter2,2,2,2
a,libcairo2,libcairo2,2,2,2
a,libcairo2-dev,libcairo2-dev,2,2,2
a,libcap-ng0,libcap-ng0,7,3,7
a,libcap2,libcap2,6,2,6
a,libcbor0.10,libcbor0.10,1,1,1
a,libcbor0.8,libcbor0.8,1,1,1
a,libcc1-0,libcc1-0,2,2,2
a,libcom-err2,libcom-err2,5,3,5
a,libcrypt-dev,libcrypt-dev,2,2,2
a,libcrypt1,libcrypt1,7,3,7
a,libcrypto3,libcrypto3,1,1,1
a,libctf-nobfd0,libctf-nobfd0,2,2,2
a,libctf0,libctf0,2,2,2
a,libcurl3-gnutls,libcurl3-gnutls,1,1,1
a,libcurl3t64-gnutls,libcurl3t64-gnutls,1,1,1
a,libcurl4,libcurl4,1,1,1
a,libcurl4-openssl-dev,libcurl4-openssl-dev,2,2,2
a,libcurl4t64,libcurl4t64,2,1,2
a,libdatrie-dev,libdatrie-dev,1,1,1
a,libdatrie1,libdatrie1,2,2,2
a,libdav1d-dev,libdav1d-dev,1,1,1
a,libdav1d6,libdav1d6,1,1,1
a,libdav1d7,libdav1d7,2,1,2
a,libdb-dev,libdb-dev,2,2,2
a,libdb5.3,libdb5.3,1,1,1
a,libdb5.3-dev,libdb5.3-dev,2,2,2
a,libdb5.3t64,libdb5.3t64,6,2,6
a,libde265-0,libde265-0,3,2,3
a,libdebconfclient0,libdebconfclient0,7,3,7
a,libdeflate-dev,libdeflate-dev,2,2,2
a,libdeflate0,libdeflate0,3,2,3
a,libdjvulibre-dev,libdjvulibre-dev,2,2,2
a,libdjvulibre-text,libdjvulibre-text,2,2,2
a,libdjvulibre21,libdjvulibre21,2,2,2
a,libdpkg-perl,libdpkg-perl,2,2,2
a,libedit2,libedit2,4,2,4
a,libelf1,libelf1,1,1,1
a,libelf1t64,libelf1t64,1,1,1
a,liberror-perl,liberror-perl,2,2,2
a,libevent-2.1-7,libevent-2.1-7,1,1,1
a,libevent-2.1-7t64,libevent-2.1-7t64,2,1,2
a,libevent-core-2.1-7,libevent-core-2.1-7,1,1,1
a,libevent-core-2.1-7t64,libevent-core-2.1-7t64,1,1,1
a,libevent-dev,libevent-dev,2,2,2
a,libevent-extra-2.1-7,libevent-extra-2.1-7,1,1,1
a,libevent-extra-2.1-7t64,libevent-extra-2.1-7t64,1,1,1
a,libevent-openssl-2.1-7,libevent-openssl-2.1-7,1,1,1
a,libevent-openssl-2.1-7t64,libevent-openssl-2.1-7t64,1,1,1
a,libevent-pthreads-2.1-7,libevent-pthreads-2.1-7,1,1,1
a,libevent-pthreads-2.1-7t64,libevent-pthreads-2.1-7t64,1,1,1
a,libexif-dev,libexif-dev,2,2,2
a,libexif12,libexif12,2,2,2
a,libexpat1,libexpat1,3,2,3
a,libexpat1-dev,libexpat1-dev,2,2,2
a,libext2fs2,libext2fs2,1,1,1
a,libext2fs2t64,libext2fs2t64,1,1,1
a,libffi-dev,libffi-dev,2,2,2
a,libffi8,libffi8,4,2,4
a,libfftw3-bin,libfftw3-bin,1,1,1
a,libfftw3-dev,libfftw3-dev,1,1,1
a,libfftw3-double3,libfftw3-double3,2,2,2
a,libfftw3-long3,libfftw3-long3,1,1,1
a,libfftw3-quad3,libfftw3-quad3,1,1,1
a,libfftw3-single3,libfftw3-single3,1,1,1
a,libfido2-1,libfido2-1,2,2,2
a,libfontconfig-dev,libfontconfig-dev,2,2,2
a,libfontconfig1,libfontconfig1,3,2,3
a,libfreetype-dev,libfreetype-dev,2,2,2
a,libfreetype6,libfreetype6,3,2,3
a,libfreetype6-dev,libfreetype6-dev,1,1,1
a,libfribidi-dev,libfribidi-dev,1,1,1
a,libfribidi0,libfribidi0,2,2,2
a,libgav1-1,libgav1-1,1,1,1
a,libgcc-12-dev,libgcc-12-dev,1,1,1
a,libgcc-14-dev,libgcc-14-dev,1,1,1
a,libgcc-s1,libgcc-s1,7,3,7
a,libgcrypt20,libgcrypt20,5,3,5
a,libgd3,libgd3,1,1,1
a,libgdbm-compat4,libgdbm-compat4,1,1,1
a,libgdbm-compat4t64,libgdbm-compat4t64,2,1,2
a,libgdbm-dev,libgdbm-dev,2,2,2
a,libgdbm6,libgdbm6,1,1,1
a,libgdbm6t64,libgdbm6t64,2,1,2
a,libgdk-pixbuf-2.0-0,libgdk-pixbuf-2.0-0,2,2,2
a,libgdk-pixbuf-2.0-dev,libgdk-pixbuf-2.0-dev,2,2,2
a,libgdk-pixbuf2.0-bin,libgdk-pixbuf2.0-bin,2,2,2
a,libgdk-pixbuf2.0-common,libgdk-pixbuf2.0-common,2,2,2
a,libgeoip1t64,libgeoip1t64,1,1,1
a,libgio-2.0-dev,libgio-2.0-dev,1,1,1
a,libgio-2.0-dev-bin,libgio-2.0-dev-bin,1,1,1
a,libgirepository-1.0-1,libgirepository-1.0-1,1,1,1
a,libgirepository-2.0-0,libgirepository-2.0-0,1,1,1
a,libglib2.0-0,libglib2.0-0,1,1,1
a,libglib2.0-0t64,libglib2.0-0t64,1,1,1
a,libglib2.0-bin,libglib2.0-bin,2,2,2
a,libglib2.0-data,libglib2.0-data,2,2,2
a,libglib2.0-dev,libglib2.0-dev,2,2,2
a,libglib2.0-dev-bin,libglib2.0-dev-bin,2,2,2
a,libgmp-dev,libgmp-dev,2,2,2
a,libgmp10,libgmp10,7,3,7
a,libgmpxx4ldbl,libgmpxx4ldbl,2,2,2
a,libgnutls-dane0t64,libgnutls-dane0t64,1,1,1
a,libgnutls-openssl27t64,libgnutls-openssl27t64,1,1,1
a,libgnutls28-dev,libgnutls28-dev,1,1,1
a,libgnutls30,libgnutls30,1,1,1
a,libgnutls30t64,libgnutls30t64,3,1,3
a,libgomp1,libgomp1,3,2,3
a,libgpg-error0,libgpg-error0,5,3,5
a,libgprofng0,libgprofng0,2,2,2
a,libgraphite2-3,libgraphite2-3,2,2,2
a,libgraphite2-dev,libgraphite2-dev,1,1,1
a,libgssapi-krb5-2,libgssapi-krb5-2,4,2,4
a,libgssrpc4,libgssrpc4,1,1,1
a,libgssrpc4t64,libgssrpc4t64,1,1,1
a,libharfbuzz-cairo0,libharfbuzz-cairo0,1,1,1
a,libharfbuzz-dev,libharfbuzz-dev,1,1,1
a,libharfbuzz-gobject0,libharfbuzz-gobject0,1,1,1
a,libharfbuzz-icu0,libharfbuzz-icu0,1,1,1
a,libharfbuzz-subset0,libharfbuzz-subset0,1,1,1
a,libharfbuzz0b,libharfbuzz0b,2,2,2
a,libheif-plugin-dav1d,libheif-plugin-dav1d,2,1,2
a,libheif-plugin-libde265,libheif-plugin-libde265,2,1,2
a,libheif1,libheif1,3,2,3
a,libhogweed6,libhogweed6,1,1,1
a,libhogweed6t64,libhogweed6t64,5,1,5
a,libhwasan0,libhwasan0,1,1,1
a,libice-dev,libice-dev,2,2,2
a,libice6,libice6,2,2,2
a,libicu-dev,libicu-dev,2,2,2
a,libicu72,libicu72,1,1,1
a,libicu76,libicu76,2,1,2
a,libidn2-0,libidn2-0,4,2,4
a,libidn2-dev,libidn2-dev,1,1,1
a,libimagequant0,libimagequant0,1,1,1
a,libimath-3-1-29,libimath-3-1-29,1,1,1
a,libimath-3-1-29t64,libimath-3-1-29t64,1,1,1
a,libimath-dev,libimath-dev,2,2,2
a,libintl,libintl,1,1,1
a,libisl23,libisl23,2,2,2
a,libitm1,libitm1,2,2,2
a,libjansson4,libjansson4,2,2,2
a,libjbig-dev,libjbig-dev,2,2,2
a,libjbig0,libjbig0,3,2,3
a,libjpeg-dev,libjpeg-dev,2,2,2
a,libjpeg62-turbo,libjpeg62-turbo,3,2,3
a,libjpeg62-turbo-dev,libjpeg62-turbo-dev,2,2,2
a,libjson-perl,libjson-perl,1,1,1
a,libk5crypto3,libk5crypto3,4,2,4
a,libkadm5clnt-mit12,libkadm5clnt-mit12,2,2,2
a,libkadm5srv-mit12,libkadm5srv-mit12,2,2,2
a,libkdb5-10,libkdb5-10,1,1,1
a,libkdb5-10t64,libkdb5-10t64,1,1,1
a,libkeyutils1,libkeyutils1,4,2,4
a,libkrb5-3,libkrb5-3,4,2,4
a,libkrb5-dev,libkrb5-dev,2,2,2
a,libkrb5support0,libkrb5support0,4,2,4
a,libksba8,libksba8,3,2,3
a,liblastlog2-2,liblastlog2-2,5,1,5
a,liblcms2-2,liblcms2-2,2,2,2
a,liblcms2-dev,liblcms2-dev,2,2,2
a,libldap-2.5-0,libldap-2.5-0,1,1,1
a,libldap-dev,libldap-dev,1,1,1
a,libldap2,libldap2,3,1,3
a,liblerc-dev,liblerc-dev,2,2,2
a,liblerc4,liblerc4,3,2,3
a,libllvm19,libllvm19,1,1,1
a,liblqr-1-0,liblqr-1-0,2,2,2
a,liblqr-1-0-dev,liblqr-1-0-dev,2,2,2
a,liblsan0,liblsan0,2,2,2
a,libltdl-dev,libltdl-dev,2,2,2
a,libltdl7,libltdl7,2,2,2
a,liblz4-1,liblz4-1,7,3,7
a,liblzma-dev,liblzma-dev,2,2,2
a,liblzma5,liblzma5,7,3,7
a,liblzo2-2,liblzo2-2,2,2,2
a,libmagic-mgc,libmagic-mgc,2,2,2
a,libmagic1,libmagic1,1,1,1
a,libmagic1t64,libmagic1t64,1,1,1
a,libmagickcore-6-arch-config,libmagickcore-6-arch-config,1,1,1
a,libmagickcore-6-headers,libmagickcore-6-headers,1,1,1
a,libmagickcore-6.q16-6,libmagickcore-6.q16-6,1,1,1
a,libmagickcore-6.q16-6-extra,libmagickcore-6.q16-6-extra,1,1,1
a,libmagickcore-6.q16-dev,libmagickcore-6.q16-dev,1,1,1
a,libmagickcore-7-arch-config,libmagickcore-7-arch-config,1,1,1
a,libmagickcore-7-headers,libmagickcore-7-headers,1,1,1
a,libmagickcore-7.q16-10,libmagickcore-7.q16-10,1,1,1
a,libmagickcore-7.q16-10-extra,libmagickcore-7.q16-10-extra,1,1,1
a,libmagickcore-7.q16-dev,libmagickcore-7.q16-dev,1,1,1
a,libmagickcore-dev,libmagickcore-dev,2,2,2
a,libmagickwand-6-headers,libmagickwand-6-headers,1,1,1
a,libmagickwand-6.q16-6,libmagickwand-6.q16-6,1,1,1
a,libmagickwand-6.q16-dev,libmagickwand-6.q16-dev,1,1,1
a,libmagickwand-7-headers,libmagickwand-7-headers,1,1,1
a,libmagickwand-7.q16-10,libmagickwand-7.q16-10,1,1,1
a,libmagickwand-7.q16-dev,libmagickwand-7.q16-dev,1,1,1
a,libmagickwand-dev,libmagickwand-dev,2,2,2
a,libmariadb-dev,libmariadb-dev,2,2,2
a,libmariadb-dev-compat,libmariadb-dev-compat,2,2,2
a,libmariadb3,libmariadb3,2,2,2
a,libmaxminddb-dev,libmaxminddb-dev,2,2,2
a,libmaxminddb0,libmaxminddb0,2,2,2
a,libmd0,libmd0,7,3,7
a,libmount-dev,libmount-dev,2,2,2
a,libmount1,libmount1,7,3,7
a,libmpc3,libmpc3,2,2,2
a,libmpfr6,libmpfr6,2,2,2
a,libncurses-dev,libncurses-dev,2,2,2
a,libncurses5-dev,libncurses5-dev,1,1,1
a,libncurses6,libncurses6,2,2,2
a,libncursesw5-dev,libncursesw5-dev,1,1,1
a,libncursesw6,libncursesw6,4,3,4
a,libnettle8,libnettle8,1,1,1
a,libnettle8t64,libnettle8t64,5,1,5
a,libnghttp2-14,libnghttp2-14,3,2,3
a,libnghttp2-dev,libnghttp2-dev,1,1,1
a,libnghttp3-9,libnghttp3-9,2,1,2
a,libnghttp3-dev,libnghttp3-dev,1,1,1
a,libngtcp2-16,libngtcp2-16,1,1,1
a,libngtcp2-crypto-gnutls8,libngtcp2-crypto-gnutls8,1,1,1
a,libnpmaccess,libnpmaccess,1,1,1
a,libnpmdiff,libnpmdiff,1,1,1
a,libnpmexec,libnpmexec,1,1,1
a,libnpmfund,libnpmfund,1,1,1
a,libnpmorg,libnpmorg,1,1,1
a,libnpmpack,libnpmpack,1,1,1
a,libnpmpublish,libnpmpublish,1,1,1
a,libnpmsearch,libnpmsearch,1,1,1
a,libnpmteam,libnpmteam,1,1,1
a,libnpmversion,libnpmversion,1,1,1
a,libnpth0,libnpth0,1,1,1
a,libnpth0t64,libnpth0t64,2,1,2
a,libnsl-dev,libnsl-dev,1,1,1
a,libnsl2,libnsl2,1,1,1
a,libnss-wrapper,libnss-wrapper,1,1,1
a,libnuma1,libnuma1,2,2,2
a,libopenexr-3-1-30,libopenexr-3-1-30,2,2,2
a,libopenexr-dev,libopenexr-dev,2,2,2
a,libopenjp2-7,libopenjp2-7,2,2,2
a,libopenjp2-7-dev,libopenjp2-7-dev,2,2,2
a,libp11-kit-dev,libp11-kit-dev,1,1,1
a,libp11-kit0,libp11-kit0,4,2,4
a,libpam-modules,libpam-modules,7,3,7
a,libpam-modules-bin,libpam-modules-bin,7,3,7
a,libpam-runtime,libpam-runtime,7,3,7
a,libpam0g,libpam0g,7,3,7
a,libpango-1.0-0,libpango-1.0-0,2,2,2
a,libpango1.0-dev,libpango1.0-dev,1,1,1
a,libpangocairo-1.0-0,libpangocairo-1.0-0,2,2,2
a,libpangoft2-1.0-0,libpangoft2-1.0-0,2,2,2
a,libpangoxft-1.0-0,libpangoxft-1.0-0,1,1,1
a,libpcre2-16-0,libpcre2-16-0,2,2,2
a,libpcre2-32-0,libpcre2-32-0,2,2,2
a,libpcre2-8-0,libpcre2-8-0,7,3,7
a,libpcre2-dev,libpcre2-dev,2,2,2
a,libpcre2-posix3,libpcre2-posix3,2,2,2
a,libperl5.36,libperl5.36,1,1,1
a,libperl5.40,libperl5.40,2,1,2
a,libpixman-1-0,libpixman-1-0,2,2,2
a,libpixman-1-dev,libpixman-1-dev,2,2,2
a,libpkgconf3,libpkgconf3,2,2,2
a,libpng-dev,libpng-dev,2,2,2
a,libpng16-16,libpng16-16,1,1,1
a,libpng16-16t64,libpng16-16t64,2,1,2
a,libpq-dev,libpq-dev,2,2,2
a,libpq5,libpq5,3,3,3
a,libproc2-0,libproc2-0,4,3,4
a,libpsl-dev,libpsl-dev,1,1,1
a,libpsl5,libpsl5,1,1,1
a,libpsl5t64,libpsl5t64,2,1,2
a,libpthread-stubs0-dev,libpthread-stubs0-dev,1,1,1
a,libpython3-stdlib,libpython3-stdlib,2,2,2
a,libpython3.11-minimal,libpython3.11-minimal,1,1,1
a,libpython3.11-stdlib,libpython3.11-stdlib,1,1,1
a,libpython3.13-minimal,libpython3.13-minimal,1,1,1
a,libpython3.13-stdlib,libpython3.13-stdlib,1,1,1
a,libquadmath0,libquadmath0,2,2,2
a,librav1e0.7,librav1e0.7,1,1,1
a,libraw23t64,libraw23t64,1,1,1
a,libreadline-dev,libreadline-dev,2,2,2
a,libreadline8,libreadline8,1,1,1
a,libreadline8t64,libreadline8t64,2,1,2
a,libreport-filesystem,libreport-filesystem,1,1,1
a,librsvg2-2,librsvg2-2,2,2,2
a,librsvg2-common,librsvg2-common,2,2,2
a,librsvg2-dev,librsvg2-dev,2,2,2
a,librtmp-dev,librtmp-dev,1,1,1
a,librtmp1,librtmp1,3,2,3
a,libsasl2-2,libsasl2-2,5,2,5
a,libsasl2-modules,libsasl2-modules,1,1,1
a,libsasl2-modules-db,libsasl2-modules-db,5,2,5
a,libseccomp2,libseccomp2,7,3,7
a,libselinux1,libselinux1,7,3,7
a,libselinux1-dev,libselinux1-dev,2,2,2
a,libsemanage-common,libsemanage-common,7,3,7
a,libsemanage2,libsemanage2,7,3,7
a,libsepol-dev,libsepol-dev,2,2,2
a,libsepol2,libsepol2,7,3,7
a,libserf-1-1,libserf-1-1,2,2,2
a,libsframe1,libsframe1,1,1,1
a,libsharpyuv-dev,libsharpyuv-dev,1,1,1
a,libsharpyuv0,libsharpyuv0,2,1,2
a,libsm-dev,libsm-dev,2,2,2
a,libsm6,libsm6,2,2,2
a,libsmartcols1,libsmartcols1,7,3,7
a,libsqlite3-0,libsqlite3-0,6,2,6
a,libsqlite3-dev,libsqlite3-dev,2,2,2
a,libss2,libss2,2,2,2
a,libssh-config,libssh-config,1,1,1
a,libssh2-1,libssh2-1,1,1,1
a,libssh2-1-dev,libssh2-1-dev,1,1,1
a,libssh2-1t64,libssh2-1t64,2,1,2
a,libssl-dev,libssl-dev,2,2,2
a,libssl3,libssl3,2,2,2
a,libssl3t64,libssl3t64,6,2,6
a,libstdc\+\+-12-dev,libstdc\+\+-12-dev,1,1,1
a,libstdc\+\+-14-dev,libstdc\+\+-14-dev,1,1,1
a,libstdc\+\+6,libstdc\+\+6,7,3,7
a,libsvn1,libsvn1,2,2,2
a,libsvtav1enc2,libsvtav1enc2,1,1,1
a,libsysprof-capture-4-dev,libsysprof-capture-4-dev,1,1,1
a,libsystemd0,libsystemd0,7,3,7
a,libtasn1-6,libtasn1-6,4,2,4
a,libtasn1-6-dev,libtasn1-6-dev,1,1,1
a,libtcl8.6,libtcl8.6,1,1,1
a,libtext-charwidth-perl,libtext-charwidth-perl,2,1,2
a,libtext-wrapi18n-perl,libtext-wrapi18n-perl,2,1,2
a,libthai-data,libthai-data,2,2,2
a,libthai-dev,libthai-dev,1,1,1
a,libthai0,libthai0,2,2,2
a,libtiff-dev,libtiff-dev,2,2,2
a,libtiff6,libtiff6,3,2,3
a,libtiffxx6,libtiffxx6,2,2,2
a,libtinfo6,libtinfo6,7,3,7
a,libtirpc-common,libtirpc-common,1,1,1
a,libtirpc-dev,libtirpc-dev,1,1,1
a,libtirpc3,libtirpc3,1,1,1
a,libtk8.6,libtk8.6,1,1,1
a,libtool,libtool,2,2,2
a,libtsan2,libtsan2,2,2,2
a,libubsan1,libubsan1,2,2,2
a,libudev1,libudev1,7,3,7
a,libunbound8,libunbound8,1,1,1
a,libunistring2,libunistring2,1,1,1
a,libunistring5,libunistring5,3,1,3
a,liburing2,liburing2,1,1,1
a,libutf8proc2,libutf8proc2,1,1,1
a,libutf8proc3,libutf8proc3,1,1,1
a,libuuid1,libuuid1,7,3,7
a,libwebp-dev,libwebp-dev,2,2,2
a,libwebp7,libwebp7,3,2,3
a,libwebpdecoder3,libwebpdecoder3,1,1,1
a,libwebpdemux2,libwebpdemux2,2,2,2
a,libwebpmux3,libwebpmux3,2,2,2
a,libwmf-0.2-7,libwmf-0.2-7,2,2,2
a,libwmf-dev,libwmf-dev,2,2,2
a,libwmflite-0.2-7,libwmflite-0.2-7,2,2,2
a,libx11-6,libx11-6,3,2,3
a,libx11-data,libx11-data,3,2,3
a,libx11-dev,libx11-dev,2,2,2
a,libx265-199,libx265-199,1,1,1
a,libxau-dev,libxau-dev,2,2,2
a,libxau6,libxau6,3,2,3
a,libxcb-render0,libxcb-render0,2,2,2
a,libxcb-render0-dev,libxcb-render0-dev,2,2,2
a,libxcb-shm0,libxcb-shm0,2,2,2
a,libxcb-shm0-dev,libxcb-shm0-dev,2,2,2
a,libxcb1,libxcb1,3,2,3
a,libxcb1-dev,libxcb1-dev,2,2,2
a,libxdmcp-dev,libxdmcp-dev,2,2,2
a,libxdmcp6,libxdmcp6,3,2,3
a,libxext-dev,libxext-dev,2,2,2
a,libxext6,libxext6,2,2,2
a,libxft-dev,libxft-dev,1,1,1
a,libxft2,libxft2,1,1,1
a,libxml2,libxml2,4,2,4
a,libxml2-dev,libxml2-dev,2,2,2
a,libxpm4,libxpm4,1,1,1
a,libxrender-dev,libxrender-dev,2,2,2
a,libxrender1,libxrender1,2,2,2
a,libxslt1-dev,libxslt1-dev,2,2,2
a,libxslt1.1,libxslt1.1,4,2,4
a,libxss-dev,libxss-dev,1,1,1
a,libxss1,libxss1,1,1,1
a,libxt-dev,libxt-dev,2,2,2
a,libxt6,libxt6,1,1,1
a,libxt6t64,libxt6t64,1,1,1
a,libxxhash0,libxxhash0,7,3,7
a,libyaml-0-2,libyaml-0-2,2,2,2
a,libyaml-dev,libyaml-dev,2,2,2
a,libyuv0,libyuv0,1,1,1
a,libz3-4,libz3-4,1,1,1
a,libzstd-dev,libzstd-dev,2,2,2
a,libzstd1,libzstd1,7,3,7
a,linux-libc-dev,linux-libc-dev,2,2,2
a,locales,locales,1,1,1
a,login,login,7,3,7
a,login.defs,login.defs,6,2,6
a,logsave,logsave,2,2,2
a,m4,m4,2,2,2
a,make,make,2,2,2
a,make-fetch-happen,make-fetch-happen,1,1,1
a,mariadb-common,mariadb-common,2,2,2
a,mathiasbynens,cssesc,1,1,1
a,mawk,mawk,7,3,7
a,media-types,media-types,2,2,2
a,memcached,memcached,1,1,1
a,mercurial,mercurial,2,2,2
a,mercurial-common,mercurial-common,2,2,2
a,migration-shell-plugin,migration-shell-plugin,1,1,1
a,minimatch_project,minimatch,1,1,1
a,minipass,minipass,2,2,1
a,minipass-collect,minipass-collect,1,1,1
a,minipass-fetch,minipass-fetch,1,1,1
a,minipass-flush,minipass-flush,1,1,1
a,minipass-pipeline,minipass-pipeline,1,1,1
a,minipass-sized,minipass-sized,1,1,1
a,minizlib,minizlib,1,1,1
a,moby,sys\/user,2,1,2
a,mount,mount,7,3,7
a,mrs-notes,mrs-notes,1,1,1
a,mrs-scripts-example,mrs-scripts-example,1,1,1
a,mrs-sdk,mrs-sdk,1,1,1
a,mrs-shell-plugin,mrs-shell-plugin,1,1,1
a,msm-shell-plugin,msm-shell-plugin,1,1,1
a,musl-libc,musl,1,1,1
a,musl-utils,musl-utils,1,1,1
a,mute-stream,mute-stream,1,1,1
a,mysql-common,mysql-common,2,2,2
a,mysql-community-server-minimal,mysql-community-server-minimal,1,1,1
a,mysql-shell,mysql-shell,1,1,1
a,native-architecture,native-architecture,1,1,1
a,ncurses-base,ncurses-base,7,3,7
a,ncurses-bin,ncurses-bin,7,3,7
a,negotiator,negotiator,1,1,1
a,netbase,netbase,3,2,3
a,nettle-dev,nettle-dev,1,1,1
a,nginx,nginx,1,1,1
a,nginx-module-acme,nginx-module-acme,1,1,1
a,nginx-module-geoip,nginx-module-geoip,1,1,1
a,nginx-module-image-filter,nginx-module-image-filter,1,1,1
a,nginx-module-njs,nginx-module-njs,1,1,1
a,nginx-module-xslt,nginx-module-xslt,1,1,1
a,node-gyp,node-gyp,1,1,1
a,node_packaged_modules_project,node_packaged_modules,1,1,1
a,nodejs,node.js,1,1,1
a,nodejs,undici,1,1,1
a,nopt,nopt,1,1,1
a,npm-audit-report,npm-audit-report,1,1,1
a,npm-bundled,npm-bundled,1,1,1
a,npm-install-checks,npm-install-checks,1,1,1
a,npm-normalize-package-bin,npm-normalize-package-bin,1,1,1
a,npm-package-arg,npm-package-arg,1,1,1
a,npm-packlist,npm-packlist,1,1,1
a,npm-pick-manifest,npm-pick-manifest,1,1,1
a,npm-profile,npm-profile,1,1,1
a,npm-registry-fetch,npm-registry-fetch,1,1,1
a,npm-user-validate,npm-user-validate,1,1,1
a,npmjs,arborist,1,1,1
a,npmjs,semver,1,1,1
a,olivia_mackall_and_many_others_\<mercurial_project,python-mercurial,1,1,1
a,olivia_mackall_and_many_others_project,python-mercurial,1,1,1
a,openssh-client,openssh-client,2,2,2
a,openssl,openssl,4,2,4
a,openssl-fips-provider,openssl-fips-provider,1,1,1
a,openssl-fips-provider-so,openssl-fips-provider-so,1,1,1
a,openssl-provider-legacy,openssl-provider-legacy,6,2,6
a,oracle_\<joe_levy_project,python-oci,1,1,1
a,oracleamerica,alternatives,1,1,1
a,oracleamerica,audit-libs,1,1,1
a,oracleamerica,basesystem,1,1,1
a,oracleamerica,bash,1,1,1
a,oracleamerica,bzip2,1,1,1
a,oracleamerica,bzip2-libs,1,1,1
a,oracleamerica,curl,1,1,1
a,oracleamerica,dnf-data,1,1,1
a,oracleamerica,file-libs,1,1,1
a,oracleamerica,filesystem,1,1,1
a,oracleamerica,findutils,1,1,1
a,oracleamerica,gawk,1,1,1
a,oracleamerica,gdbm-libs,1,1,1
a,oracleamerica,glib2,1,1,1
a,oracleamerica,glibc,1,1,1
a,oracleamerica,glibc-common,1,1,1
a,oracleamerica,gmp,1,1,1
a,oracleamerica,gnupg2,1,1,1
a,oracleamerica,gnutls,1,1,1
a,oracleamerica,gpgme,1,1,1
a,oracleamerica,grep,1,1,1
a,oracleamerica,gzip,1,1,1
a,oracleamerica,json-c,1,1,1
a,oracleamerica,krb5-libs,1,1,1
a,oracleamerica,libacl,1,1,1
a,oracleamerica,libaio,1,1,1
a,oracleamerica,libarchive,1,1,1
a,oracleamerica,libassuan,1,1,1
a,oracleamerica,libattr,1,1,1
a,oracleamerica,libblkid,1,1,1
a,oracleamerica,libbrotli,1,1,1
a,oracleamerica,libcap,1,1,1
a,oracleamerica,libcap-ng,1,1,1
a,oracleamerica,libcom-err,1,1,1
a,oracleamerica,libcurl,1,1,1
a,oracleamerica,libdnf,1,1,1
a,oracleamerica,libevent,1,1,1
a,oracleamerica,libffi,1,1,1
a,oracleamerica,libgcc,1,1,1
a,oracleamerica,libgcrypt,1,1,1
a,oracleamerica,libgpg-error,1,1,1
a,oracleamerica,libidn2,1,1,1
a,oracleamerica,libksba,1,1,1
a,oracleamerica,libmodulemd,1,1,1
a,oracleamerica,libmount,1,1,1
a,oracleamerica,libnghttp2,1,1,1
a,oracleamerica,libpeas,1,1,1
a,oracleamerica,libpsl,1,1,1
a,oracleamerica,librepo,1,1,1
a,oracleamerica,libselinux,1,1,1
a,oracleamerica,libsemanage,1,1,1
a,oracleamerica,libsepol,1,1,1
a,oracleamerica,libsigsegv,1,1,1
a,oracleamerica,libsmartcols,1,1,1
a,oracleamerica,libsolv,1,1,1
a,oracleamerica,libssh,1,1,1
a,oracleamerica,libstdc\+\+,1,1,1
a,oracleamerica,libtasn1,1,1,1
a,oracleamerica,libtirpc,1,1,1
a,oracleamerica,libtool-ltdl,1,1,1
a,oracleamerica,libunistring,1,1,1
a,oracleamerica,libuuid,1,1,1
a,oracleamerica,libverto,1,1,1
a,oracleamerica,libxcrypt,1,1,1
a,oracleamerica,libxml2,1,1,1
a,oracleamerica,libyaml,1,1,1
a,oracleamerica,libzstd,1,1,1
a,oracleamerica,lua-libs,1,1,1
a,oracleamerica,lz4-libs,1,1,1
a,oracleamerica,microdnf,1,1,1
a,oracleamerica,mpfr,1,1,1
a,oracleamerica,ncurses-base,1,1,1
a,oracleamerica,ncurses-libs,1,1,1
a,oracleamerica,nettle,1,1,1
a,oracleamerica,npth,1,1,1
a,oracleamerica,openldap,1,1,1
a,oracleamerica,openssl,1,1,1
a,oracleamerica,openssl-libs,1,1,1
a,oracleamerica,p11-kit,1,1,1
a,oracleamerica,p11-kit-trust,1,1,1
a,oracleamerica,pcre,1,1,1
a,oracleamerica,pcre2,1,1,1
a,oracleamerica,pcre2-syntax,1,1,1
a,oracleamerica,popt,1,1,1
a,oracleamerica,readline,1,1,1
a,oracleamerica,rpm,1,1,1
a,oracleamerica,rpm-libs,1,1,1
a,oracleamerica,sed,1,1,1
a,oracleamerica,setup,1,1,1
a,oracleamerica,shadow-utils,1,1,1
a,oracleamerica,sqlite-libs,1,1,1
a,oracleamerica,systemd-libs,1,1,1
a,oracleamerica,tar,1,1,1
a,oracleamerica,tzdata,1,1,1
a,oracleamerica,xz,1,1,1
a,oracleamerica,xz-libs,1,1,1
a,oracleamerica,zlib,1,1,1
a,oracleamerica,zstd,1,1,1
a,oraclelinux-release,oraclelinux-release,1,1,1
a,oraclelinux-release-el9,oraclelinux-release-el9,1,1,1
a,p-map,p-map,1,1,1
a,pacote,pacote,1,1,1
a,pango1.0-tools,pango1.0-tools,1,1,1
a,parse-conflict-json,parse-conflict-json,1,1,1
a,passwd,passwd,7,3,7
a,patch,patch,2,2,2
a,path-scurry,path-scurry,1,1,1
a,perl,perl,3,2,3
a,perl-base,perl-base,7,3,7
a,perl-modules-5.36,perl-modules-5.36,1,1,1
a,perl-modules-5.40,perl-modules-5.40,2,1,2
a,pinentry-curses,pinentry-curses,3,2,3
a,pip_developers_\<distutils_sig_project,python-pip,2,2,2
a,pkg,term,1,1,1
a,pkg-config,pkg-config,1,1,1
a,pkgconf,pkgconf,2,2,2
a,pkgconf-bin,pkgconf-bin,2,2,2
a,postcss-selector-parser,postcss-selector-parser,1,1,1
a,postgresql-18,postgresql-18,1,1,1
a,postgresql-18-jit,postgresql-18-jit,1,1,1
a,postgresql-client-18,postgresql-client-18,1,1,1
a,postgresql-client-common,postgresql-client-common,1,1,1
a,postgresql-common,postgresql-common,1,1,1
a,proc-log,proc-log,1,1,1
a,procps,procps,4,3,4
a,proggy,proggy,1,1,1
a,promise-all-reject-late,promise-all-reject-late,1,1,1
a,promise-call-limit,promise-call-limit,1,1,1
a,promzard,promzard,1,1,1
a,publicsuffix-list-dafsa,publicsuffix-list-dafsa,1,1,1
a,pynacl_developers_\<cryptography_dev_project,python-pynacl,1,1,1
a,pyopenssl_developers_project,python-pyopenssl,1,1,1
a,python,urllib3,1,1,1
a,python-svg-py,python-svg-py,1,1,1
a,python-typing-extensions,python-typing-extensions,1,1,1
a,python3,python3,2,2,2
a,python3-distutils,python3-distutils,1,1,1
a,python3-lib2to3,python3-lib2to3,1,1,1
a,python3-minimal,python3-minimal,2,2,2
a,python3-packaging,python3-packaging,1,1,1
a,python3.11,python3.11,1,1,1
a,python3.11-minimal,python3.11-minimal,1,1,1
a,python3.13,python3.13,1,1,1
a,python3.13-minimal,python3.13-minimal,1,1,1
a,python_cryptographic_authority_developers_\<cryptography_dev_project,python-bcrypt,1,1,1
a,python_software_foundation,python,1,1,1
a,qrcode-terminal,qrcode-terminal,1,1,1
a,read,read,1,1,1
a,read-cmd-shim,read-cmd-shim,1,1,1
a,readline-common,readline-common,3,2,3
a,redhat-release,redhat-release,1,1,1
a,redislabs,redis,1,1,1
a,rpcsvc-proto,rpcsvc-proto,2,1,2
a,rust-coreutils,rust-coreutils,1,1,1
a,safer-buffer,safer-buffer,1,1,1
a,scanelf,scanelf,1,1,1
a,sed,sed,7,3,7
a,sensible-utils,sensible-utils,4,3,4
a,shared-mime-info,shared-mime-info,2,2,2
a,signal-exit,signal-exit,1,1,1
a,sigstore,sigstore,1,1,1
a,socks-proxy-agent,socks-proxy-agent,1,1,1
a,spdx-exceptions,spdx-exceptions,1,1,1
a,spdx-expression-parse,spdx-expression-parse,1,1,1
a,spdx-license-ids,spdx-license-ids,1,1,1
a,sq,sq,2,2,2
a,sqv,sqv,5,1,5
a,ssl-cert,ssl-cert,1,1,1
a,ssl-client,ssl-client,1,1,1
a,ssri_project,ssri,1,1,1
a,stuart_bishop_project,python-pytz,1,1,1
a,substack,archy,1,1,1
a,subversion,subversion,2,2,2
a,supports-color,supports-color,1,1,1
a,sysvinit-utils,sysvinit-utils,7,3,7
a,tar,tar,7,3,7
a,tar_project,tar,1,1,1
a,tcl,tcl,1,1,1
a,tcl-dev,tcl-dev,1,1,1
a,tcl8.6,tcl8.6,1,1,1
a,tcl8.6-dev,tcl8.6-dev,1,1,1
a,text-table,text-table,1,1,1
a,thecodrr,fdir,1,1,1
a,theupdateframework,\@tufjs\/models,1,1,1
a,theupdateframework,tuf-js,1,1,1
a,tianon,gosu,2,1,2
a,tiny-relative-date,tiny-relative-date,1,1,1
a,tinyglobby,tinyglobby,1,1,1
a,tk,tk,1,1,1
a,tk-dev,tk-dev,1,1,1
a,tk8.6,tk8.6,1,1,1
a,tk8.6-dev,tk8.6-dev,1,1,1
a,treeverse,treeverse,1,1,1
a,tzdata,tzdata,6,2,6
a,ubuntu-keyring,ubuntu-keyring,1,1,1
a,ucf,ucf,3,2,3
a,unzip,unzip,2,2,2
a,usr-is-merged,usr-is-merged,1,1,1
a,util-deprecate,util-deprecate,1,1,1
a,util-linux,util-linux,7,3,7
a,util-linux-extra,util-linux-extra,1,1,1
a,utils-shell-plugin,utils-shell-plugin,1,1,1
a,uuid-dev,uuid-dev,2,2,2
a,validate-npm-package-name,validate-npm-package-name,1,1,1
a,vercel,ms,1,1,1
a,walk-up-path,walk-up-path,1,1,1
a,wget,wget,2,2,2
a,which,which,1,1,1
a,write-file-atomic,write-file-atomic,1,1,1
a,x11-common,x11-common,2,2,2
a,x11proto-core-dev,x11proto-core-dev,1,1,1
a,x11proto-dev,x11proto-dev,2,2,2
a,xorg-sgml-doctools,xorg-sgml-doctools,2,1,2
a,xtrans-dev,xtrans-dev,2,1,2
a,xz-utils,xz-utils,3,2,3
a,yallist,yallist,2,2,1
a,yaml_project,yaml,1,1,1
a,yarn,yarn,1,1,1
a,zlib,zlib,1,1,1
a,zlib1g,zlib1g,7,3,7
a,zlib1g-dev,zlib1g-dev,2,2,2
a,zstd,zstd,1,1,1
o,oracle,linux,1,1,1
